id,target_shadow_path,canvas_size,prompt,hand_ink_rle,hand_bbox_json
1,train/shadows/000001.png,128,"A cleaned target silhouette shows the shadow figure from a historical hand-shadow instruction plate. Infer the expert hand-and-arm ink arrangement that produced that shadow. Submit hand_ink_rle as a 128 by 128 binary mask RLE of the hand/arm drawing, hand_bbox_json as normalized x/y/w/h of the ink mask, and confidence in [0,1].",2965:2 3093:1 3095:1 3206:3 3210:2 3219:4 3224:1 3334:2 3342:3 3347:5 3353:3 3463:3 3474:1 3477:1 3479:1 3593:3 3604:1 3607:1 3722:3 3733:1 3736:1 3851:3 3863:1 3982:2 4103:1 4105:1 4230:6 4363:5 5313:2 5444:2 5655:1 5782:1 5912:1 6037:1 6041:1 6167:2 6294:2 6415:2 6419:1 6422:1 6535:3 6543:1 6549:1 6663:2 6666:1 6670:2 6674:1 6676:2 6790:5 6797:2 6802:1 6804:1 6871:4 6918:6 6925:2 6929:1 6932:1 6999:4 7047:7 7059:1 7129:1 7174:1 7176:5 7184:1 7187:1 7257:1 7302:2 7305:3 7385:1 7431:4 7447:2 7513:1 7558:1 7561:1 7575:2 7641:1 7686:2 7689:1 7698:1 7769:1 7816:1 7826:1 7841:1 7897:1 7943:1 7954:1 7967:2 8025:1 8082:1 8094:3 8153:1 8198:1 8210:1 8221:1 8223:2 8281:1 8338:1 8350:3 8465:2 8474:1 8478:3 8536:1 8593:1 8595:6 8605:3 8664:1 8721:1 8723:3 8732:1 8734:2 8792:1 8849:1 8851:4 8861:3 8971:1 8979:8 8989:3 9099:1 9106:9 9118:1 9226:1 9233:5 9243:1 9245:2 9300:1 9303:2 9353:1 9361:1 9363:5 9370:2 9374:1 9428:1 9431:2 9480:2 9492:3 9496:3 9556:1 9608:1 9616:1 9621:3 9625:1 9629:1 9685:2 9735:2 9750:3 9863:2 9871:1 9880:1 9883:1 9990:2 9998:2 10118:2 10125:2 10245:3 10254:1 10373:3 10381:1 10501:2 10508:1 10629:2 10636:1 10757:2 10764:1 10885:2 10891:1 11013:2 11018:1 11141:1 11269:1 11272:1 14155:2 14162:1 14266:2 14269:1 14271:1 14273:2 14276:4 14281:3 14287:2 14392:4 14397:1 14399:4 14405:8 14415:2 14418:2,"{""x"":0.03906,""y"":0.17969,""w"":0.67188,""h"":0.70312}"
2,train/shadows/000002.png,128,"A cleaned target silhouette shows the shadow figure from a historical hand-shadow instruction plate. Infer the expert hand-and-arm ink arrangement that produced that shadow. Submit hand_ink_rle as a 128 by 128 binary mask RLE of the hand/arm drawing, hand_bbox_json as normalized x/y/w/h of the ink mask, and confidence in [0,1].",2631:3 2735:1 2755:1 2864:1 2882:1 2990:2 2995:1 3120:2 3126:1 3134:1 3248:1 3250:2 3256:1 3378:4 3508:2 3637:1 4270:1 4272:5 4398:2 4407:1 4409:1 4526:5 4655:1 4659:3 5202:3 5590:1 6236:2 8154:1 8283:1 8921:1 10600:1 10728:1 10856:1 11494:2 11621:1 11742:6 11997:1 12127:1 12248:1 12255:1 12282:1 12376:1 12382:1 12411:1 12498:1 12505:1 12512:1 12540:2 12627:1 12638:1 12640:4 12669:2 12750:1 12753:3 12766:1 12768:2 12771:5 12878:11 12891:13 13007:2 13010:17 13028:1 13134:1 13136:15 13152:5 13264:4 13271:1 13273:2 13276:1 13278:3 13393:1 13399:2 13519:1 13521:1 13523:4 13528:2 13647:3 13651:3 13658:1 13661:1 13793:4 13799:2 13911:4 14420:6 14538:2 14541:5 14547:6 14654:1 14666:7 14772:1 14774:2 14777:6 14900:4 14906:2 14909:1,"{""x"":0.35938,""y"":0.15625,""w"":0.63281,""h"":0.75781}"
3,train/shadows/000003.png,128,"A cleaned target silhouette shows the shadow figure from a historical hand-shadow instruction plate. Infer the expert hand-and-arm ink arrangement that produced that shadow. Submit hand_ink_rle as a 128 by 128 binary mask RLE of the hand/arm drawing, hand_bbox_json as normalized x/y/w/h of the ink mask, and confidence in [0,1].",962:3 1089:1 1091:3 1217:1 1220:3 1345:1 1348:4 1474:1 1476:1 1478:2 1602:1 1604:1 1606:3 1730:3 1734:3 1863:2 1992:2 2114:1 2242:1 2254:2 2369:1 2384:5 2496:2 2510:6 2517:4 2623:1 2625:1 2638:1 2640:2 2644:1 2646:3 2750:1 2752:1 2774:1 2776:1 2877:1 2880:1 2903:1 3005:1 3007:1 3032:1 3132:2 3135:1 3161:1 3260:2 3263:1 3288:2 3387:2 3390:2 3416:1 3418:1 3514:1 3518:1 3545:2 3646:1 3675:2 3769:1 3773:1 3802:3 3895:2 3899:2 3930:4 4023:1 4026:1 4059:3 4150:1 4154:1 4188:3 4277:1 4281:1 4317:2 4406:2 4444:3 4533:1 4572:2 4661:1 4701:1 4788:2 4822:1 4827:2 4916:1 4949:1 5044:1 5077:1 5171:2 5205:1 5299:2 5333:1 5427:2 5461:1 5555:3 5586:1 5589:2 5683:3 5714:1 5717:2 5811:3 5841:1 5843:4 5939:2 5969:7 6060:1 6066:4 6096:1 6098:6 6186:4 6194:3 6224:7 6313:4 6318:1 6322:3 6352:7 6439:7 6447:1 6450:3 6479:6 6565:2 6569:7 6577:2 6606:3 6610:3 6622:2 6690:4 6695:14 6732:7 6749:1 6752:2 6817:2 6822:2 6825:1 6827:2 6830:6 6859:6 6880:4 6947:8 6958:6 6985:4 6990:2 7009:5 7015:1 7070:8 7079:2 7087:5 7110:5 7116:1 7139:7 7195:3 7200:4 7205:2 7215:5 7236:5 7269:7 7320:3 7324:5 7330:1 7332:1 7335:1 7343:4 7363:4 7368:1 7402:5 7450:8 7472:3 7489:4 7496:1 7533:2 7574:10 7600:3 7614:7 7662:1 7701:1 7703:1 7706:1 7730:2 7740:8 7828:4 7858:1 7860:4 7867:7 7952:8 7987:3 7991:11 8071:16 8109:6 8116:2 8119:7 8128:1 8198:1 8204:4 8209:6 8234:7 8242:2 8245:1 8247:6 8255:1 8295:2 8334:2 8338:1 8342:1 8358:14 8373:1 8375:8 8422:2 8425:1 8470:1 8481:18 8501:1 8503:7 8548:7 8598:1 8609:2 8612:5 8630:6 8675:7 8683:1 8726:1 8732:6 8739:7 8758:6 8803:7 8811:1 8853:2 8857:3 8863:1 8865:1 8867:1 8887:5 8931:2 8935:1 8937:3 8981:7 8994:2 9015:3 9020:1 9061:3 9066:1 9105:10 9122:2 9143:1 9145:3 9194:1 9232:1 9241:1 9250:2 9271:1 9273:2 9355:5 9368:1 9378:2 9400:3 9505:3 9528:3 9632:4 9656:1 9658:1 9760:2 9763:1 9784:1 9786:1 9812:1 9887:3 9891:1 9912:1 9915:1 9939:2 10016:1 10019:1 10042:3 10065:1 10068:1 10148:1 10170:1 10172:1 10193:1 10276:1 10404:1 10532:1 10574:1 10583:1 10660:1 10696:3 10701:1 10710:3 10788:1 10827:3 10831:4 10837:2 10840:4 10854:1 10916:1 10965:2 10972:1 10983:1 10991:1 11044:1 11101:2 11113:2 11118:1 11173:1 11230:11 11243:3 11301:1 11429:1 11557:1 12309:1 12438:1 12566:1 12694:1 12822:1 12950:1 13841:1 13969:2 14098:2 14226:2 14354:2 14481:2 14605:4,"{""x"":0.04688,""y"":0.05469,""w"":0.82812,""h"":0.84375}"
4,train/shadows/000004.png,128,"A cleaned target silhouette shows the shadow figure from a historical hand-shadow instruction plate. Infer the expert hand-and-arm ink arrangement that produced that shadow. Submit hand_ink_rle as a 128 by 128 binary mask RLE of the hand/arm drawing, hand_bbox_json as normalized x/y/w/h of the ink mask, and confidence in [0,1].",2491:4 2497:8 2511:1 2625:9 2640:1 2761:1 2763:1 2768:2 2870:4 2888:1 2892:1 2897:1 2995:2 2998:7 3006:1 3017:2 3026:1 3122:3 3129:9 3155:1 3250:2 3258:11 3380:1 3387:1 3389:7 3411:1 3519:1 4437:1 4566:1 4695:1 4952:1 5081:1 5821:1 8044:1 10062:1 12139:1 12266:1 12393:1 12767:2 12895:2 13023:3 13151:5 13278:4 13406:4 13535:3 13663:1 13665:1 13792:2 13920:2 14048:2 14176:2,"{""x"":0.39062,""y"":0.14844,""w"":0.46094,""h"":0.71875}"
5,train/shadows/000005.png,128,"A cleaned target silhouette shows the shadow figure from a historical hand-shadow instruction plate. Infer the expert hand-and-arm ink arrangement that produced that shadow. Submit hand_ink_rle as a 128 by 128 binary mask RLE of the hand/arm drawing, hand_bbox_json as normalized x/y/w/h of the ink mask, and confidence in [0,1].",2364:2 2492:1 2495:1 2508:3 2621:1 2623:2 2638:1 2749:1 2752:1 2763:1 2766:1 2877:1 2880:1 2895:1 3005:1 3008:2 3018:1 3022:2 3132:1 3136:3 3150:3 3265:2 3278:2 3388:1 3394:1 3402:1 3407:1 3521:2 3529:1 3534:2 3643:1 3649:1 3661:3 3771:1 3777:1 3784:1 3787:5 3904:2 3911:1 3915:4 4026:1 4032:2 4038:1 4042:4 4160:2 4169:6 4281:1 4287:3 4292:1 4298:4 4409:1 4415:3 4426:1 4428:1 4536:1 4543:2 4554:1 4663:1 4670:3 4674:1 4682:2 4690:1 4790:2 4797:3 4801:1 4807:4 4812:5 4917:1 4926:2 4931:2 4934:6 5043:1 5052:3 5181:6 5297:1 5422:2 5430:1 5456:1 5547:2 5555:3 5581:2 5584:4 5673:2 5708:8 5828:16 5926:3 5935:1 5958:15 6051:3 6087:7 6097:5 6176:2 6217:6 6227:2 6230:1 6346:2 6350:3 6406:1 6429:3 6481:1 6535:1 6556:1 6559:1 6610:2 6664:1 6682:2 6739:2 6789:1 6793:2 6810:3 6868:1 6923:2 6927:5 6936:2 7052:3 7056:3 7060:2 7063:1 7134:1 7173:1 7181:4 7187:4 7263:2 7309:2 7315:2 7318:1 7393:1 7429:1 7443:1 7557:1 7620:2 7685:1 7699:1 7748:3 7813:1 7827:1 7877:3 7941:1 7956:1 8005:7 8013:1 8068:2 8083:2 8135:7 8200:1 8212:1 8265:8 8326:1 8340:1 8396:6 8457:1 8468:1 8528:3 8585:1 8596:1 8655:4 8660:4 8713:1 8724:1 8793:1 8841:2 8852:2 8923:2 8967:1 8969:2 8981:1 9097:3 9110:1 9238:2 9273:3 9355:2 9366:2 9401:3 9483:2 9495:1 9610:2 9623:1 9739:1 9752:1 9867:3 9880:1 9995:1 9997:1 10123:1 10251:1 10253:3 10379:5 10508:4 10636:4 10765:4 10893:4 11020:1 11023:3 11149:6 11277:2 11280:4 11407:5 11536:5 11664:1 11666:3 11791:1 11794:3 11800:2 11920:1 11922:4 11927:2 12047:2 12051:3 12055:1 12176:1 12180:2 12304:4 12309:2 12434:1 12562:1 12688:2 12816:2 12945:1 13071:1 13199:1 13325:2 14351:2 14483:2 14607:1 14611:2 14735:1 14739:2 14862:1 14866:3 14989:1 14995:1 15122:1 15250:1 15378:1 15505:1,"{""x"":0.03125,""y"":0.14062,""w"":0.73438,""h"":0.8125}"
6,train/shadows/000006.png,128,"A cleaned target silhouette shows the shadow figure from a historical hand-shadow instruction plate. Infer the expert hand-and-arm ink arrangement that produced that shadow. Submit hand_ink_rle as a 128 by 128 binary mask RLE of the hand/arm drawing, hand_bbox_json as normalized x/y/w/h of the ink mask, and confidence in [0,1].",2831:2 2958:4 3086:4 3182:2 3214:4 3309:4 3340:4 3437:4 3470:3 3563:4 3597:4 3690:5 3724:4 3817:6 3852:2 3855:1 3945:3 3949:2 3980:2 4025:1 4073:1 4078:1 4107:2 4152:2 4234:2 4279:3 4361:3 4407:2 4489:2 4536:1 4617:2 4657:4 4785:3 4910:2 4913:3 5038:2 5041:2 5164:4 5291:3 5418:3 5545:3 5671:3 5799:3 5926:3 6055:1 9405:2 9533:5 9662:5 9670:1 9791:11 9915:19 10021:8 10032:3 10041:26 10144:38 10183:13 10269:35 10317:9 10395:32 10448:8 10523:10 10542:2 10548:4 10579:6 10651:6 10709:5 10838:5 10845:2 10967:5 10973:2 11096:6 11225:7 11236:3 11354:8 11363:4 11482:9 11492:3 11612:8 11745:5 11874:4 12002:5 12015:3 12132:6 12142:4 12260:7 12270:4 12389:13 12518:12 12647:10 12776:1 12778:6 12908:1,"{""x"":0.07031,""y"":0.17188,""w"":0.82031,""h"":0.61719}"
8,train/shadows/000008.png,128,"A cleaned target silhouette shows the shadow figure from a historical hand-shadow instruction plate. Infer the expert hand-and-arm ink arrangement that produced that shadow. Submit hand_ink_rle as a 128 by 128 binary mask RLE of the hand/arm drawing, hand_bbox_json as normalized x/y/w/h of the ink mask, and confidence in [0,1].",3147:2 3270:3 3274:1 3276:3 3394:3 3400:5 3409:2 3519:3 3524:5 3536:8 3545:2 3548:1 3615:6 3624:1 3642:3 3648:3 3669:1 3672:1 3677:1 3734:2 3737:3 3742:1 3747:1 3753:22 3776:1 3800:7 3849:5 3855:1 3859:2 3888:1 3913:1 3932:3 3941:1 3981:1 3983:3 4040:14 4055:1 4057:5 4065:3 4109:1 4111:2 4166:22 4190:3 4199:1 4237:1 4239:1 4293:21 4316:1 4329:2 4365:1 4367:1 4413:2 4420:5 4439:4 4449:1 4452:2 4459:1 4493:1 4495:1 4541:1 4548:3 4572:3 4576:2 4579:3 4621:1 4623:1 4669:2 4675:2 4704:3 4708:5 4798:2 4802:2 4837:2 4840:1 4842:1 4926:5 4967:4 5054:5 5096:3 5182:1 5185:1 5302:1 5312:2 5431:1 5439:1 5441:1 5559:1 5568:2 5687:2 5697:2 5711:1 5816:3 5825:2 5840:7 5944:4 5971:9 6072:5 6100:9 6201:5 6231:7 6329:5 6360:6 6458:4 6489:5 6541:1 6587:2 6619:4 6716:2 6749:1 6840:1 6844:2 6878:1 6880:1 6972:2 7010:1 7100:2 7138:1 7180:1 7225:4 7265:1 7308:1 7350:6 7436:1 7475:7 7564:1 7597:1 7602:5 7692:1 7728:5 7855:5 7869:2 7981:3 7985:1 7988:10 8024:1 8110:1 8115:10 8152:1 8240:3 8245:3 8283:2 8368:1 8371:3 8411:1 8477:2 8497:3 8537:3 8595:2 8605:3 8609:3 8727:2 8735:1 8737:3 8864:1 8866:2 8986:2 8995:2 9117:3 9123:1 9250:2 12774:1 12881:2 12884:2 12887:1 12889:1 12891:4 12897:1 12899:3 12904:1 12907:1 13009:2 13012:2 13015:1 13017:1 13019:1 13021:1 13024:2 13027:1 13029:1 13034:1 13135:1 13137:2 13141:3 13146:1 13149:6 13156:1 13162:3 13289:3,"{""x"":0.07031,""y"":0.1875,""w"":0.78125,""h"":0.625}"
9,train/shadows/000009.png,128,"A cleaned target silhouette shows the shadow figure from a historical hand-shadow instruction plate. Infer the expert hand-and-arm ink arrangement that produced that shadow. Submit hand_ink_rle as a 128 by 128 binary mask RLE of the hand/arm drawing, hand_bbox_json as normalized x/y/w/h of the ink mask, and confidence in [0,1].",684:1 686:1 812:1 814:1 941:2 1066:1 1069:2 1194:1 1198:2 1322:1 1326:2 1455:2 1579:1 1584:1 1707:1 1712:1 1836:1 1842:1 1964:2 1970:1 2076:3 2093:1 2099:1 2206:1 2208:1 2210:7 2220:1 2227:2 2331:2 2345:2 2355:2 2460:3 2475:3 2484:1 2589:10 2606:1 2611:2 2718:11 2740:1 2852:4 2858:1 2862:1 2868:2 2984:3 2990:1 2996:2 3112:3 3118:1 3124:2 3241:2 3253:2 3369:3 3381:2 3495:1 3497:3 3503:1 3509:5 3622:6 3630:1 3636:2 3640:4 3747:2 3750:2 3753:3 3758:1 3764:2 3771:1 3873:1 3878:1 3881:3 3885:2 3891:3 3999:1 4005:1 4010:1 4012:3 4020:3 4126:1 4132:1 4139:4 4148:5 4260:1 4267:3 4277:3 4380:1 4384:1 4386:3 4395:3 4405:3 4512:4 4520:6 4533:4 4635:1 4640:5 4648:7 4662:2 4761:2 4765:6 4773:9 4790:2 4887:2 4892:7 4903:6 5014:1 5016:1 5020:7 5032:5 5141:1 5147:9 5159:5 5268:1 5271:1 5274:9 5284:1 5287:6 5394:2 5402:10 5415:6 5521:1 5526:1 5529:10 5540:1 5543:6 5657:2 5660:6 5668:1 5671:6 5776:1 5781:2 5784:3 5789:5 5795:1 5799:6 5903:1 5912:2 5917:7 5927:5 6030:1 6035:4 6044:2 6047:2 6050:1 6054:6 6158:1 6173:3 6183:3 6286:1 6301:3 6310:4 6414:1 6429:2 6439:3 6541:1 6558:1 6566:3 6669:1 6686:1 6694:4 6797:1 6814:1 6823:2 6924:1 6941:1 6950:2 6962:2 6967:1 7052:1 7069:1 7090:2 7197:1 7307:1 7324:1 7433:2 7452:1 7560:3 7579:3 7688:3 7699:10 7815:4 7828:2 7831:7 7943:4 7954:1 7956:10 8071:2 8074:1 8082:1 8084:1 8086:9 8199:2 8203:1 8211:2 8214:1 8216:7 8329:1 8332:1 8339:2 8342:1 8345:6 8456:1 8461:1 8467:1 8470:9 8581:1 8584:1 8589:1 8593:1 8599:7 8709:1 8718:1 8726:7 8837:1 8843:1 8848:1 8854:4 8860:1 8974:1 8982:6 9100:1 9104:1 9106:7 9228:2 9231:3 9235:3 9239:2 9357:1 9361:1 9363:5 9485:1 9488:7 9616:1 9618:2 9641:1 9743:5 9750:1 9768:3 9870:5 9895:4 9998:4 10003:1 10006:1 10021:4 10126:4 10135:1 10147:5 10255:1 10257:1 10264:1 10273:1 10275:4 10385:1 10393:1 10401:6 10522:1 10529:5 10656:5 10779:1 10783:6 10908:2 10911:5 11037:8 11167:5 11296:4 11425:5 11556:1 11677:9 11806:8 11935:5 12061:2 12064:4 12189:6 12317:5 12443:3 12447:3 12570:6 12696:7 12823:4 12828:3 12953:5 13080:5 13205:3 13209:4 13333:7 13459:1 13462:1 13464:1 13587:5 13594:1,"{""x"":0.03906,""y"":0.03906,""w"":0.42969,""h"":0.79688}"
11,train/shadows/000011.png,128,"A cleaned target silhouette shows the shadow figure from a historical hand-shadow instruction plate. Infer the expert hand-and-arm ink arrangement that produced that shadow. Submit hand_ink_rle as a 128 by 128 binary mask RLE of the hand/arm drawing, hand_bbox_json as normalized x/y/w/h of the ink mask, and confidence in [0,1].",3659:1 3662:3 3668:1 3785:2 3794:2 3911:2 4036:2 4180:1 4290:1 4301:3 4307:1 4310:2 4415:2 4441:1 4541:1 4553:2 4668:1 4678:2 4795:1 4803:2 4922:1 4929:2 5050:1 5055:1 5177:1 5182:1 5304:2 5432:1 5444:1 5448:2 5559:1 5686:1 5813:1 5940:1 6195:1 6216:3 6224:3 6322:1 6343:1 6470:1 6577:1 6625:1 6705:1 6753:1 6832:1 6881:1 6959:1 6996:1 7011:1 7086:1 7140:2 7213:1 7264:1 7269:1 7329:2 7339:1 7452:5 7461:2 7466:1 7582:3 7586:3 7591:1 7719:2 7836:1 7848:3 7962:2 7965:1 7976:3 8093:1 8105:3 8211:8 8220:2 8233:3 8337:1 8341:3 8347:1 8349:1 8361:3 8463:1 8472:4 8478:1 8490:2 8590:1 8596:5 8605:2 8618:3 8715:2 8720:2 8747:2 8768:3 8843:5 8855:1 8875:4 8892:1 8895:2 8969:1 8982:1 9005:2 9020:4 9110:1 9120:1 9133:3 9143:7 9185:1 9236:1 9248:1 9262:3 9271:5 9311:2 9363:1 9373:1 9390:4 9399:5 9437:3 9490:1 9500:1 9505:1 9519:5 9525:5 9556:1 9559:9 9617:1 9628:1 9630:1 9633:1 9647:10 9678:9 9744:1 9759:1 9776:9 9802:13 9816:2 9883:1 9888:1 9890:1 9904:9 9931:12 9945:1 9952:1 9999:1 10011:1 10016:3 10033:8 10059:8 10068:2 10073:1 10126:1 10140:1 10147:2 10161:8 10187:6 10197:1 10199:8 10254:1 10267:1 10269:1 10276:1 10289:9 10311:7 10326:2 10395:2 10418:3 10422:1 10424:2 10437:8 10456:1 10523:2 10546:1 10548:3 10564:4 10584:1 10651:2 10675:2 10678:1 10692:2 10778:3 10803:2 10906:2 10914:1 10931:1 11033:2 11161:2 11417:1 11545:1 11672:1 12579:1 12706:1 12834:1,"{""x"":0.07031,""y"":0.21875,""w"":0.72656,""h"":0.57031}"
12,train/shadows/000012.png,128,"A cleaned target silhouette shows the shadow figure from a historical hand-shadow instruction plate. Infer the expert hand-and-arm ink arrangement that produced that shadow. Submit hand_ink_rle as a 128 by 128 binary mask RLE of the hand/arm drawing, hand_bbox_json as normalized x/y/w/h of the ink mask, and confidence in [0,1].",2340:1 2342:1 2470:2 2598:2 2726:2 2855:2 2984:2 3108:1 3113:1 3236:1 3241:2 3365:1 3371:1 3494:1 3499:2 3622:1 3628:2 3743:1 3750:1 3757:2 3864:5 3871:1 3876:2 3879:1 3886:1 3990:1 4007:1 4013:2 4119:2 4122:1 4124:4 4136:1 4141:2 4248:12 4264:1 4270:1 4379:9 4389:1 4392:1 4398:2 4514:4 4520:1 4526:2 4643:2 4654:2 4772:2 4782:7 4900:3 4910:3 4917:1 5026:1 5028:3 5033:1 5038:3 5153:2 5156:3 5161:1 5166:3 5170:1 5278:1 5281:6 5288:2 5294:5 5403:1 5408:1 5413:1 5415:3 5425:2 5530:1 5536:1 5542:4 5552:2 5657:1 5670:3 5680:3 5788:4 5795:6 5808:3 5912:1 5916:4 5924:5 5936:3 6039:1 6043:5 6052:5 6170:7 6178:7 6293:1 6295:1 6298:6 6308:5 6420:2 6424:8 6436:5 6551:9 6563:6 6673:1 6676:1 6679:8 6688:1 6691:6 6800:1 6807:10 6819:6 6927:1 6931:1 6934:9 6944:1 6947:6 7054:1 7059:1 7062:2 7065:5 7071:1 7076:5 7186:2 7189:2 7193:7 7203:5 7309:1 7316:2 7323:3 7332:4 7437:1 7442:3 7450:4 7460:3 7565:1 7579:2 7588:3 7692:1 7707:1 7716:3 7820:2 7835:2 7844:3 7855:1 7859:2 7948:1 7963:1 7972:1 7983:1 8075:1 8091:1 8203:1 8219:1 8331:1 8347:1 8475:1 8586:1 8603:1 8714:1 8731:1 8840:3 8851:3 8857:3 8968:3 8978:11 9095:3 9105:6 9112:5 9223:1 9225:1 9233:1 9235:1 9237:8 9351:1 9362:2 9365:1 9367:6 9479:2 9482:1 9490:2 9493:1 9495:6 9607:2 9611:1 9618:1 9621:1 9623:1 9625:2 9628:1 9735:3 9746:1 9750:6 9862:2 9865:1 9870:1 9879:3 9883:1 9990:1 9995:1 10006:4 10124:1 10129:2 10135:3 10255:2 10258:7 10381:1 10383:3 10387:5 10408:1 10509:1 10512:7 10535:3 10641:3 10662:4 10767:5 10774:1 10790:3 10895:5 10917:3 11023:5 11043:4 11149:1 11151:5 11170:5 11280:4 11289:1 11298:4 11418:1 11424:6 11547:1 11550:7 11676:1 11678:6 11806:7 11936:6 12066:5 12197:1 12324:3 12448:7 12575:7 12703:6 12831:5 12958:6 13085:6 13212:6 13339:3 13343:2 13469:4 13594:4 13599:1 13721:3 13725:2 13848:5 13854:1 13975:7 14102:2 14105:3 14231:4,"{""x"":0.04688,""y"":0.14062,""w"":0.375,""h"":0.73438}"
13,train/shadows/000013.png,128,"A cleaned target silhouette shows the shadow figure from a historical hand-shadow instruction plate. Infer the expert hand-and-arm ink arrangement that produced that shadow. Submit hand_ink_rle as a 128 by 128 binary mask RLE of the hand/arm drawing, hand_bbox_json as normalized x/y/w/h of the ink mask, and confidence in [0,1].",2492:2 2621:1 2750:1 3120:2 3247:1 3249:2 3268:1 3396:1 3526:1 3783:1 3911:1 4126:1 4239:1 4242:3 4248:3 4254:1 4367:1 4376:3 4383:1 4411:4 4496:1 4511:1 4539:4 4666:2 4797:7 4930:1 5041:4 5055:5 5172:1 5297:6 5556:2 6734:2 6862:2 6990:2 7118:3 7246:4 7266:1 7374:4 7394:1 7496:1 7499:1 7502:1 7521:1 7624:1 7627:1 7648:4 7776:2 7779:2 7880:2 7884:1 7908:3 8007:2 8037:3 8136:2 8166:3 8265:1 8295:2 8393:1 8424:3 8521:1 8553:3 8650:2 8682:2 8778:2 8811:1 8907:1 9035:2 9164:1 9292:2 9412:2 9421:1 9541:1 9549:2 9669:2 9678:2 9798:2 9806:3 9936:1 10064:2 10193:2,"{""x"":0.11719,""y"":0.14844,""w"":0.72656,""h"":0.47656}"
14,train/shadows/000014.png,128,"A cleaned target silhouette shows the shadow figure from a historical hand-shadow instruction plate. Infer the expert hand-and-arm ink arrangement that produced that shadow. Submit hand_ink_rle as a 128 by 128 binary mask RLE of the hand/arm drawing, hand_bbox_json as normalized x/y/w/h of the ink mask, and confidence in [0,1].",4336:2 4462:2 4588:2 4591:1 4595:1 4597:4 4714:2 4722:6 4729:1 4841:3 4850:3 4857:1 4891:3 4895:3 4967:4 4976:4 4984:1 5014:10 5025:1 5093:2 5096:1 5098:1 5100:1 5103:4 5142:1 5217:5 5223:1 5229:5 5239:1 5271:2 5275:1 5277:1 5280:1 5288:1 5343:8 5356:5 5366:1 5399:9 5409:1 5469:2 5473:3 5482:5 5488:1 5527:17 5553:1 5595:4 5600:1 5602:1 5604:1 5608:5 5619:2 5622:1 5652:23 5721:5 5727:1 5733:7 5741:1 5746:3 5751:1 5777:3 5781:1 5783:3 5790:1 5792:15 5847:7 5860:4 5865:2 5872:3 5878:1 5905:1 5907:1 5924:2 5927:1 5929:5 5935:1 5973:8 5988:3 5999:3 6006:1 6033:1 6035:2 6039:1 6043:1 6056:6 6099:5 6113:6 6126:4 6133:1 6162:12 6180:1 6187:2 6226:4 6239:9 6253:3 6290:1 6299:1 6302:7 6316:1 6354:1 6356:1 6365:4 6371:1 6373:1 6376:1 6380:4 6418:1 6428:1 6431:9 6471:1 6493:4 6507:3 6515:1 6546:1 6555:2 6565:5 6571:1 6582:1 6599:1 6619:1 6622:2 6632:5 6638:1 6642:1 6675:11 6695:3 6699:1 6727:1 6751:1 6758:6 6806:2 6810:7 6825:1 6836:1 6854:1 6883:1 6885:4 6890:1 6894:1 6896:4 6934:1 6942:5 6963:1 6965:2 6982:2 7009:8 7021:1 7023:4 7062:1 7065:4 7071:5 7092:2 7111:1 7136:6 7143:1 7150:2 7154:1 7191:5 7201:6 7218:1 7220:2 7239:1 7265:3 7275:1 7277:2 7281:1 7324:1 7329:1 7332:5 7347:2 7367:1 7393:1 7402:1 7404:3 7453:1 7457:1 7461:3 7475:2 7508:1 7531:3 7536:1 7582:2 7590:2 7602:1 7605:1 7636:1 7656:6 7663:1 7713:2 7718:1 7727:1 7764:1 7769:1 7783:5 7791:1 7843:2 7846:1 7857:1 7879:2 7892:1 7897:1 7907:1 7910:4 7918:1 7973:2 7985:1 7988:1 8007:2 8020:1 8036:6 8045:1 8102:2 8118:1 8135:2 8163:2 8172:1 8231:1 8237:1 8264:1 8282:1 8292:1 8299:1 8364:1 8392:1 8419:2 8489:3 8520:2 8552:1 8618:2 8649:1 8667:1 8679:1 8747:2 8777:1 8806:1 8875:2 8905:1 8931:2 9004:3 9033:1 9058:2 9133:2 9184:3 9262:2 9290:1 9311:2 9378:1 9391:3 9438:1 9506:1 9519:3 9566:1 9631:1 9675:1 9692:1 9777:1 9803:1 9817:2 9905:2 9931:1 9944:3 10034:1 10060:1 10072:1 10587:1 10687:2 10716:1 10844:1 11176:3 11303:3 11430:3 11558:2 11564:1 11691:2 11818:3 12466:1 12593:1 12595:1 12723:1,"{""x"":0.13281,""y"":0.25781,""w"":0.82031,""h"":0.52344}"
17,train/shadows/000017.png,128,"A cleaned target silhouette shows the shadow figure from a historical hand-shadow instruction plate. Infer the expert hand-and-arm ink arrangement that produced that shadow. Submit hand_ink_rle as a 128 by 128 binary mask RLE of the hand/arm drawing, hand_bbox_json as normalized x/y/w/h of the ink mask, and confidence in [0,1].",2374:2 2500:2 2627:3 2632:1 2755:1 2757:1 2760:1 2883:1 2885:1 3011:1 3013:1 3138:2 3141:2 3266:2 3272:2 3394:2 3401:1 3403:9 3522:2 3529:1 3531:5 3538:3 3649:4 3656:3 3668:2 3775:2 3788:1 3798:2 3902:1 3904:3 3916:1 4029:1 4031:1 4043:1 4045:1 4056:1 4156:1 4173:1 4179:1 4184:1 4284:1 4297:2 4302:1 4307:2 4312:1 4412:1 4425:2 4430:1 4434:1 4440:2 4540:1 4543:1 4546:1 4553:2 4558:4 4568:2 4666:3 4671:1 4682:1 4686:2 4696:2 4789:9 4799:1 4810:1 4815:1 4824:3 4925:1 4927:1 4938:1 4944:1 4952:1 4954:1 5041:2 5053:1 5071:2 5164:2 5180:2 5184:1 5200:1 5210:2 5287:1 5290:1 5300:1 5308:2 5312:1 5328:1 5338:2 5415:2 5428:1 5431:7 5439:2 5465:3 5544:1 5556:5 5563:3 5585:1 5595:1 5673:1 5683:1 5722:3 5802:8 5852:1 5933:1 5938:1 5945:2 5967:1 5979:2 6067:1 6071:4 6095:1 6098:1 6107:2 6196:7 6236:1 6318:2 6352:1 6355:1 6364:1 6449:1 6480:1 6483:1 6492:1 6621:1 6748:2 6876:2 7005:1 7133:1 7260:2 7389:1 7517:1 7645:1 7899:1 8028:1 8156:1 8283:3 8411:3 8541:2 8668:5 8797:2 8800:2 8902:1 8910:1 8926:5 8933:3 9030:1 9037:2 9055:4 9062:3 9159:1 9174:2 9183:4 9189:1 9191:2 9287:2 9303:2 9311:3 9317:1 9319:3 9416:1 9432:1 9439:2 9446:1 9448:2 9545:4 9567:1 9574:1 9576:3 9675:2 9690:1 9695:1 9703:1 9706:2 9823:2 9834:3 9947:1 9951:1 9961:5 10078:1 10089:1 10092:3 10206:1 10217:1 10221:1 10223:1 10226:1 10333:1 10342:1 10345:1 10348:1 10350:1 10352:1 10357:1 10460:2 10470:1 10473:1 10476:1 10482:1 10587:1 10598:1 10604:1 10611:1 10714:1 10716:1 10725:2 10729:1 10735:1 10737:1 10740:1 10841:1 10843:1 10853:2 10857:1 10863:1 10869:1 10953:1 10971:1 10980:3 10985:1 11080:1 11098:1 11108:3 11113:1 11120:1 11237:2 11241:1 11248:1 11335:1 11353:1 11365:2 11369:1 11462:1 11465:2 11480:1 11494:1 11497:1 11505:1 11590:1 11592:2 11625:1 11718:1 11721:1 11753:1 11848:1 11890:1 11975:1 12018:1 12103:1 12146:1 12229:2 12258:1 12264:1 12357:1 12367:1 12386:1 12392:1 12485:1 12514:2 12520:1 12643:1 12648:1 12777:1 12870:1 12888:1 12905:1 12999:1 13012:1 13128:1 13141:2 13147:1 13257:1 13269:2 13276:1 13386:1 13397:3 13405:1 13414:1 13515:1 13524:6 13542:1 13544:1 13642:3 13652:7 13672:1 13770:4 13780:2 13783:6 13800:1 13898:2 13901:2 13908:1 13912:7 13925:1 13927:1 14026:2 14029:3 14035:5 14041:1 14043:2 14049:1 14054:2 14154:3 14158:2 14163:2 14166:1 14169:1 14171:1 14180:1 14183:1 14284:4 14297:1 14411:6 14418:1 14541:4 14546:1 14671:2 14798:4 14927:1,"{""x"":0.30469,""y"":0.14062,""w"":0.61719,""h"":0.77344}"
18,train/shadows/000018.png,128,"A cleaned target silhouette shows the shadow figure from a historical hand-shadow instruction plate. Infer the expert hand-and-arm ink arrangement that produced that shadow. Submit hand_ink_rle as a 128 by 128 binary mask RLE of the hand/arm drawing, hand_bbox_json as normalized x/y/w/h of the ink mask, and confidence in [0,1].",2624:1 2634:2 2742:8 2751:6 2764:1 2886:1 2892:1 3015:1 3021:1 3139:3 3144:1 3149:1 3251:4 3256:2 3270:1 3278:1 3374:1 3376:11 3388:2 3407:1 3501:6 3509:10 3629:4 3639:1 3642:7 3758:1 3760:1 4305:1 4434:1 4562:2 4691:1 4821:1 6074:1 7531:1 10063:1 11885:1 12012:1 12642:1 12771:1 12899:5 13027:4 13155:4 13283:4 13411:4 13540:3 13668:3 13796:2 13925:2 14053:1,"{""x"":0.35156,""y"":0.15625,""w"":0.50781,""h"":0.70312}"
19,train/shadows/000019.png,128,"A cleaned target silhouette shows the shadow figure from a historical hand-shadow instruction plate. Infer the expert hand-and-arm ink arrangement that produced that shadow. Submit hand_ink_rle as a 128 by 128 binary mask RLE of the hand/arm drawing, hand_bbox_json as normalized x/y/w/h of the ink mask, and confidence in [0,1].",3352:2 3479:1 3481:2 3607:2 3610:2 3614:1 3736:2 3741:1 3743:2 3864:3 3873:3 3993:3 4003:2 4124:2 4127:1 4135:2 4146:2 4149:1 4253:4 4264:2 4275:1 4277:1 4382:5 4394:2 4401:2 4406:1 4500:3 4513:4 4525:1 4529:3 4534:1 4632:4 4642:6 4654:1 4657:4 4764:2 4767:4 4772:4 4783:2 4786:3 4791:1 4897:4 4902:4 4913:8 5026:1 5028:7 5036:1 5042:5 5048:1 5160:6 5175:3 5290:4 5305:2 5422:2 5435:1 5551:5 5557:1 5565:1 5684:1 5686:1 5694:2 5824:2 5941:2 5954:2 6067:2 6083:2 6213:2 6341:1 6343:1 6464:2 6471:2 6602:1 6604:1 6733:1 6863:1 6868:4 6992:1 6995:1 7001:5 7121:2 7134:2 7250:1 7257:1 7264:2 7387:3 7393:1 7505:1 7509:3 7518:7 7633:1 7636:4 7645:3 7650:4 7760:1 7763:2 7774:8 7888:1 7890:3 7902:9 8017:3 8028:2 8031:8 8107:3 8143:4 8154:2 8158:4 8164:3 8232:2 8235:7 8271:2 8280:1 8285:4 8290:2 8293:2 8358:12 8371:1 8399:2 8407:1 8412:3 8416:2 8419:1 8422:2 8483:18 8526:2 8533:3 8540:2 8543:1 8545:2 8548:1 8553:1 8608:9 8622:8 8654:1 8659:3 8667:5 8675:1 8677:1 8682:3 8735:1 8738:3 8753:8 8762:1 8781:1 8786:3 8795:2 8800:2 8804:4 8813:2 8862:3 8887:2 8890:1 8922:2 8926:1 8931:1 8933:1 8936:1 8990:1 9018:1 9036:1 9056:1 9062:2 9065:1 9067:1 9163:2 9192:1 9194:2 9322:1 9324:1 10386:1 10512:2 10640:1 10644:1 10646:3 10773:3 10900:3 11028:2 11156:1 11334:1 11461:1 11718:1 11845:1 11972:1 11986:2 12098:2 12874:1 13257:1 13636:1 13764:1,"{""x"":0.125,""y"":0.20312,""w"":0.74219,""h"":0.64062}"
20,train/shadows/000020.png,128,"A cleaned target silhouette shows the shadow figure from a historical hand-shadow instruction plate. Infer the expert hand-and-arm ink arrangement that produced that shadow. Submit hand_ink_rle as a 128 by 128 binary mask RLE of the hand/arm drawing, hand_bbox_json as normalized x/y/w/h of the ink mask, and confidence in [0,1].",4623:4 4745:3 4750:1 4753:1 4755:2 4873:6 4885:2 4888:1 4955:4 5005:3 5014:4 5083:1 5085:6 5095:1 5129:1 5133:5 5142:1 5146:2 5220:1 5223:1 5258:1 5263:4 5273:1 5275:3 5341:1 5350:2 5393:3 5397:1 5404:6 5462:1 5468:1 5471:5 5477:1 5517:1 5522:5 5528:1 5534:5 5590:11 5602:6 5652:6 5661:1 5666:3 5709:2 5717:23 5774:2 5777:1 5781:8 5791:1 5794:5 5800:1 5839:2 5842:13 5856:9 5902:3 5911:7 5922:9 5968:6 5992:1 6028:1 6032:3 6043:4 6053:3 6058:1 6060:1 6097:4 6102:1 6105:1 6120:3 6161:3 6170:1 6172:5 6187:4 6225:1 6227:2 6233:2 6238:13 6290:3 6298:1 6301:5 6315:4 6360:11 6378:1 6414:1 6418:4 6429:1 6433:4 6446:1 6472:2 6487:1 6489:1 6497:1 6506:1 6543:1 6546:1 6548:3 6553:1 6558:1 6561:1 6563:2 6585:1 6611:4 6625:1 6631:2 6672:1 6677:3 6681:3 6690:2 6712:1 6740:3 6748:11 6801:1 6806:6 6840:1 6856:1 6868:1 6875:8 6928:3 6936:3 6940:2 6968:1 6984:3 7000:6 7008:2 7055:5 7064:2 7067:5 7096:1 7113:1 7128:5 7137:4 7183:1 7185:4 7197:4 7224:2 7242:3 7255:3 7260:1 7265:4 7314:3 7327:2 7352:1 7371:1 7383:2 7388:1 7392:1 7441:1 7444:4 7464:1 7468:1 7480:2 7500:1 7511:1 7517:1 7570:1 7573:3 7577:2 7596:1 7608:2 7629:1 7639:1 7643:1 7701:1 7703:5 7736:1 7754:1 7757:1 7768:2 7827:1 7831:3 7835:2 7838:1 7864:1 7881:1 7883:1 7896:1 7956:1 7962:4 7992:1 8008:2 8014:1 8023:1 8085:1 8091:4 8103:1 8214:1 8221:1 8231:1 8247:1 8274:1 8277:2 8343:2 8349:1 8359:1 8375:1 8402:1 8404:2 8474:1 8486:1 8503:1 8530:3 8603:1 8631:1 8658:2 8733:1 8759:1 8786:1 8861:2 8887:1 8912:3 8922:1 8991:1 9040:2 9119:3 9142:1 9168:2 9180:1 9249:1 9271:1 9295:2 9310:1 9379:2 9398:1 9422:2 9509:1 9549:1 9637:1 9653:1 9676:2 9767:2 9780:1 9804:2 9896:1 9908:1 9932:1 10303:1 10406:2 10431:2 10533:1 10661:1 10964:2 11093:2 11223:1 11346:1 11475:1 11477:3 12109:1 12237:1,"{""x"":0.07031,""y"":0.28125,""w"":0.77344,""h"":0.46875}"
21,train/shadows/000021.png,128,"A cleaned target silhouette shows the shadow figure from a historical hand-shadow instruction plate. Infer the expert hand-and-arm ink arrangement that produced that shadow. Submit hand_ink_rle as a 128 by 128 binary mask RLE of the hand/arm drawing, hand_bbox_json as normalized x/y/w/h of the ink mask, and confidence in [0,1].",2770:1 2895:3 2899:1 3023:3 3151:1 3153:1 3278:1 3280:1 3283:1 3406:1 3408:1 3411:1 3534:1 3537:1 3539:1 3662:1 3667:1 3788:3 3795:5 3914:1 3924:9 4043:2 4053:2 4056:1 4060:2 4189:3 4295:1 4297:1 4310:1 4320:1 4422:1 4424:1 4437:1 4448:1 4549:2 4552:1 4566:1 4674:5 4683:1 4690:1 4694:1 4699:1 4787:1 4792:2 4796:3 4806:1 4818:1 4822:2 4826:1 4828:1 4832:1 4915:4 4934:1 4947:1 4950:4 4960:1 5062:1 5065:1 5075:1 5079:2 5190:1 5193:1 5203:1 5207:1 5215:1 5217:1 5300:1 5308:1 5311:1 5314:5 5321:1 5335:2 5343:1 5345:1 5429:2 5432:2 5435:1 5437:5 5445:1 5463:2 5473:1 5559:1 5564:1 5574:1 5591:1 5601:1 5719:1 5728:2 5815:1 5826:1 5856:2 5945:4 5951:4 5976:1 5985:1 6077:1 6112:2 6230:1 6240:3 6361:1 6369:2 6489:1 6498:1 6615:1 6626:1 6745:1 6754:1 6881:1 7009:1 7136:2 7264:2 7393:1 7520:2 7648:2 7776:2 7904:2 8032:1 8158:1 8414:2 8543:2 8651:1 8672:1 8800:2 8907:2 8912:4 8927:1 8929:3 9042:2 9056:4 9185:4 9293:2 9306:1 9313:5 9319:2 9422:2 9435:1 9441:3 9447:2 9551:1 9563:1 9569:2 9574:4 9704:3 9820:1 9824:2 9832:3 9959:1 9961:3 10079:2 10087:1 10090:2 10205:2 10218:3 10333:2 10344:2 10347:2 10460:2 10472:1 10474:2 10477:2 10570:1 10587:1 10600:1 10606:1 10714:1 10716:1 10725:1 10728:1 10731:1 10737:2 10843:1 10853:1 10856:1 10859:1 10861:1 10863:1 10868:1 10952:1 10956:1 10980:2 10984:1 10987:1 11079:2 11082:2 11098:1 11108:2 11112:1 11118:1 11207:1 11224:1 11236:2 11240:1 11246:1 11248:1 11251:1 11337:1 11352:1 11363:2 11367:1 11464:1 11492:1 11495:1 11502:1 11591:1 11623:1 11630:1 11718:2 11846:1 11879:1 11974:1 12143:1 12229:1 12257:1 12271:1 12358:1 12385:1 12487:1 12501:1 12616:1 12626:2 12645:1 12745:1 12755:1 12757:1 12773:1 12873:2 12883:1 12901:1 13002:1 13010:3 13018:1 13029:1 13129:3 13138:4 13147:1 13157:1 13257:2 13266:6 13282:1 13384:2 13387:1 13394:1 13396:6 13412:1 13513:1 13516:1 13520:3 13524:7 13540:1 13642:4 13648:2 13653:1 13655:3 13667:1 13770:2 13773:1 13780:2 13788:1 13792:1 13794:1 13898:4 13903:1 13910:1 13912:1 13919:3 14027:3 14031:1 14156:2 14284:3,"{""x"":0.39844,""y"":0.16406,""w"":0.51562,""h"":0.71094}"
22,train/shadows/000022.png,128,"A cleaned target silhouette shows the shadow figure from a historical hand-shadow instruction plate. Infer the expert hand-and-arm ink arrangement that produced that shadow. Submit hand_ink_rle as a 128 by 128 binary mask RLE of the hand/arm drawing, hand_bbox_json as normalized x/y/w/h of the ink mask, and confidence in [0,1].",3117:4 3246:1 3249:1 3372:3 3377:1 3500:1 3502:1 3505:1 3627:2 3630:1 3632:1 3755:2 3758:1 3760:1 3883:2 4010:3 4017:1 4145:1 4273:2 4403:1 4517:2 4530:1 4532:1 4642:3 4658:1 4661:1 4767:2 4770:2 4774:1 4787:1 4789:2 4892:4 4897:4 4902:1 4915:1 4918:2 5020:3 5044:1 5046:1 5148:1 5150:2 5174:1 5177:1 5279:1 5302:2 5306:2 5406:1 5432:1 5436:1 5533:2 5565:1 5661:2 5689:2 5693:2 5788:2 5818:1 5822:1 5916:2 5951:1 6043:2 6079:1 6171:1 6207:2 6336:1 6426:2 6464:1 6554:2 6592:2 6683:2 6720:2 6811:1 6848:2 6939:2 6946:1 6976:3 7074:1 7104:3 7202:2 7234:2 7241:3 7332:1 7362:2 7369:6 7460:1 7463:1 7490:3 7495:1 7497:4 7503:2 7587:2 7592:1 7618:3 7623:9 7633:2 7715:6 7746:5 7752:6 7759:2 7763:3 7843:5 7876:2 7880:3 7885:7 7893:6 7971:7 8003:6 8012:1 8014:2 8017:6 8024:2 8028:2 8099:6 8132:5 8143:1 8146:7 8154:3 8158:1 8227:7 8235:1 8260:4 8277:2 8280:3 8284:2 8287:1 8297:1 8355:11 8388:4 8407:1 8413:7 8423:8 8485:1 8489:1 8491:5 8516:4 8543:10 8615:1 8618:4 8623:3 8645:2 8671:10 8732:2 8749:1 8752:4 8773:2 8799:1 8858:2 8881:1 8883:4 8888:2 8927:1 8983:5 9011:10 9025:4 9032:3 9055:1 9111:4 9141:1 9143:11 9155:15 9184:1 9238:1 9274:2 9277:6 9284:2 9287:16 9305:5 9312:2 9363:4 9403:3 9407:4 9412:1 9414:2 9418:1 9421:12 9436:8 9449:3 9490:5 9532:7 9540:1 9555:2 9558:2 9565:2 9574:3 9617:4 9659:1 9661:6 9668:1 9686:2 9694:2 9745:1 9790:6 9814:2 9918:1 9920:4 9942:1 10047:5 10070:2 10176:2 10179:1 10198:3 10304:2 10307:1 10327:2 10390:5 10432:3 10454:1 10456:1 10517:1 10520:4 10561:2 10581:2 10645:7 10690:1 10709:1 10772:1 10774:4 10818:1 10837:1 10900:3 10904:1 10944:2 10965:1 11029:1 11072:2 11093:1 11157:1 11221:1 11306:1 11350:1 11437:2 11478:1 11563:1 11565:1 11606:1 11734:1 11830:1 11862:1 11953:1 11956:3 11990:1 12073:2 12079:4 12199:8 12326:2 12389:1 12453:2 12517:1 12571:1 12580:1 12645:1 12698:2 12706:2 12773:1 12826:8 12947:1 13077:3 13675:1 13802:2 13930:1 14058:2 14187:5 14319:1,"{""x"":0.13281,""y"":0.1875,""w"":0.74219,""h"":0.6875}"
23,train/shadows/000023.png,128,"A cleaned target silhouette shows the shadow figure from a historical hand-shadow instruction plate. Infer the expert hand-and-arm ink arrangement that produced that shadow. Submit hand_ink_rle as a 128 by 128 binary mask RLE of the hand/arm drawing, hand_bbox_json as normalized x/y/w/h of the ink mask, and confidence in [0,1].",3297:1 3424:3 3550:2 3555:1 3676:2 3681:2 3799:2 3802:2 3808:3 3912:1 3915:1 3926:2 3934:3 4040:1 4042:2 4051:2 4062:2 4170:2 4178:1 4180:1 4188:2 4294:1 4296:3 4301:1 4303:1 4311:6 4421:2 4424:3 4428:1 4436:7 4449:1 4453:1 4548:2 4551:5 4564:5 4573:2 4578:2 4676:1 4678:4 4690:4 4695:1 4698:3 4803:6 4814:1 4817:7 4825:1 4930:2 4941:6 4953:1 5056:1 5068:2 5071:3 5183:1 5192:4 5306:2 5309:1 5317:1 5319:1 5433:1 5559:1 5561:1 5685:3 5703:1 5810:1 5812:2 5819:1 5936:2 5939:1 6055:3 6063:1 6176:2 6186:1 6190:1 6216:1 6301:1 6314:1 6316:1 6429:1 6435:2 6442:1 6555:5 6561:2 6571:1 6682:6 6693:5 6699:1 6809:6 6824:2 6828:1 6936:9 6952:3 6956:1 7064:6 7071:2 7082:2 7192:5 7198:2 7201:2 7210:2 7213:1 7318:2 7323:1 7326:3 7332:1 7339:3 7444:1 7447:1 7450:1 7452:1 7454:3 7461:1 7467:2 7570:2 7577:1 7579:2 7582:3 7589:2 7596:2 7627:4 7695:2 7702:1 7706:1 7709:1 7711:3 7719:2 7724:2 7751:8 7829:1 7831:1 7833:1 7836:1 7838:1 7840:2 7848:1 7853:1 7879:11 7954:1 7956:1 7958:1 7960:1 7962:1 7969:2 7977:1 7982:1 8005:7 8014:3 8018:3 8081:1 8083:1 8087:1 8111:1 8128:1 8130:7 8145:6 8239:1 8256:1 8258:2 8277:4 8368:1 8384:1 8408:3 8537:2 9957:2 10086:1 10207:5 10215:1 10335:4 10465:2 10593:3 10675:1 10804:1 10921:1 10933:1 11061:2 11696:1 11824:1 12597:1,"{""x"":0.11719,""y"":0.19531,""w"":0.69531,""h"":0.57812}"
25,train/shadows/000025.png,128,"A cleaned target silhouette shows the shadow figure from a historical hand-shadow instruction plate. Infer the expert hand-and-arm ink arrangement that produced that shadow. Submit hand_ink_rle as a 128 by 128 binary mask RLE of the hand/arm drawing, hand_bbox_json as normalized x/y/w/h of the ink mask, and confidence in [0,1].",2450:2 2453:1 2578:1 2704:4 2710:5 2832:5 2838:1 2952:4 2958:5 2964:1 2966:2 3073:5 3088:1 3091:1 3093:2 3202:5 3217:2 3335:3 3348:2 3463:4 3468:1 3593:3 3597:1 3723:1 3725:1 3843:2 3846:2 3971:5 3980:1 4098:1 4100:1 4103:5 4293:1 4423:2 5143:1 5270:1 5525:1 5529:1 5599:3 5656:1 5658:1 5726:4 5781:1 5785:1 5854:1 5856:1 5911:2 5984:1 6036:1 6038:2 6112:1 6158:1 6166:1 6240:2 6286:2 6291:1 6294:1 6369:1 6406:1 6415:1 6421:1 6533:4 6542:1 6546:1 6548:2 6661:3 6670:1 6676:1 6682:1 6753:1 6791:4 6798:1 6802:1 6805:1 6810:1 6881:1 6918:6 6925:1 6929:1 6932:1 6938:1 7045:8 7057:1 7060:1 7066:1 7175:6 7184:1 7188:1 7193:2 7264:1 7302:7 7311:1 7321:1 7392:1 7430:6 7443:1 7449:2 7521:1 7560:3 7571:1 7586:2 7687:1 7689:1 7699:1 7713:3 7776:1 7814:2 7817:1 7841:1 7843:2 7904:1 7945:1 7968:1 7970:2 8032:1 8072:1 8098:2 8160:1 8199:1 8212:1 8223:1 8225:3 8284:1 8288:1 8327:1 8340:1 8350:1 8352:4 8412:1 8415:3 8454:1 8467:2 8475:2 8480:4 8540:1 8543:1 8591:1 8595:1 8597:1 8599:2 8607:4 8669:2 8672:1 8723:1 8725:5 8736:3 8798:3 8852:7 8862:1 8864:3 8980:11 8993:3 9107:1 9109:6 9116:2 9122:1 9235:1 9237:5 9247:1 9250:1 9357:1 9364:7 9374:1 9491:2 9494:9 9505:1 9611:1 9619:1 9623:7 9738:2 9753:3 9760:1 9866:1 9874:1 9883:1 9887:1 9993:2 10002:1 10013:1 10122:1 10129:1 10248:2 10257:2 10377:2 10385:1 10504:3 10512:2 10632:2 10640:1 10759:3 10767:2 10887:3 10895:1 11015:3 11023:1 11143:2 11271:2 11399:3 11406:1 11528:3 11534:1 11657:1 11661:1 11788:1 13785:1 13791:1 13905:1 13911:3 13916:2 13920:1 14030:1 14032:2 14035:1 14037:2 14040:2 14044:2 14047:2 14154:3 14159:6 14166:3 14277:4 14282:3 14403:1 14405:1,"{""x"":0.00781,""y"":0.14844,""w"":0.75781,""h"":0.73438}"
26,train/shadows/000026.png,128,"A cleaned target silhouette shows the shadow figure from a historical hand-shadow instruction plate. Infer the expert hand-and-arm ink arrangement that produced that shadow. Submit hand_ink_rle as a 128 by 128 binary mask RLE of the hand/arm drawing, hand_bbox_json as normalized x/y/w/h of the ink mask, and confidence in [0,1].",2327:2 2454:4 2582:1 2585:2 2711:1 2714:3 2839:2 2845:2 2967:3 2975:2 3096:3 3105:2 3225:3 3235:2 3355:3 3366:2 3380:2 3484:3 3496:2 3507:1 3510:1 3601:2 3614:4 3624:1 3626:1 3635:2 3639:1 3729:6 3743:4 3755:2 3763:3 3767:1 3862:4 3872:4 3885:2 3891:3 3896:1 3994:3 4002:6 4015:1 4019:3 4024:1 4125:4 4131:5 4144:2 4147:4 4152:1 4256:4 4261:4 4274:5 4281:1 4385:1 4387:9 4404:5 4410:1 4520:6 4532:5 4538:2 4650:5 4664:4 4780:4 4795:2 4911:2 4924:2 5041:4 5054:1 5170:5 5183:2 5303:1 5313:2 5432:1 5442:2 5558:2 5573:2 5685:3 5703:1 5831:3 5962:1 6083:1 6089:4 6212:1 6219:2 6324:2 6349:3 6479:2 6611:1 6739:1 6745:2 6868:1 6873:1 6876:8 6997:1 7000:1 7012:2 7126:2 7141:1 7255:1 7263:1 7270:1 7382:1 7392:3 7399:2 7510:1 7514:3 7523:3 7528:1 7637:1 7641:3 7645:1 7653:6 7765:1 7768:4 7781:8 7895:4 7909:9 7979:4 8022:3 8037:9 8103:11 8148:1 8150:3 8163:2 8166:9 8229:5 8235:5 8241:3 8276:4 8288:2 8292:3 8296:7 8355:4 8360:9 8370:2 8404:2 8414:2 8419:6 8426:5 8481:9 8492:7 8500:2 8531:3 8541:2 8547:5 8553:1 8556:3 8604:10 8624:7 8659:2 8668:2 8674:5 8680:1 8683:1 8686:1 8731:6 8757:3 8761:2 8786:2 8793:4 8801:4 8806:1 8809:1 8812:1 8816:1 8859:2 8886:1 8888:5 8914:1 8920:4 8929:3 8933:1 8935:2 8939:1 8941:1 8946:2 9017:3 9041:2 9049:1 9056:3 9060:1 9062:1 9065:2 9069:1 9076:2 9147:2 9169:1 9184:4 9189:1 9191:2 9195:4 9206:2 9296:1 9322:1 9325:1 9328:1 9424:1 9455:1 9458:1 9460:1 9584:2 9588:2 9714:2 9717:1 10380:2 10507:2 10635:1 10640:1 10642:1 10768:4 10896:3 11024:2 11150:3 11847:1 11975:1 12105:1 12232:1 12358:2 12485:2 12612:2 12629:1 12759:1 13516:1 13643:1 13771:1 13899:1 14404:1,"{""x"":0.08594,""y"":0.14062,""w"":0.85156,""h"":0.74219}"
27,train/shadows/000027.png,128,"A cleaned target silhouette shows the shadow figure from a historical hand-shadow instruction plate. Infer the expert hand-and-arm ink arrangement that produced that shadow. Submit hand_ink_rle as a 128 by 128 binary mask RLE of the hand/arm drawing, hand_bbox_json as normalized x/y/w/h of the ink mask, and confidence in [0,1].",4672:5 4797:4 4803:2 4806:2 4921:3 4927:8 4937:2 5046:2 5050:3 5067:1 5069:2 5143:7 5151:1 5153:12 5166:7 5175:1 5198:6 5267:2 5313:1 5330:2 5337:1 5384:4 5389:1 5393:1 5440:8 5449:3 5453:1 5455:4 5462:2 5467:2 5518:1 5566:19 5587:2 5598:2 5692:6 5705:1 5707:3 5713:1 5814:1 5820:3 5840:3 5846:7 5901:1 5943:1 5947:1 5972:5 5978:3 5982:1 6029:1 6071:2 6074:2 6106:5 6199:2 6202:1 6236:3 6327:4 6455:4 6576:1 6585:1 6705:1 6712:2 6832:2 6841:2 6853:1 6961:2 6964:1 6970:1 6983:4 6988:1 7090:3 7098:1 7112:10 7218:3 7242:1 7244:6 7346:5 7373:6 7476:2 7502:6 7604:1 7606:1 7631:5 7732:3 7762:1 7819:1 7857:1 7861:2 7891:1 7893:1 7947:1 7985:1 7989:2 8022:1 8075:1 8117:2 8203:1 8242:4 8278:1 8331:1 8369:4 8459:1 8493:6 8587:1 8616:1 8619:2 8622:1 8715:1 8747:3 8843:1 8873:4 8884:1 8886:2 9001:1 9003:1 9005:10 9038:1 9132:1 9135:4 9166:1 9259:1 9261:3 9297:1 9387:3 9423:2 9489:1 9498:1 9500:4 9618:2 9628:3 9750:3 9757:1 9759:1 9881:2 9887:1 10013:2 10143:1 13146:3 13151:1 13259:1 13261:1 13263:1 13266:3 13270:1 13272:2 13275:1 13278:1 13384:1 13386:2 13389:1 13391:1 13393:1 13397:2 13401:1 13403:1 13406:2,"{""x"":0.0625,""y"":0.28125,""w"":0.6875,""h"":0.53906}"
29,train/shadows/000029.png,128,"A cleaned target silhouette shows the shadow figure from a historical hand-shadow instruction plate. Infer the expert hand-and-arm ink arrangement that produced that shadow. Submit hand_ink_rle as a 128 by 128 binary mask RLE of the hand/arm drawing, hand_bbox_json as normalized x/y/w/h of the ink mask, and confidence in [0,1].",2923:1 3049:3 3176:4 3303:2 3307:1 3428:3 3434:2 3554:2 3560:3 3680:2 3687:3 3805:3 3814:3 3917:3 3932:2 3941:3 4044:1 4046:2 4056:1 4058:2 4068:3 4171:1 4174:3 4182:2 4186:1 4193:4 4207:2 4299:1 4302:3 4308:2 4320:4 4332:5 4426:2 4429:4 4435:1 4446:4 4456:5 4554:1 4557:3 4562:1 4571:6 4581:3 4681:1 4684:5 4696:2 4699:5 4706:3 4809:1 4811:4 4823:6 4830:2 4833:1 4936:1 4939:4 4949:10 4961:1 5063:4 5075:5 5190:2 5202:4 5316:2 5327:3 5443:1 5452:5 5569:2 5579:1 5695:2 5706:1 5821:3 5947:2 5962:3 6074:2 6200:2 6203:1 6327:3 6454:2 6462:2 6579:3 6605:1 6706:2 6833:1 6950:1 6960:1 7071:1 7079:4 7086:2 7198:1 7211:1 7325:1 7332:1 7339:1 7341:1 7451:2 7457:3 7468:1 7579:1 7583:2 7596:1 7705:6 7718:3 7725:1 7832:7 7847:4 7853:1 7959:7 7976:4 8086:9 8105:4 8214:11 8234:3 8238:1 8275:4 8341:7 8349:3 8354:2 8363:4 8400:9 8469:4 8475:1 8477:4 8484:2 8492:2 8495:1 8526:1 8528:7 8536:3 8597:2 8601:2 8604:6 8614:1 8622:2 8654:15 8724:2 8729:1 8731:2 8734:4 8742:2 8750:2 8780:8 8793:7 8851:1 8856:1 8858:1 8861:1 8863:4 8871:2 8879:2 8908:5 8922:9 8977:2 8982:1 8985:1 8987:2 8990:1 8992:3 8999:3 9008:1 9032:5 9054:3 9058:4 9101:2 9109:3 9114:2 9118:1 9120:4 9128:4 9136:2 9158:2 9161:2 9185:4 9238:1 9240:2 9244:1 9257:1 9265:1 9286:2 9316:1 9362:1 9364:1 9367:1 9394:1 9414:1 9488:1 9490:1 9493:1 9522:1 9616:2 9619:1 9651:1 10739:2 10868:2 10990:1 10992:1 10997:1 11117:4 11246:3 11375:2 11504:3 11833:1 11962:1 12090:1 12216:1 12345:1 12475:1 12604:1 12715:2 12732:2 13622:1 13750:1 14396:1 14524:1,"{""x"":0.10156,""y"":0.17188,""w"":0.82031,""h"":0.71875}"
30,train/shadows/000030.png,128,"A cleaned target silhouette shows the shadow figure from a historical hand-shadow instruction plate. Infer the expert hand-and-arm ink arrangement that produced that shadow. Submit hand_ink_rle as a 128 by 128 binary mask RLE of the hand/arm drawing, hand_bbox_json as normalized x/y/w/h of the ink mask, and confidence in [0,1].",4432:2 4557:2 4564:3 4681:2 4695:3 4803:2 4807:1 4929:2 5056:1 5073:1 5198:2 5202:2 5207:2 5311:1 5317:2 5322:2 5338:2 5438:1 5444:1 5447:2 5469:1 5565:1 5692:1 5698:1 5818:2 5825:1 5944:2 6071:1 6086:1 6091:1 6198:1 6325:1 6452:1 6579:1 6706:1 6833:1 6859:6 6941:1 6947:1 6960:1 7069:1 7073:1 7076:3 7086:2 7111:1 7123:3 7197:1 7208:1 7212:2 7316:1 7318:2 7332:2 7335:2 7338:1 7442:1 7444:1 7448:5 7463:3 7567:2 7575:1 7577:2 7581:1 7592:3 7691:4 7704:6 7720:3 7764:1 7818:4 7825:7 7835:3 7848:3 7905:1 7948:3 7959:1 7977:2 8033:1 8086:1 8092:3 8105:3 8162:1 8213:1 8222:1 8233:3 8291:2 8340:1 8350:1 8362:2 8421:1 8467:1 8490:3 8544:1 8594:1 8619:2 8720:1 8734:1 8747:3 8847:1 8859:1 8862:1 8875:2 8974:1 9003:3 9023:1 9101:1 9113:1 9116:1 9119:1 9131:3 9144:2 9149:3 9227:2 9241:1 9245:1 9247:1 9260:3 9269:5 9276:2 9369:1 9375:1 9389:2 9396:8 9497:1 9502:2 9517:3 9523:5 9530:1 9624:2 9631:2 9645:11 9752:1 9760:1 9773:3 9777:5 9880:2 9889:1 9902:8 10007:3 10030:8 10135:1 10158:8 10261:3 10286:8 10315:1 10317:2 10329:1 10414:7 10438:10 10449:2 10456:2 10462:1 10516:1 10542:5 10566:21 10588:1 10670:2 10673:2 10692:1 10694:13 10771:1 10798:2 10802:1 10816:2 10819:10 10832:1 10836:1 10944:10 10960:1 10964:1 10971:1 11088:5 11095:4 11218:4 11346:2 11475:1 12059:2,"{""x"":0.07812,""y"":0.26562,""w"":0.71875,""h"":0.47656}"
31,train/shadows/000031.png,128,"A cleaned target silhouette shows the shadow figure from a historical hand-shadow instruction plate. Infer the expert hand-and-arm ink arrangement that produced that shadow. Submit hand_ink_rle as a 128 by 128 binary mask RLE of the hand/arm drawing, hand_bbox_json as normalized x/y/w/h of the ink mask, and confidence in [0,1].",2580:2 2707:4 2835:4 2963:4 3089:4 3218:3 3345:4 3472:4 3600:2 3603:1 3727:3 3854:3 3952:2 3981:3 4079:4 4109:2 4207:4 4237:2 4284:2 4333:4 4411:3 4460:5 4539:3 4587:6 4668:1 4715:3 4719:2 4789:3 4843:1 4848:1 4916:3 5041:2 5044:3 5167:4 5172:2 5294:5 5421:3 5548:3 5674:3 5802:3 5929:3 6058:1 9405:2 9533:3 9662:3 9760:13 9791:6 9885:22 9913:15 10011:49 10138:53 10266:6 10285:19 10309:12 10419:4 10442:8 10573:6 10703:6 10832:6 10962:5 11091:5 11220:5 11226:2 11349:7 11478:5 11607:6 11617:3 11735:8 11744:4 11865:7 11873:3 11994:6 12125:5 12254:4 12382:5 12512:5 12523:3 12640:6 12650:4 12769:6 12778:4 12898:12 13027:11 13156:9 13286:6 13416:1,"{""x"":0.10156,""y"":0.15625,""w"":0.79688,""h"":0.66406}"
32,train/shadows/000032.png,128,"A cleaned target silhouette shows the shadow figure from a historical hand-shadow instruction plate. Infer the expert hand-and-arm ink arrangement that produced that shadow. Submit hand_ink_rle as a 128 by 128 binary mask RLE of the hand/arm drawing, hand_bbox_json as normalized x/y/w/h of the ink mask, and confidence in [0,1].",2539:2 2666:5 2794:5 2922:5 3052:5 3082:3 3180:5 3210:4 3308:4 3339:3 3435:5 3468:4 3564:5 3596:5 3692:2 3695:2 3724:6 3823:3 3852:2 3855:3 3905:3 3952:3 3980:1 3985:1 4033:4 4081:3 4161:4 4210:2 4291:1 4338:2 4424:1 4553:2 4681:3 4809:3 4813:2 4938:2 4941:4 5069:5 5200:3 5328:3 5458:3 5586:3 5715:3 5844:1 9277:3 9403:5 9526:2 9530:4 9651:10 9775:21 9808:7 9900:27 9930:19 10026:12 10040:40 10153:8 10172:38 10278:8 10310:10 10327:12 10405:7 10439:3 10461:6 10532:7 10659:6 10783:2 10786:5 10911:7 11030:2 11039:6 11158:3 11165:6 11286:4 11291:8 11416:1 11418:7 11546:6 11672:5 11799:5 11915:3 11925:7 12043:4 12052:6 12171:4 12178:8 12299:14 12427:12 12556:10 12685:7 12816:1,"{""x"":0.07812,""y"":0.14844,""w"":0.82812,""h"":0.64062}"
34,train/shadows/000034.png,128,"A cleaned target silhouette shows the shadow figure from a historical hand-shadow instruction plate. Infer the expert hand-and-arm ink arrangement that produced that shadow. Submit hand_ink_rle as a 128 by 128 binary mask RLE of the hand/arm drawing, hand_bbox_json as normalized x/y/w/h of the ink mask, and confidence in [0,1].",1863:3 1967:1 2094:1 2096:1 2114:2 2223:1 2226:2 2240:1 2352:1 2357:1 2366:1 2481:1 2487:1 2489:1 2494:1 2609:1 2611:1 2739:3 2868:1 3630:1 3634:1 3758:2 3765:2 3886:3 4015:1 4017:3 4147:3 4278:1 4689:3 4818:3 5206:1 5980:2 8282:1 8411:1 9177:1 10984:1 11111:2 11240:1 11368:1 12131:5 12380:1 12637:1 12639:1 12760:1 12767:1 12888:1 12895:1 13016:1 13024:2 13049:2 13179:1 13266:1 13277:5 13284:1 13309:1 13390:3 13395:3 13406:11 13438:1 13519:12 13534:9 13545:1 13648:3 13652:3 13656:10 13668:4 13774:1 13776:4 13781:3 13785:6 13792:5 13901:1 13904:4 13911:1 13913:8 14033:2 14039:2 14044:4 14159:1 14161:1 14164:3 14168:2 14289:1 14292:3 14297:2 14417:1 14420:1 14424:1 14427:2 14431:1 14545:1 14550:1 14558:1 14562:4 14567:1 14681:2 15188:6 15307:1 15309:4 15316:5 15421:3 15434:3 15438:4 15443:1 15543:1 15548:3 15563:1 15668:8 15796:2 15799:1 15801:1 15803:2,"{""x"":0.35938,""y"":0.10938,""w"":0.63281,""h"":0.85938}"
35,train/shadows/000035.png,128,"A cleaned target silhouette shows the shadow figure from a historical hand-shadow instruction plate. Infer the expert hand-and-arm ink arrangement that produced that shadow. Submit hand_ink_rle as a 128 by 128 binary mask RLE of the hand/arm drawing, hand_bbox_json as normalized x/y/w/h of the ink mask, and confidence in [0,1].",4077:3 4203:2 4208:1 4211:2 4329:1 4335:3 4339:3 4455:2 4463:4 4469:1 4581:2 4584:1 4589:4 4707:4 4714:1 4716:4 4724:1 4833:2 4837:1 4842:1 4844:3 4851:1 4900:4 4959:2 4969:5 4978:1 5024:3 5028:3 5085:5 5095:5 5105:2 5149:1 5211:5 5218:2 5221:6 5230:3 5235:1 5277:1 5338:6 5347:4 5352:1 5358:3 5363:1 5405:7 5413:5 5420:1 5429:1 5464:6 5475:2 5478:3 5485:3 5534:18 5589:5 5601:5 5612:3 5618:1 5659:10 5670:13 5715:5 5723:1 5728:6 5739:4 5745:1 5784:3 5788:4 5794:1 5800:2 5804:6 5811:1 5842:4 5854:2 5858:2 5862:1 5865:5 5912:4 5922:1 5930:1 5933:1 5935:3 5970:1 5980:3 5991:5 5999:1 6041:1 6043:1 6046:1 6049:2 6065:1 6074:1 6109:3 6119:5 6170:17 6202:1 6234:1 6245:5 6253:1 6255:1 6312:1 6314:6 6345:1 6366:1 6370:4 6375:1 6380:5 6434:1 6444:1 6446:3 6473:1 6497:7 6507:4 6512:1 6555:11 6568:1 6574:1 6586:1 6601:1 6624:4 6629:1 6634:4 6639:1 6689:8 6712:2 6729:1 6752:2 6761:4 6822:5 6841:2 6888:4 6894:1 6942:1 6945:3 6951:6 6967:2 6997:1 7001:1 7015:5 7072:4 7080:1 7083:2 7095:2 7113:2 7125:1 7141:5 7149:1 7204:1 7211:2 7223:1 7225:1 7241:2 7266:2 7269:4 7276:1 7334:2 7350:1 7370:1 7381:1 7395:4 7403:1 7465:1 7478:1 7482:1 7498:1 7514:1 7523:2 7530:1 7595:1 7608:1 7610:1 7642:1 7651:1 7657:1 7724:1 7733:1 7755:1 7779:1 7858:1 7883:1 7899:1 7910:1 7981:1 8011:1 8036:2 8110:1 8113:1 8139:1 8164:1 8240:2 8369:1 8395:1 8417:1 8497:2 8543:2 8626:2 8652:1 8671:1 8755:2 8798:1 8873:2 8885:1 8899:1 8909:1 8925:1 9012:2 9038:1 9051:2 9143:1 9178:1 9254:1 9271:1 9295:1 9382:1 9399:2 9528:1 9639:1 9691:2 9796:1 9923:2 9949:1 10416:2 10543:2 10669:3 10797:2 10930:1 11055:1 11057:2 11576:1 11703:2 11833:1,"{""x"":0.1875,""y"":0.24219,""w"":0.73438,""h"":0.48438}"
36,train/shadows/000036.png,128,"A cleaned target silhouette shows the shadow figure from a historical hand-shadow instruction plate. Infer the expert hand-and-arm ink arrangement that produced that shadow. Submit hand_ink_rle as a 128 by 128 binary mask RLE of the hand/arm drawing, hand_bbox_json as normalized x/y/w/h of the ink mask, and confidence in [0,1].",4797:2 4923:1 4928:3 5046:2 5050:5 5056:2 5061:2 5166:9 5183:1 5187:3 5192:2 5293:6 5319:1 5322:9 5332:1 5334:7 5343:5 5349:4 5421:2 5451:1 5453:1 5455:1 5457:2 5460:2 5465:1 5483:1 5541:1 5545:2 5550:4 5555:1 5557:3 5561:8 5614:1 5618:1 5620:4 5667:1 5675:2 5679:20 5744:5 5794:1 5807:1 5811:3 5815:1 5823:6 5874:1 5876:1 5926:3 5936:2 5953:4 6002:1 6004:1 6052:1 6054:1 6056:5 6083:1 6085:1 6089:1 6130:1 6132:1 6177:4 6182:2 6213:1 6217:1 6258:1 6306:3 6341:5 6470:3 6598:1 6726:2 6736:1 6854:2 6863:1 6971:1 6982:1 6990:2 7092:1 7094:4 7110:1 7116:1 7118:2 7215:10 7237:2 7244:1 7246:1 7343:6 7350:1 7371:4 7470:6 7499:3 7597:6 7625:4 7725:5 7754:3 7853:2 7882:2 7979:3 8010:2 8052:1 8138:2 8180:1 8234:1 8266:2 8308:1 8395:3 8436:1 8524:5 8654:6 8785:4 8792:1 8906:1 8915:4 9010:1 9033:6 9044:2 9048:1 9138:1 9163:8 9263:1 9295:2 9300:2 9391:3 9425:4 9445:1 9520:1 9555:2 9569:1 9571:1 9573:2 9697:3 9710:2 9824:1 9827:1 9835:3 9952:1 9959:2 10084:2 10209:2 13093:1 13217:2 13220:1 13223:2 13227:1 13229:2 13232:2 13235:1 13239:2 13345:2 13352:2 13355:1 13357:5 13363:1 13366:1 13368:1 13472:2 13477:1 13480:1 13482:5 13488:1 13491:3 13496:1 13498:1,"{""x"":0.25,""y"":0.28906,""w"":0.6875,""h"":0.53906}"
37,train/shadows/000037.png,128,"A cleaned target silhouette shows the shadow figure from a historical hand-shadow instruction plate. Infer the expert hand-and-arm ink arrangement that produced that shadow. Submit hand_ink_rle as a 128 by 128 binary mask RLE of the hand/arm drawing, hand_bbox_json as normalized x/y/w/h of the ink mask, and confidence in [0,1].",1844:2 1971:2 1974:1 2098:2 2101:2 2211:1 2226:1 2229:2 2338:1 2340:2 2353:2 2356:3 2465:2 2469:1 2481:2 2485:2 2593:1 2609:1 2613:2 2721:2 2726:1 2737:2 2742:1 2849:2 2854:1 2864:2 2977:3 2983:1 2992:2 2999:1 3105:2 3111:1 3120:3 3233:3 3240:1 3249:2 3256:1 3361:3 3369:1 3377:3 3384:1 3490:2 3498:1 3505:3 3511:3 3618:3 3633:2 3641:1 3746:5 3755:1 3762:2 3875:5 3890:3 3898:1 4004:4 4013:1 4019:2 4027:1 4133:6 4144:1 4148:3 4157:1 4262:4 4273:1 4276:3 4286:1 4391:3 4402:1 4405:3 4416:1 4520:3 4531:1 4533:2 4544:2 4649:4 4661:4 4674:2 4768:15 4790:3 4804:2 4908:6 4918:3 4933:3 5044:3 5065:3 5195:3 5314:1 5316:1 5327:3 5458:2 5494:1 5536:1 5540:1 5577:1 5588:3 5664:5 5670:3 5675:1 5720:2 5748:1 5751:1 5793:4 5798:6 5807:3 5850:2 5875:1 5880:1 5921:15 5981:2 6002:1 6008:1 6048:15 6111:3 6123:7 6136:1 6176:6 6183:6 6239:1 6242:1 6248:9 6304:3 6311:5 6371:6 6431:1 6438:5 6500:5 6508:5 6558:2 6564:3 6629:1 6631:2 6639:1 6685:1 6692:1 6760:2 6816:1 6818:2 6888:1 6904:1 6944:2 7032:1 7072:1 7145:1 7161:2 7273:1 7287:1 7291:1 7529:1 7542:1 7657:1 7669:1 7732:1 7785:1 7797:1 7829:1 7859:2 7913:1 7925:1 7956:1 7984:5 8041:1 8082:1 8110:1 8112:3 8168:2 8180:2 8235:9 8296:1 8308:2 8311:1 8361:9 8424:1 8436:1 8438:1 8488:8 8552:1 8615:7 8679:2 8692:1 8741:6 8807:2 8819:2 8822:1 8868:4 8935:1 8947:2 8995:4 9062:2 9074:1 9077:2 9121:2 9127:1 9190:1 9202:1 9204:1 9248:2 9280:1 9317:2 9330:3 9407:1 9409:1 9445:2 9459:1 9461:1 9501:2 9535:3 9585:3 9627:2 9713:3 9717:1 9754:1 9841:3 9968:4 9973:1 10096:1 10098:1 10100:1 10224:2 10228:1 10352:4 10479:5 10607:2 10612:1 10734:3 10738:2 10862:3 10866:2 10989:5 11117:4 11244:3 11249:1 11372:3 11377:1 11500:5 11623:2 11627:5 11752:1 11755:5 11883:3 11888:2 12011:2 12015:2 12141:3 12270:2 12273:1 12401:2 12529:1 12658:2 12787:1 12915:2 13044:1 13173:1 13302:1 14324:2 14454:1 14575:3 14581:1 14703:4 14710:1 14832:3 14838:2 14960:3 15090:1 15096:1 15219:1 15346:2 15475:1 15604:1,"{""x"":0.14062,""y"":0.10938,""w"":0.82812,""h"":0.84375}"
38,train/shadows/000038.png,128,"A cleaned target silhouette shows the shadow figure from a historical hand-shadow instruction plate. Infer the expert hand-and-arm ink arrangement that produced that shadow. Submit hand_ink_rle as a 128 by 128 binary mask RLE of the hand/arm drawing, hand_bbox_json as normalized x/y/w/h of the ink mask, and confidence in [0,1].",2967:1 3092:3 3096:1 3206:4 3211:3 3221:3 3225:1 3334:3 3345:1 3347:2 3351:1 3353:1 3463:4 3475:1 3478:1 3480:3 3592:4 3608:3 3722:4 3734:1 3852:4 3864:1 3982:1 3984:1 4101:1 4103:2 4106:1 4112:1 4230:9 4364:5 5315:1 5445:2 5528:1 5783:1 5910:1 5913:1 6037:1 6042:1 6168:1 6295:2 6415:2 6420:1 6422:2 6536:2 6543:2 6663:3 6671:2 6675:1 6677:1 6790:5 6798:2 6802:1 6805:1 6874:2 6918:4 6923:1 6925:2 6930:1 6932:1 7001:5 7047:5 7053:1 7057:1 7060:1 7065:1 7131:1 7174:6 7181:1 7193:1 7259:1 7302:7 7312:1 7315:1 7321:1 7387:1 7432:4 7439:1 7443:1 7448:2 7515:2 7561:2 7571:1 7576:1 7643:1 7686:4 7771:1 7817:1 7899:1 7944:1 7954:1 7969:1 8027:1 8071:1 8082:1 8096:2 8155:1 8198:1 8210:1 8222:1 8224:2 8283:1 8326:1 8338:1 8349:1 8351:3 8466:2 8476:1 8479:2 8590:1 8594:2 8602:2 8606:3 8721:7 8733:1 8735:2 8794:1 8849:1 8851:2 8854:2 8862:3 8922:1 8977:1 8979:5 8988:5 9050:1 9100:1 9105:1 9107:9 9118:1 9120:1 9178:1 9227:1 9234:6 9241:2 9247:1 9302:1 9306:1 9361:6 9372:1 9374:2 9430:1 9433:2 9481:1 9489:1 9492:5 9499:1 9502:2 9558:1 9561:2 9609:1 9617:1 9621:7 9630:1 9686:1 9736:2 9744:1 9750:5 9815:2 9863:1 9872:1 9879:3 9991:2 9999:1 10009:1 10118:3 10127:1 10246:2 10254:1 10374:1 10382:1 10501:3 10629:3 10637:1 10757:2 10765:1 10885:2 10892:1 11013:2 11141:2 11269:1 11274:1 11401:1 11528:1 14403:2 14407:2 14414:1 14420:1 14523:1 14525:3 14529:1 14533:4 14539:1 14541:1 14545:2 14549:1 14650:1 14652:1 14654:4 14659:2 14662:3 14666:2 14669:2 14673:5,"{""x"":0.03906,""y"":0.17969,""w"":0.69531,""h"":0.71875}"
40,train/shadows/000040.png,128,"A cleaned target silhouette shows the shadow figure from a historical hand-shadow instruction plate. Infer the expert hand-and-arm ink arrangement that produced that shadow. Submit hand_ink_rle as a 128 by 128 binary mask RLE of the hand/arm drawing, hand_bbox_json as normalized x/y/w/h of the ink mask, and confidence in [0,1].",3731:1 3857:1 3859:2 3986:3 4114:2 4241:2 4258:1 4369:2 4386:2 4514:4 4642:4 4770:1 4772:2 4900:3 5029:2 5151:2 5157:2 5279:2 5285:2 5407:2 5413:2 5535:2 5540:3 5662:3 5668:1 5790:3 5918:2 6045:2 6173:2 6300:3 6427:4 6553:2 6679:4 6807:2 6935:1 7062:1 7190:2 7318:1 7324:1 7445:2 7452:1 7573:2 7578:5 7706:1 7709:2 7837:3 7965:3 8092:4 8220:2 8223:1 8261:1 8348:4 8389:1 8478:2 8515:3 8607:1 8643:3 8771:3 8899:2 9027:2 9153:1 9155:2 9281:4 9410:3 9537:4 9665:2 9792:3 9920:3 10048:2 10060:1 10173:4 10187:2 10300:5 10314:2 10427:6 10441:3 10555:5 10569:1 10582:2 10677:1 10682:5 10695:2 10710:2 10801:5 10808:4 10813:2 10822:3 10837:3 10928:5 10936:4 10948:4 10965:2 11053:7 11061:1 11063:4 11075:4 11092:2 11180:7 11188:4 11199:8 11220:2 11306:7 11314:2 11317:1 11324:4 11347:2 11421:1 11433:6 11440:2 11443:3 11449:6 11474:2 11549:1 11559:13 11576:5 11602:3 11678:2 11685:15 11703:4 11729:3 11803:2 11806:2 11813:10 11830:9 11857:2 11929:8 11942:5 11952:8 11964:2 11971:1 11985:2 12054:4 12061:3 12071:1 12080:2 12092:8 12112:2 12181:4 12188:2 12191:1 12197:3 12221:9 12239:2 12309:1 12314:3 12325:2 12352:4 12357:2 12366:3 12434:3 12441:3 12453:2 12482:2 12493:4 12561:4 12581:2 12621:3 12649:2 12710:1 12776:3 12830:6 12838:1 12840:2 12904:3 12952:12 12966:4 13032:3 13077:8 13089:4 13094:1 13096:3 13104:3 13206:1 13208:3 13215:8 13224:4 13231:4 13335:2 13342:3 13346:4 13354:2 13358:6 13463:2 13468:9 13487:6 13595:5 13601:1 13616:5 13622:3 13724:2 13746:3 13750:4 13761:1 13853:1 13876:2 13879:6 13889:2 13976:1 13978:1 14007:2 14017:4 14104:3,"{""x"":0.13281,""y"":0.22656,""w"":0.70312,""h"":0.64062}"
41,train/shadows/000041.png,128,"A cleaned target silhouette shows the shadow figure from a historical hand-shadow instruction plate. Infer the expert hand-and-arm ink arrangement that produced that shadow. Submit hand_ink_rle as a 128 by 128 binary mask RLE of the hand/arm drawing, hand_bbox_json as normalized x/y/w/h of the ink mask, and confidence in [0,1].",2097:2 2224:3 2228:1 2351:2 2354:1 2356:1 2480:1 2482:1 2484:1 2606:1 2610:1 2612:1 2734:2 2738:3 2862:2 2868:1 2996:1 3240:2 3252:1 3364:2 3367:1 3369:1 3380:2 3490:2 3494:1 3497:1 3508:1 3510:1 3616:3 3620:4 3637:1 3639:1 3744:1 3746:1 3765:1 3767:2 3873:1 3894:1 3896:2 4001:1 4025:1 4128:1 4151:1 4154:1 4256:2 4279:2 4282:2 4383:3 4408:1 4412:2 4511:2 4537:1 4541:1 4638:2 4666:1 4670:1 4765:2 4795:1 4799:1 4893:2 4927:2 5021:2 5056:1 5149:2 5184:1 5277:2 5313:1 5406:1 5441:1 5534:2 5540:1 5569:1 5668:1 5697:2 5797:1 5825:2 5925:1 5953:2 6053:1 6056:1 6082:2 6181:1 6184:1 6209:3 6309:3 6337:3 6344:3 6435:6 6465:3 6471:6 6563:5 6593:3 6597:1 6599:5 6691:6 6721:4 6726:3 6730:6 6819:7 6827:1 6849:1 6852:7 6860:2 6863:3 6948:1 6950:6 6977:6 6986:1 6988:4 6994:2 7081:6 7107:4 7118:6 7125:3 7196:3 7210:2 7213:5 7234:5 7245:1 7247:8 7256:3 7320:1 7323:2 7340:2 7343:4 7363:3 7376:2 7379:5 7386:2 7447:5 7473:3 7491:3 7508:1 7510:1 7513:1 7516:1 7572:4 7577:2 7603:3 7619:3 7643:6 7651:1 7653:2 7698:5 7729:1 7731:6 7748:1 7772:11 7825:4 7861:7 7872:2 7900:7 7908:1 7911:4 7990:19 8028:1 8120:2 8123:8 8132:1 8134:7 8156:1 8249:9 8259:9 8269:3 8284:1 8378:8 8396:5 8402:6 8412:2 8471:2 8508:4 8513:1 8527:3 8531:2 8536:6 8596:1 8598:1 8637:3 8641:1 8657:1 8659:1 8664:10 8725:5 8765:3 8769:1 8787:1 8794:1 8804:3 8852:1 8854:6 8893:1 8895:2 8914:2 8935:1 8980:1 8982:2 8985:3 9021:4 9042:2 9108:3 9112:1 9115:1 9150:3 9170:3 9237:1 9241:2 9278:3 9298:3 9406:1 9408:1 9426:1 9428:2 9534:1 9554:1 9556:1 9662:2 9682:1 9769:1 9790:2 9810:1 9898:1 9937:1 10024:1 10026:1 10065:1 10193:1 10290:1 10321:1 10413:1 10415:3 10449:1 10532:1 10534:1 10540:3 10577:1 10659:2 10662:2 10705:1 10777:1 10785:2 10833:1 10897:2 10905:1 10912:1 10961:1 11027:5 11039:2 11163:2 11487:1 11615:1 11743:1 11870:1 12644:1 12771:1 12898:2 13026:2 13154:3 13284:3,"{""x"":0.13281,""y"":0.125,""w"":0.70312,""h"":0.6875}"
42,train/shadows/000042.png,128,"A cleaned target silhouette shows the shadow figure from a historical hand-shadow instruction plate. Infer the expert hand-and-arm ink arrangement that produced that shadow. Submit hand_ink_rle as a 128 by 128 binary mask RLE of the hand/arm drawing, hand_bbox_json as normalized x/y/w/h of the ink mask, and confidence in [0,1].",3251:6 3372:2 3375:3 3379:2 3382:1 3385:2 3489:12 3504:6 3511:3 3515:1 3617:2 3621:3 3626:1 3639:1 3645:3 3737:4 3746:5 3771:3 3777:2 3861:1 3863:2 3869:2 3874:3 3902:4 3909:3 3987:1 4001:1 4003:3 4007:8 4016:1 4020:4 4035:3 4039:2 4131:22 4167:1 4169:1 4171:21 4248:4 4253:1 4258:2 4263:6 4271:11 4311:1 4320:5 4371:1 4373:13 4388:2 4405:6 4456:3 4500:1 4504:1 4506:1 4508:1 4536:3 4587:1 4628:5 4666:2 4674:1 4795:2 4802:1 4845:2 4849:8 4923:3 4928:3 4976:2 4980:1 4985:2 5052:2 5056:2 5105:1 5108:1 5181:5 5233:2 5236:1 5310:4 5361:2 5364:1 5438:1 5441:1 5489:2 5492:1 5566:2 5617:2 5671:2 5681:1 5694:1 5696:1 5705:1 5800:7 5821:2 5832:2 5922:11 5948:2 5958:3 6048:9 6058:1 6076:2 6084:4 6176:4 6181:3 6204:2 6214:2 6304:6 6338:5 6431:8 6467:4 6559:4 6593:5 6685:5 6721:4 6811:2 6814:1 6849:3 6939:2 6977:3 7068:1 7105:2 7233:2 7239:1 7361:3 7367:1 7489:3 7618:4 7667:1 7747:4 7794:1 7877:5 7922:1 8006:6 8050:1 8100:1 8137:4 8145:1 8224:1 8228:1 8255:5 8266:4 8273:1 8353:1 8356:1 8384:2 8387:3 8395:5 8401:1 8481:3 8515:8 8524:1 8526:3 8610:1 8646:2 8651:3 8775:3 8781:1 8904:6 9035:2 9178:1 9181:1 9183:2 9306:7 9435:1 9439:2 9450:1 9562:1 9574:4 9579:1 9690:1 9700:2 9818:1 9821:2 9825:2 9946:2 9950:1 12561:2 12686:1 12689:1 12819:1 12821:1 12823:1 12825:1 12827:1 12829:1 12831:1 12941:3 12948:3 12952:2 12956:4 12967:2 13076:3 13080:1 13084:1 13086:1 13088:1 13090:1 13093:1 13096:1 13216:1 13218:1 13220:2 13223:2 13226:1 13354:1,"{""x"":0.10156,""y"":0.19531,""w"":0.85938,""h"":0.625}"
43,train/shadows/000043.png,128,"A cleaned target silhouette shows the shadow figure from a historical hand-shadow instruction plate. Infer the expert hand-and-arm ink arrangement that produced that shadow. Submit hand_ink_rle as a 128 by 128 binary mask RLE of the hand/arm drawing, hand_bbox_json as normalized x/y/w/h of the ink mask, and confidence in [0,1].",3920:1 4048:2 4177:1 4816:2 4944:1 5071:3 5201:1 5329:2 5458:1 5587:1 5822:2 5825:1 5827:1 5950:3 5954:2 6082:2 6211:2 6340:3 6469:3 6494:1 6598:2 6621:2 6727:1 6750:1 6878:1 7005:2 7133:1 7135:1 7243:8 7253:2 7261:1 7263:1 7373:5 7381:3 7389:1 7391:1 7465:1 7505:5 7517:1 7519:1 7588:2 7592:2 7633:4 7641:1 7645:1 7647:1 7715:6 7769:1 7773:1 7775:1 7846:1 7897:2 7901:1 8025:2 8029:2 8153:3 8158:1 8282:4 8411:1 8539:2 8760:6 8890:4 8925:2 9053:2 10844:2 10973:2 11101:1 11234:2 11359:2 11362:1 11476:1 11488:1 11490:1 11602:2 11615:1 11618:1 11729:1 11746:1 11856:2 11860:2 11873:2 11981:3 11986:2 12001:2 12112:4 12129:2 12257:2 12385:2 12589:5 12599:2 12627:1 12715:14 12754:2 12771:2 12843:3 12848:9 12880:2 12899:2 12981:6 13007:4 13112:7 13130:10 13241:10 13255:17 13284:1 13373:17 13395:3 13411:2 13506:8 13524:4 13540:1 13654:2 13782:2 13911:2 14039:2 14168:2 14296:2 14425:1 14553:1 14681:2 14810:2 14938:2 15066:2 15195:1 15323:2 15452:1,"{""x"":0.27344,""y"":0.23438,""w"":0.51562,""h"":0.71094}"
44,train/shadows/000044.png,128,"A cleaned target silhouette shows the shadow figure from a historical hand-shadow instruction plate. Infer the expert hand-and-arm ink arrangement that produced that shadow. Submit hand_ink_rle as a 128 by 128 binary mask RLE of the hand/arm drawing, hand_bbox_json as normalized x/y/w/h of the ink mask, and confidence in [0,1].",3148:2 3276:2 3405:1 4044:2 4173:1 4300:2 4430:1 4558:2 4687:1 4815:1 5051:1 5053:1 5178:2 5181:1 5183:1 5306:1 5308:1 5310:2 5438:2 5568:1 5696:3 5826:2 5852:1 5954:2 5980:1 6083:2 6106:1 6108:1 6234:3 6362:3 6491:3 6600:3 6620:2 6730:5 6738:3 6746:4 6866:1 6874:4 6990:5 6998:1 7002:4 7073:3 7126:1 7130:4 7198:5 7254:2 7259:1 7325:1 7382:3 7387:1 7511:3 7639:5 7768:2 7896:2 8244:5 8283:1 8373:4 8411:2 10330:2 10458:2 10586:1 10721:1 10846:1 10849:1 10974:1 10976:1 11102:1 11104:1 11106:1 11216:2 11232:2 11344:1 11360:2 11471:1 11489:1 11596:2 11600:4 11616:2 11723:3 11728:3 11745:2 11854:1 11856:1 11873:1 12001:1 12258:1 12332:1 12340:3 12370:1 12386:1 12454:15 12496:2 12515:1 12582:14 12624:1 12721:7 12749:4 12851:6 12874:8 12982:10 12997:17 13027:1 13113:29 13155:2 13242:18 13265:4 13283:2 13377:1 13396:3 13525:3 13654:2 13782:2 13911:2 14039:2 14168:2 14296:2 14424:3 14553:2 14681:2 14810:2 14938:2 15067:1 15195:2 15324:1,"{""x"":0.22656,""y"":0.1875,""w"":0.5625,""h"":0.75}"
45,train/shadows/000045.png,128,"A cleaned target silhouette shows the shadow figure from a historical hand-shadow instruction plate. Infer the expert hand-and-arm ink arrangement that produced that shadow. Submit hand_ink_rle as a 128 by 128 binary mask RLE of the hand/arm drawing, hand_bbox_json as normalized x/y/w/h of the ink mask, and confidence in [0,1].",2571:4 2700:3 2829:4 2848:1 2957:2 2976:2 3085:1 3104:2 3232:2 3359:4 3487:2 3490:1 3615:2 3618:1 3746:1 3874:1 3995:2 4002:1 4123:2 4130:1 4251:2 4258:1 4380:2 4386:2 4507:3 4514:2 4634:4 4762:4 4890:3 5018:3 5145:2 5273:2 5400:3 5526:4 5653:3 5779:4 5907:2 6036:1 6163:2 6291:1 6418:2 6545:3 6552:2 6672:3 6678:5 6800:2 6805:6 6928:2 6934:1 6936:1 6938:1 7064:1 7066:2 7194:2 7321:3 7367:2 7449:1 7451:1 7495:2 7578:1 7580:1 7622:3 7706:3 7749:4 7835:2 7877:4 8005:2 8133:2 8261:2 8389:2 8515:4 8643:3 8771:3 8898:3 9027:2 9154:3 9282:3 9410:2 9423:2 9534:1 9538:2 9551:2 9662:5 9678:3 9789:6 9805:3 9916:7 9932:3 10038:1 10044:6 10059:2 10075:1 10165:2 10172:5 10184:4 10202:2 10292:3 10298:3 10302:2 10311:4 10330:2 10416:5 10425:4 10438:3 10458:2 10542:6 10549:2 10552:4 10565:5 10586:2 10668:8 10677:8 10691:7 10713:3 10796:7 10804:6 10817:6 10840:3 10923:10 10934:2 10942:5 10967:3 11049:7 11057:2 11060:3 11067:6 11094:3 11163:2 11176:13 11195:3 11222:3 11291:2 11299:17 11320:4 11349:3 11419:2 11427:12 11446:7 11476:3 11544:2 11547:2 11557:9 11571:6 11579:5 11604:2 11670:5 11676:2 11687:6 11696:7 11704:3 11709:11 11731:2 11797:4 11804:2 11814:3 11838:11 11859:2 11924:3 11930:3 11939:4 11968:9 11986:2 12050:3 12055:3 12067:3 12097:7 12114:2 12174:4 12182:3 12195:3 12229:3 12242:2 12273:2 12300:5 12323:4 12370:2 12400:3 12429:3 12453:2 12528:3 12578:1 12581:2 12700:7 12709:2 12712:1 12821:14 12837:4 12949:9 12959:5 12966:3 12977:3 13075:8 13087:6 13094:1 13096:2 13103:6 13203:6 13214:6 13225:3 13230:8 13331:1 13333:1 13338:2 13341:5 13359:7 13367:2 13460:2 13465:5 13471:1 13489:5 13495:3 13593:4 13598:1 13619:3 13623:5 13636:1 13722:3 13747:3 13751:7 13762:3 13846:1 13851:1 13880:3 13891:3 13895:2 13974:2 14019:5 14101:4 14229:1,"{""x"":0.08594,""y"":0.15625,""w"":0.8125,""h"":0.71875}"
46,train/shadows/000046.png,128,"A cleaned target silhouette shows the shadow figure from a historical hand-shadow instruction plate. Infer the expert hand-and-arm ink arrangement that produced that shadow. Submit hand_ink_rle as a 128 by 128 binary mask RLE of the hand/arm drawing, hand_bbox_json as normalized x/y/w/h of the ink mask, and confidence in [0,1].",4112:2 4239:4 4326:2 4367:4 4453:4 4494:3 4582:4 4622:3 4709:3 4750:3 4836:4 4877:3 4962:3 4966:2 5006:1 5008:1 5090:3 5095:1 5134:1 5218:1 5261:2 5302:2 5388:2 5429:3 5515:3 5558:1 5643:2 5680:2 5771:2 5807:3 5935:3 6060:2 6063:2 6186:5 6314:5 6441:3 6568:3 6695:2 6823:2 6951:1 9915:1 10042:4 10170:5 10300:7 10427:15 10533:7 10544:2 10551:22 10656:46 10782:32 10819:3 10824:7 10908:32 10955:5 10961:2 11035:11 11052:5 11058:4 11086:6 11163:5 11215:6 11344:6 11351:2 11473:8 11603:6 11614:3 11733:5 11741:4 11861:7 11870:3 11991:6 12120:7 12250:5 12264:2 12379:7 12391:3 12509:6 12518:4 12638:6 12646:4 12767:11 12896:9 13026:7 13156:4 13286:1,"{""x"":0.08594,""y"":0.25,""w"":0.74219,""h"":0.5625}"
47,train/shadows/000047.png,128,"A cleaned target silhouette shows the shadow figure from a historical hand-shadow instruction plate. Infer the expert hand-and-arm ink arrangement that produced that shadow. Submit hand_ink_rle as a 128 by 128 binary mask RLE of the hand/arm drawing, hand_bbox_json as normalized x/y/w/h of the ink mask, and confidence in [0,1].",1621:4 1749:1 1751:3 1877:1 1879:2 1882:1 2005:1 2007:1 2009:2 2132:1 2134:1 2136:3 2260:1 2262:1 2265:2 2388:3 2393:2 2516:1 2521:2 2644:1 2649:3 2771:1 2898:2 3025:1 3027:1 3152:1 3154:1 3168:2 3280:1 3282:1 3298:3 3406:2 3409:1 3424:7 3534:2 3537:1 3552:1 3554:2 3557:1 3559:4 3661:1 3665:1 3680:1 3682:10 3788:2 3792:1 3817:3 3916:1 3919:1 3945:1 3947:1 4042:3 4046:2 4073:1 4168:2 4171:1 4174:1 4202:1 4295:2 4301:1 4330:1 4423:1 4428:1 4459:1 4549:1 4553:2 4586:3 4676:2 4714:2 4804:1 4844:1 4931:2 4971:2 5059:1 5100:2 5186:3 5228:2 5314:2 5357:1 5442:1 5484:2 5570:1 5611:3 5697:2 5740:2 5825:3 5861:1 5868:1 5952:3 5988:1 5995:2 6080:3 6116:1 6208:3 6243:2 6325:2 6328:3 6336:3 6371:1 6452:6 6459:1 6463:3 6467:1 6499:1 6578:2 6582:4 6587:1 6591:4 6624:1 6627:2 6703:3 6707:8 6716:1 6719:4 6751:2 6754:3 6828:3 6833:3 6837:8 6846:4 6879:1 6881:4 6953:3 6957:5 6963:2 6966:9 6976:1 7007:6 7074:1 7077:4 7082:7 7090:2 7093:1 7095:1 7097:8 7133:1 7135:6 7201:4 7207:5 7213:3 7217:2 7225:6 7232:1 7261:8 7328:1 7330:1 7333:6 7340:3 7354:5 7387:9 7439:1 7455:13 7482:5 7514:10 7568:17 7589:1 7610:5 7639:6 7646:3 7701:11 7739:3 7765:4 7770:5 7831:2 7834:6 7867:3 7890:5 7896:4 7914:2 7959:1 7963:5 7996:1 8015:6 8024:1 8044:2 8095:1 8124:2 8137:1 8140:8 8172:4 8223:1 8253:1 8257:1 8264:9 8275:2 8301:3 8351:2 8370:4 8381:4 8386:1 8389:12 8403:2 8431:3 8479:2 8492:17 8510:17 8531:1 8560:5 8606:5 8613:14 8628:17 8647:4 8652:1 8688:2 8691:2 8729:13 8745:7 8754:2 8758:8 8767:12 8818:2 8821:2 8851:6 8865:4 8874:4 8895:10 8948:6 8993:1 8995:1 9002:2 9024:1 9026:5 9079:3 9130:2 9152:7 9259:1 9280:1 9282:3 9286:1 9385:2 9408:1 9410:4 9512:3 9537:3 9640:3 9664:4 9767:3 9792:1 9794:1 9837:7 9896:1 9898:1 9920:1 9922:2 9964:5 9972:1 10026:2 10048:1 10050:1 10092:8 10155:1 10177:2 10220:8 10229:1 10283:1 10305:2 10348:1 10351:6 10411:1 10433:1 10435:1 10479:1 10482:3 10539:1 10561:1 10563:1 10608:1 10611:2 10667:1 10716:1 10740:1 10795:1 10843:2 10923:1 10969:1 10972:1 11051:1 11096:2 11100:1 11179:1 11228:1 11307:1 11435:1 11471:2 11563:1 11601:3 11605:1 11691:1 11730:4 11862:5 11870:2 11997:4 12057:1 12124:2 12127:3 12185:1 12258:1 12268:1 12313:1 12387:2 12397:1 12441:1 12517:2 12570:1 12647:9 12661:2 12784:1 12788:2 12913:3 13459:1 13587:1 13716:1 13844:2 13972:2 14099:3 14222:4,"{""x"":0.10938,""y"":0.09375,""w"":0.84375,""h"":0.78125}"
49,train/shadows/000049.png,128,"A cleaned target silhouette shows the shadow figure from a historical hand-shadow instruction plate. Infer the expert hand-and-arm ink arrangement that produced that shadow. Submit hand_ink_rle as a 128 by 128 binary mask RLE of the hand/arm drawing, hand_bbox_json as normalized x/y/w/h of the ink mask, and confidence in [0,1].",1042:2 1170:2 1173:1 1300:3 1428:3 1555:5 1683:3 1812:1 2086:1 2214:2 2342:2 2470:3 2597:5 2725:2 2728:2 2853:2 2856:2 2984:2 3105:2 3111:2 3233:2 3239:2 3361:2 3367:2 3489:2 3495:2 3615:4 3623:2 3743:4 3750:3 3871:3 3999:3 4125:3 4253:2 4380:3 4505:6 4632:6 4758:4 4886:2 5014:1 5140:2 5266:3 5394:3 5521:3 5530:1 5649:3 5657:2 5777:2 5783:4 5906:1 5910:7 6039:1 6041:1 6043:2 6169:1 6171:2 6298:3 6425:4 6553:4 6681:2 6684:1 6809:2 6812:1 6938:3 7067:2 7196:1 7753:2 7881:2 8009:2 8135:4 8263:4 8391:4 8519:2 8647:2 8771:1 8775:2 8899:2 8902:2 9027:5 9154:5 9282:5 9410:3 9537:3 9665:3 9793:2 9916:1 9920:2 10044:5 10163:1 10170:7 10190:2 10289:3 10298:7 10318:2 10413:7 10425:7 10445:3 10536:2 10540:7 10552:7 10571:4 10644:2 10663:10 10678:9 10698:4 10772:2 10789:10 10800:4 10805:6 10812:2 10825:3 10900:3 10915:11 10927:10 10951:5 11023:1 11025:2 11028:3 11037:4 11042:10 11053:3 11057:4 11062:2 11074:1 11076:5 11099:2 11149:7 11157:3 11165:13 11179:3 11183:4 11199:8 11226:3 11275:7 11285:3 11294:18 11325:10 11353:3 11396:3 11401:5 11411:4 11424:15 11446:9 11459:4 11481:2 11523:3 11527:1 11535:1 11538:3 11542:1 11551:8 11569:1 11571:10 11609:2 11664:1 11677:3 11681:2 11692:1 11694:9 11736:2 11804:2 11817:11 11830:3 11863:3 11932:2 11945:2 11954:8 11990:3 12060:2 12088:3 12117:3 12172:3 12179:5 12188:2 12217:1 12224:1 12243:3 12298:17 12316:2 12346:8 12370:4 12425:12 12439:4 12444:2 12447:1 12475:9 12498:3 12554:1 12556:6 12567:4 12572:5 12604:9 12624:4 12682:3 12693:7 12701:4 12735:3 12739:2 12752:2 12810:2 12819:3 12823:4 12828:1 12830:2 12879:3 12944:2 12947:8 12958:3 12968:1 13006:3 13071:6 13078:5 13088:3 13095:5 13133:4 13199:4 13204:2 13216:3 13221:7 13260:3 13324:1 13328:3 13350:7 13450:1 13452:2 13457:1 13478:8 13578:4 13608:6 13615:2 13736:6 13743:2 13866:4 13871:3 13994:4 13999:4 14061:3 14126:5 14188:4 14256:5 14268:1 14316:4 14394:3 14444:4 14522:3 14526:2 14650:6,"{""x"":0.02344,""y"":0.0625,""w"":0.85156,""h"":0.83594}"
50,train/shadows/000050.png,128,"A cleaned target silhouette shows the shadow figure from a historical hand-shadow instruction plate. Infer the expert hand-and-arm ink arrangement that produced that shadow. Submit hand_ink_rle as a 128 by 128 binary mask RLE of the hand/arm drawing, hand_bbox_json as normalized x/y/w/h of the ink mask, and confidence in [0,1].",961:4 1089:1 1092:2 1216:1 1220:2 1344:1 1348:3 1472:1 1476:1 1478:1 1600:1 1604:3 1728:1 1731:1 1734:1 1844:1 1854:3 1862:1 1970:5 1976:8 1989:1 2097:4 2104:3 2108:3 2117:1 2224:3 2231:2 2235:3 2239:1 2245:2 2366:1 2373:3 2479:1 2492:1 2503:3 2607:1 2620:1 2635:1 2735:1 2740:1 2747:1 2749:1 2761:1 2764:1 2862:2 2867:1 2875:1 2890:1 2989:2 2994:1 2996:1 3001:1 3005:3 3019:1 3021:1 3118:1 3125:1 3127:1 3129:1 3133:2 3146:1 3148:1 3244:1 3246:1 3253:5 3261:2 3270:1 3274:1 3276:1 3372:1 3374:1 3383:3 3389:1 3398:1 3404:1 3500:1 3502:1 3511:1 3517:1 3532:2 3627:2 3639:2 3645:1 3660:3 3755:1 3766:3 3785:1 3788:1 3791:3 3882:3 3894:2 3913:1 3916:1 3925:3 4009:3 4022:2 4041:1 4044:1 4137:1 4149:1 4169:1 4172:1 4185:4 4265:2 4277:1 4299:1 4319:2 4393:1 4395:1 4423:2 4427:4 4436:1 4447:3 4520:2 4532:1 4554:4 4559:3 4564:1 4577:3 4648:2 4660:1 4688:7 4706:1 4776:2 4791:1 4832:1 4904:2 4919:1 4952:8 5032:1 5043:1 5046:1 5070:1 5078:1 5083:2 5159:1 5174:1 5198:2 5206:1 5213:1 5287:1 5326:5 5341:1 5415:3 5455:9 5468:1 5543:2 5592:2 5671:3 5799:2 5927:3 6055:2 6183:1 6185:1 6439:1 6567:1 6695:1 6823:1 6951:2 7079:3 7206:2 7334:3 7460:2 7463:1 7586:4 7712:6 7834:11 7962:3 7968:5 8089:2 8097:4 8109:1 8117:3 8127:1 8216:4 8221:1 8225:3 8244:2 8254:1 8344:2 8347:1 8354:2 8363:1 8381:2 8470:3 8482:1 8491:1 8506:1 8508:2 8597:3 8603:1 8611:1 8617:1 8633:2 8636:1 8725:4 8731:1 8738:2 8745:1 8759:3 8763:1 8851:3 8855:2 8867:2 8872:1 8887:2 8976:1 8978:2 8982:3 8987:1 8996:1 9099:1 9102:1 9106:1 9112:1 9115:1 9124:2 9232:2 9235:1 9237:1 9240:1 9253:1 9359:1 9365:1 9371:1 9381:2 9484:1 9490:1 9493:1 9496:1 9499:2 9510:2 9614:1 9617:1 9626:3 9638:1 9742:1 9744:1 9751:1 9755:1 9766:1 9768:1 9872:1 9883:2 9894:1 10000:1 10011:2 10023:1 10025:1 10127:1 10138:3 10151:1 10255:1 10266:3 10280:1 10383:1 10394:3 10510:1 10523:1 10556:1 10638:1 10665:1 10681:1 10765:1 10794:1 10810:1 10813:1 10892:1 10938:2 11020:1 11067:1 11069:1 11148:1 11159:1 11194:1 11197:1 11287:1 11323:1 11325:1 11415:1 11422:1 11451:1 11453:1 11543:1 11549:2 11580:2 11671:1 11677:1 11805:1 11827:1 11837:2 11955:1 11966:1 12094:1 12202:1 12221:1 12311:1 12329:1 12439:1 12454:1 12458:1 12461:2 12477:1 12567:1 12581:1 12588:2 12695:1 12698:1 12707:1 12715:2 12834:2 12842:4 12858:1 12969:5 12983:3 13079:1 13093:2 13096:6 13111:1 13113:1 13207:2 13218:11 13238:3 13335:1 13337:1 13344:1 13347:11 13364:4 13463:4 13470:1 13475:1 13477:1 13479:3 13483:3 13491:5 13602:1 13604:1 13609:1 13619:1 13622:3 13729:1 13732:1 13735:1 13741:2 13746:4 13751:1 13863:1 13870:1 13874:4 13879:1 14002:3 14129:5 14255:1 14257:4 14382:2 14385:2 14511:4 14641:1,"{""x"":0.08594,""y"":0.05469,""w"":0.69531,""h"":0.84375}"
52,train/shadows/000052.png,128,"A cleaned target silhouette shows the shadow figure from a historical hand-shadow instruction plate. Infer the expert hand-and-arm ink arrangement that produced that shadow. Submit hand_ink_rle as a 128 by 128 binary mask RLE of the hand/arm drawing, hand_bbox_json as normalized x/y/w/h of the ink mask, and confidence in [0,1].",2232:4 2359:2 2362:2 2490:2 2600:1 2602:1 2614:1 2618:2 2727:1 2731:1 2742:2 2746:2 2855:1 2859:1 2870:2 2874:2 2983:2 3002:2 3111:1 3116:1 3125:2 3239:2 3244:1 3253:2 3367:3 3373:1 3381:2 3388:1 3495:3 3502:1 3510:1 3516:1 3623:3 3638:2 3645:1 3752:2 3759:1 3766:3 3772:2 3880:4 3888:1 3894:2 3901:2 4008:5 4017:1 4023:2 4030:1 4137:3 4141:1 4146:1 4151:3 4159:1 4265:6 4275:1 4279:2 4288:1 4395:3 4408:3 4417:1 4523:4 4533:1 4536:2 4546:1 4652:3 4662:1 4665:2 4675:1 4781:3 4791:2 4794:2 4804:2 4901:4 4910:3 4914:1 4922:2 4934:2 5033:10 5045:1 5050:3 5064:2 5175:5 5195:2 5315:1 5325:4 5447:1 5457:2 5587:3 5669:1 5672:1 5707:2 5718:3 5750:1 5797:9 5848:3 5878:2 5926:4 5931:5 5937:5 5980:2 6005:1 6007:1 6054:11 6066:3 6108:1 6111:2 6131:2 6136:1 6181:14 6241:1 6258:2 6309:6 6316:6 6370:1 6380:7 6436:2 6443:5 6500:2 6505:1 6507:7 6563:1 6570:4 6628:6 6640:3 6649:1 6690:1 6697:3 6758:1 6760:3 6766:1 6777:1 6823:2 6887:1 6889:1 6949:3 7017:2 7077:1 7145:2 7274:1 7288:2 7402:2 7416:1 7419:1 7530:1 7543:1 7658:2 7672:2 7707:1 7786:1 7833:2 7864:1 7914:1 7960:1 7989:1 7992:1 8042:1 8113:1 8116:4 8170:1 8181:1 8240:7 8297:2 8309:1 8366:7 8425:2 8438:1 8440:1 8492:1 8494:6 8553:2 8565:1 8567:1 8619:6 8681:1 8692:1 8746:5 8808:2 8820:1 8822:1 8872:4 8936:2 8948:2 8951:1 8999:5 9064:1 9075:3 9125:2 9192:1 9203:2 9206:1 9252:2 9282:4 9319:2 9331:3 9377:2 9410:1 9447:1 9459:3 9503:2 9574:2 9587:1 9714:4 9842:2 9845:2 9969:3 9973:1 10097:3 10101:1 10226:3 10352:5 10480:2 10483:1 10607:1 10609:2 10735:3 10739:2 10863:5 10990:3 10994:1 11118:4 11246:3 11373:3 11496:2 11501:2 11504:2 11626:1 11628:7 11753:2 11756:3 11760:2 11884:5 12012:1 12014:1 12017:1 12143:3 12272:2 12400:3 12530:1 12658:1 12787:2 12916:1 13045:1 14196:2 14327:1 14447:3 14453:1 14575:4 14582:1 14704:3 14834:1 14840:1 14962:1 14968:1 15090:1 15219:1,"{""x"":0.1875,""y"":0.13281,""w"":0.78125,""h"":0.79688}"
54,train/shadows/000054.png,128,"A cleaned target silhouette shows the shadow figure from a historical hand-shadow instruction plate. Infer the expert hand-and-arm ink arrangement that produced that shadow. Submit hand_ink_rle as a 128 by 128 binary mask RLE of the hand/arm drawing, hand_bbox_json as normalized x/y/w/h of the ink mask, and confidence in [0,1].",2966:2 3087:3 3095:3 3217:2 3224:1 3226:1 3343:1 3346:4 3354:2 3471:1 3475:3 3484:2 3605:3 3614:2 3729:1 3734:4 3740:5 3857:1 3862:4 3867:1 3873:2 3990:4 4001:2 4112:3 4118:1 4121:3 4130:3 4240:1 4243:2 4249:5 4259:4 4368:1 4372:2 4379:5 4385:7 4500:3 4508:1 4510:4 4516:1 4518:4 4625:1 4630:2 4636:6 4646:6 4758:3 4768:3 4776:1 4778:2 4887:3 4895:4 4907:3 5010:1 5015:4 5022:1 5024:4 5033:2 5037:3 5139:1 5143:1 5145:3 5155:4 5166:4 5218:4 5268:1 5272:5 5284:4 5294:5 5346:2 5351:2 5395:2 5402:4 5415:1 5424:2 5481:2 5523:3 5527:1 5530:6 5542:1 5546:1 5554:1 5596:1 5604:1 5653:2 5660:5 5670:1 5673:1 5716:1 5718:1 5720:1 5722:6 5729:1 5732:4 5739:3 5779:1 5782:2 5789:1 5791:3 5844:21 5866:2 5910:4 5921:3 5964:1 5974:6 5981:13 6036:1 6039:2 6050:2 6076:2 6092:1 6102:5 6112:1 6118:7 6164:1 6166:4 6171:1 6178:2 6204:1 6230:3 6238:1 6246:1 6249:2 6252:5 6296:4 6332:1 6358:1 6366:1 6375:1 6379:3 6421:1 6425:4 6460:1 6492:4 6499:5 6506:1 6509:2 6512:1 6550:1 6553:5 6559:2 6574:1 6586:2 6603:3 6614:1 6617:5 6624:1 6626:3 6630:6 6637:3 6679:1 6683:5 6702:1 6714:1 6732:1 6743:3 6758:1 6760:1 6764:4 6813:3 6825:1 6842:2 6862:1 6885:1 6894:1 6942:2 6953:1 6958:1 6970:2 6989:1 7006:10 7022:1 7066:1 7071:1 7098:1 7117:2 7131:12 7144:5 7195:1 7226:1 7244:1 7246:1 7258:8 7269:1 7324:1 7336:1 7354:1 7374:1 7384:1 7386:3 7396:3 7453:1 7481:1 7514:2 7525:3 7529:1 7582:1 7608:1 7631:1 7634:1 7642:1 7647:1 7650:2 7656:1 7711:1 7736:1 7770:1 7773:2 7776:2 7840:1 7864:1 7882:1 7898:2 7969:1 7992:1 8120:1 8147:1 8153:1 8227:1 8248:1 8276:1 8279:2 8356:1 8375:1 8404:4 8485:2 8503:1 8532:3 8612:3 8659:2 8742:1 8786:2 8871:1 8884:1 8895:1 8913:3 9011:1 9040:2 9139:1 9167:2 9295:1 9307:1 9380:1 9420:2 9436:1 9508:1 9547:2 9565:1 9635:1 9675:3 9694:1 9803:2 10834:1 10963:2 11091:2 11220:1 11343:1 11349:1 11472:4 11600:1 11977:1 12104:1 12106:1 12231:1 12233:1,"{""x"":0.11719,""y"":0.17969,""w"":0.76562,""h"":0.57031}"
55,train/shadows/000055.png,128,"A cleaned target silhouette shows the shadow figure from a historical hand-shadow instruction plate. Infer the expert hand-and-arm ink arrangement that produced that shadow. Submit hand_ink_rle as a 128 by 128 binary mask RLE of the hand/arm drawing, hand_bbox_json as normalized x/y/w/h of the ink mask, and confidence in [0,1].",1851:1 1853:2 1978:1 1981:2 2106:1 2109:1 2111:1 2239:1 2365:1 2367:1 2489:1 2493:1 2495:1 2617:4 2623:2 2745:2 2751:2 2872:1 2879:2 2990:1 2994:1 3000:2 3007:2 3117:3 3122:6 3129:3 3135:4 3243:1 3245:2 3254:2 3268:1 3370:1 3372:1 3382:1 3394:2 3498:1 3510:1 3524:1 3526:1 3638:1 3653:1 3655:1 3753:2 3759:1 3765:1 3768:3 3781:1 3783:1 3881:2 3886:2 3893:1 3897:1 3909:1 3911:1 4008:1 4010:1 4016:1 4018:3 4025:2 4039:1 4136:1 4138:1 4145:4 4153:1 4161:1 4167:3 4264:1 4266:1 4275:2 4280:2 4295:6 4394:1 4403:2 4408:1 4420:1 4423:1 4432:3 4519:1 4531:2 4536:1 4548:1 4551:1 4647:1 4658:1 4676:1 4679:1 4692:3 4775:1 4786:1 4804:1 4807:1 4825:5 4902:2 4914:1 4931:1 4935:1 4944:1 4955:4 5030:1 5041:2 5062:2 5065:3 5069:1 5072:1 5085:1 5158:1 5160:1 5170:1 5190:4 5196:7 5213:1 5286:1 5297:1 5331:1 5340:1 5414:1 5458:1 5460:8 5541:2 5591:1 5668:2 5705:2 5719:1 5796:2 5807:1 5810:1 5833:3 5837:1 5847:1 5924:1 5935:1 5938:1 5968:4 5974:1 6052:1 6100:1 6180:1 6190:1 6193:1 6308:1 6321:1 6436:1 6564:2 6692:2 6820:2 6948:1 7076:2 7204:1 7206:1 7333:1 7461:2 7589:2 7717:1 7845:1 7973:1 8100:3 8228:3 8355:2 8358:1 8481:4 8608:5 8735:5 8765:1 8858:10 8884:2 8893:1 8985:3 8991:5 9004:1 9011:3 9019:2 9113:2 9116:1 9120:3 9130:2 9240:3 9244:1 9249:2 9258:1 9275:1 9367:4 9377:1 9385:1 9400:3 9495:2 9499:1 9507:1 9513:1 9527:3 9622:3 9627:1 9634:2 9654:3 9749:4 9763:2 9768:1 9877:4 9892:1 10003:3 10007:1 10020:2 10128:2 10131:1 10134:1 10137:1 10253:2 10258:1 10265:1 10268:1 10277:2 10379:1 10384:2 10387:1 10389:1 10393:1 10396:1 10407:1 10511:1 10515:1 10517:1 10524:1 10534:1 10536:1 10637:1 10645:1 10652:1 10663:1 10665:1 10764:1 10769:1 10776:1 10779:2 10790:1 10793:1 10904:1 10907:3 10919:1 10938:1 11024:1 11032:1 11035:3 11048:1 11067:1 11152:1 11160:1 11163:3 11176:1 11280:1 11288:1 11291:3 11305:1 11324:1 11416:1 11419:2 11449:2 11535:1 11544:1 11547:1 11579:1 11581:1 11663:1 11672:1 11706:1 11708:1 11800:1 11835:1 11837:1 11928:1 12046:1 12056:1 12092:1 12094:1 12174:1 12184:1 12221:2 12319:1 12349:2 12447:1 12467:1 12478:1 12595:1 12606:1 12702:1 12723:1 12825:1 12851:1 12863:1 12953:1 12979:1 12990:1 13081:1 13099:1 13107:1 13117:1 13209:1 13224:1 13228:1 13230:2 13235:1 13244:1 13337:1 13351:1 13357:1 13359:1 13363:1 13371:1 13485:2 13491:1 13596:1 13604:1 13612:3 13619:1 13625:1 13722:1 13724:1 13738:6 13747:1 13754:1 13850:1 13863:9 13875:1 13880:3 13978:1 13989:8 13998:2 14003:1 14007:1 14010:1 14106:2 14115:1 14117:8 14126:1 14131:1 14134:5 14235:1 14237:1 14241:1 14246:1 14248:1 14251:3 14255:2 14259:1 14261:6 14363:3 14375:1 14378:1 14381:1 14383:2 14387:4 14392:2 14509:1 14515:2 14519:3 14641:1 14643:7 14769:1 14771:2 14774:1 14899:5 15026:3 15154:3,"{""x"":0.08594,""y"":0.10938,""w"":0.65625,""h"":0.82031}"
56,train/shadows/000056.png,128,"A cleaned target silhouette shows the shadow figure from a historical hand-shadow instruction plate. Infer the expert hand-and-arm ink arrangement that produced that shadow. Submit hand_ink_rle as a 128 by 128 binary mask RLE of the hand/arm drawing, hand_bbox_json as normalized x/y/w/h of the ink mask, and confidence in [0,1].",1715:2 1843:1 1845:2 1971:1 1974:2 2102:3 2226:1 2230:3 2354:1 2357:1 2359:2 2482:1 2485:1 2488:1 2611:1 2616:1 2738:1 2743:2 2861:6 2871:3 2984:5 2991:3 2995:1 2999:1 3003:2 3110:1 3112:1 3116:1 3118:3 3130:2 3134:1 3237:5 3248:1 3261:1 3264:1 3365:2 3376:1 3390:1 3392:1 3504:1 3518:1 3520:1 3620:1 3631:1 3634:2 3646:1 3748:1 3753:1 3759:1 3771:1 3774:1 3880:2 3886:1 3891:2 3902:1 3904:3 3908:2 4003:2 4010:1 4012:3 4019:1 4030:1 4032:4 4041:3 4047:1 4131:2 4139:4 4146:1 4160:1 4173:3 4178:4 4259:2 4269:2 4274:1 4285:1 4288:1 4307:4 4387:2 4397:2 4402:1 4413:1 4416:1 4437:1 4516:1 4525:1 4541:1 4544:1 4566:1 4642:1 4644:1 4652:1 4669:2 4673:1 4676:2 4682:1 4693:1 4771:1 4781:1 4801:3 4807:7 4816:1 4818:2 4909:1 4929:1 4943:1 4946:1 5026:1 5036:2 5067:1 5074:1 5154:1 5156:1 5189:1 5195:1 5201:1 5282:1 5292:1 5316:5 5328:1 5410:2 5444:12 5537:2 5572:1 5665:2 5675:1 5678:1 5793:1 5803:1 5921:1 6049:1 6058:1 6061:1 6178:1 6306:1 6435:1 6562:2 6690:1 6818:1 6946:2 7074:1 7202:1 7330:1 7458:1 7588:1 7716:1 7844:1 7972:2 8099:3 8227:1 8251:1 8354:3 8378:1 8480:1 8483:1 8506:1 8607:5 8627:2 8634:1 8734:5 8760:2 8857:2 8862:4 8873:2 8889:1 8985:2 8988:6 9001:1 9015:1 9017:1 9113:3 9119:2 9122:1 9129:1 9142:1 9144:1 9241:1 9248:3 9271:1 9368:3 9377:2 9384:1 9496:1 9505:1 9512:1 9623:2 9627:1 9634:2 9639:1 9750:3 9755:1 9764:1 9767:1 9878:3 9891:2 10005:4 10011:1 10020:2 10131:4 10139:1 10149:2 10256:4 10261:3 10267:1 10277:1 10382:1 10386:1 10388:1 10390:1 10406:2 10513:1 10518:1 10523:2 10535:1 10537:1 10555:1 10636:1 10640:1 10644:1 10652:2 10664:1 10666:1 10684:1 10767:1 10772:1 10774:1 10781:2 10813:1 10894:1 10897:1 10899:1 10909:2 10921:1 10941:1 11027:1 11036:3 11068:1 11155:1 11164:3 11178:1 11194:2 11197:2 11282:1 11292:3 11307:1 11326:1 11410:1 11421:1 11452:1 11454:1 11538:1 11581:2 11709:2 11793:1 11839:1 11921:1 11930:1 12059:1 12085:1 12096:1 12177:1 12187:1 12194:1 12213:1 12224:1 12305:1 12315:1 12322:1 12341:1 12352:1 12443:1 12449:1 12469:1 12478:1 12577:1 12597:1 12717:1 12721:2 12725:1 12733:1 12849:1 12853:1 12860:1 12975:1 12981:1 12988:1 13084:1 13097:1 13103:2 13109:1 13115:1 13212:1 13224:1 13230:4 13237:1 13242:2 13340:1 13351:1 13358:5 13366:1 13370:3 13469:1 13472:1 13485:6 13494:1 13497:4 13610:6 13618:1 13622:1 13625:4 13736:7 13745:3 13750:1 13752:1 13755:2 13854:1 13862:1 13865:2 13869:1 13871:2 13874:1 13878:6 13982:2 13993:1 13995:1 13997:1 14000:1 14006:6 14110:1 14112:1 14114:1 14120:1 14125:1 14128:1 14132:1 14134:4 14239:2 14260:1 14262:5 14390:5 14517:3 14645:1 14647:1,"{""x"":0.09375,""y"":0.10156,""w"":0.58594,""h"":0.79688}"
57,train/shadows/000057.png,128,"A cleaned target silhouette shows the shadow figure from a historical hand-shadow instruction plate. Infer the expert hand-and-arm ink arrangement that produced that shadow. Submit hand_ink_rle as a 128 by 128 binary mask RLE of the hand/arm drawing, hand_bbox_json as normalized x/y/w/h of the ink mask, and confidence in [0,1].",713:1 842:1 968:2 1071:3 1077:2 1093:2 1208:1 1219:1 1224:1 1338:1 1345:1 1351:1 1467:1 1472:1 1478:1 1480:1 1604:3 1733:1 2507:2 2628:2 2634:3 2763:1 2887:3 3013:3 3140:1 4008:3 4135:3 4518:1 5408:2 7589:1 7716:1 8487:1 10650:2 10778:1 10906:1 11676:5 11687:1 11942:1 12069:1 12196:1 12203:1 12324:2 12332:1 12451:2 12466:1 12470:2 12582:2 12597:2 12705:1 12708:4 12720:6 12833:7 12843:11 12855:1 12938:2 12957:23 12981:1 12984:1 13066:1 13086:4 13092:9 13102:3 13106:4 13192:2 13214:8 13223:6 13230:1 13234:3 13238:1 13319:1 13349:5 13357:2 13364:1 13445:1 13478:1 13484:2 13487:3 13492:1 13611:2 13615:3 13620:1 13737:2 13741:1 13745:1 13748:1 13863:1 13985:3 13995:2 14110:1 14112:1 14287:1 14391:3 14395:1 14407:4 14412:7 14509:6 14518:4 14523:2 14537:1 14539:3 14543:4 14638:5 14645:2 14648:2 14651:1 14661:1 14664:4 14765:7 14774:1,"{""x"":0.03906,""y"":0.03906,""w"":0.60938,""h"":0.86719}"
58,train/shadows/000058.png,128,"A cleaned target silhouette shows the shadow figure from a historical hand-shadow instruction plate. Infer the expert hand-and-arm ink arrangement that produced that shadow. Submit hand_ink_rle as a 128 by 128 binary mask RLE of the hand/arm drawing, hand_bbox_json as normalized x/y/w/h of the ink mask, and confidence in [0,1].",2776:1 2778:1 2903:2 3031:2 3159:2 3286:2 3414:1 3541:1 3546:1 3668:2 3674:1 3795:1 3801:1 3922:2 3928:1 4049:2 4056:1 4176:2 4184:1 4191:1 4304:1 4311:1 4313:2 4319:1 4322:5 4432:2 4439:1 4456:1 4560:1 4566:1 4575:9 4687:2 4694:1 4697:14 4815:2 4822:1 4825:1 4827:9 4943:2 4950:1 4953:4 5071:2 5082:2 5199:2 5209:2 5322:7 5336:3 5449:1 5454:3 5461:1 5464:3 5468:1 5582:2 5589:1 5592:3 5596:3 5708:1 5710:2 5717:3 5721:3 5725:1 5728:2 5836:3 5845:4 5854:1 5964:3 5974:3 5982:1 6092:3 6102:3 6117:1 6221:3 6231:5 6239:3 6247:1 6349:3 6359:4 6368:4 6373:1 6477:2 6487:5 6496:5 6504:1 6614:8 6623:7 6633:1 6743:5 6752:6 6760:1 6762:1 6871:5 6880:8 6890:3 6999:5 7008:8 7021:1 7127:6 7135:10 7147:1 7149:3 7255:6 7263:1 7265:5 7271:2 7280:1 7384:5 7391:1 7393:5 7399:3 7404:1 7409:1 7511:6 7520:1 7522:2 7525:2 7528:3 7532:1 7640:5 7650:4 7657:2 7660:2 7666:1 7769:3 7778:4 7786:5 7794:1 7897:3 7907:3 8026:2 8035:2 8051:1 8153:3 8163:2 8178:2 8272:1 8283:1 8291:2 8307:1 8395:2 8400:1 8420:1 8436:1 8539:1 8548:1 8564:1 8676:1 8804:1 8821:1 8932:1 8949:1 9060:1 9077:2 9188:1 9205:3 9315:3 9319:7 9334:3 9443:7 9451:3 9462:1 9464:1 9571:8 9580:1 9582:1 9590:1 9592:1 9699:6 9706:1 9708:2 9717:1 9719:2 9828:5 9834:1 9836:2 9844:1 9847:2 9955:6 9962:1 9965:1 9971:1 9975:2 10083:7 10093:1 10098:1 10102:1 10104:1 10213:4 10218:1 10225:2 10231:1 10234:1 10342:5 10352:1 10356:1 10472:3 10481:1 10600:7 10608:1 10611:1 10729:5 10739:1 10840:1 10842:1 10859:7 10967:4 10988:2 10991:3 11096:3 11114:1 11117:2 11120:2 11225:2 11245:5 11354:3 11369:1 11372:1 11374:5 11482:4 11496:1 11503:3 11611:3 11615:1 11623:1 11630:1 11632:1 11739:4 11750:1 11868:6 11877:1 11997:2 12000:3 12004:1 12125:7 12251:1 12253:5 12378:1 12380:4 12507:2 12634:3 12762:7 12891:7 13020:6 13148:6 13277:3 13281:2 13406:2 13409:3 13534:6 13664:2 13667:3 13792:4 13921:1 13923:4 14050:2 14053:3 14178:1 14180:5 14308:7 14438:3 14442:2 14567:4,"{""x"":0.57031,""y"":0.16406,""w"":0.39062,""h"":0.72656}"
61,train/shadows/000061.png,128,"A cleaned target silhouette shows the shadow figure from a historical hand-shadow instruction plate. Infer the expert hand-and-arm ink arrangement that produced that shadow. Submit hand_ink_rle as a 128 by 128 binary mask RLE of the hand/arm drawing, hand_bbox_json as normalized x/y/w/h of the ink mask, and confidence in [0,1].",2769:3 2895:3 2900:3 2904:4 3036:1 3148:2 3273:2 3399:2 3417:2 3524:3 3539:4 3544:1 3547:2 3665:1 3667:2 3678:2 3778:1 3790:2 3808:1 3905:1 3917:1 4032:1 4042:2 4159:1 4164:4 4286:1 4292:1 4413:1 4540:1 4667:1 4674:1 4794:1 4801:2 4810:5 4922:1 4936:1 5177:1 5304:1 5431:1 5558:1 5583:4 5588:1 5685:2 5710:1 5717:4 5836:1 5940:1 5962:1 6067:1 6121:1 6194:1 6249:1 6322:1 6377:1 6448:1 6504:1 6506:1 6635:3 6703:1 6760:1 6764:2 6813:5 6821:3 6830:1 6940:1 6943:1 6947:2 6952:1 6956:2 7068:1 7073:1 7075:1 7077:2 7080:2 7083:1 7196:1 7204:1 7208:3 7324:1 7337:3 7451:2 7465:3 7571:1 7573:6 7581:1 7593:3 7697:6 7707:4 7723:3 7824:1 7828:7 7837:2 7851:3 7963:4 7980:3 8077:2 8087:4 8093:3 8108:3 8203:2 8209:4 8216:1 8223:1 8236:3 8261:1 8329:8 8343:1 8351:1 8365:2 8389:1 8455:4 8470:1 8479:1 8493:4 8515:2 8597:1 8621:4 8637:1 8639:5 8750:3 8763:1 8765:6 8850:1 8860:1 8864:1 8878:4 8889:9 8977:2 8992:1 9009:3 9019:6 9058:1 9064:1 9105:1 9116:1 9118:1 9137:3 9146:4 9187:1 9189:4 9244:1 9247:1 9266:3 9270:1 9272:6 9316:3 9360:1 9372:1 9378:1 9394:4 9399:5 9434:11 9488:1 9504:1 9506:1 9522:3 9526:6 9552:13 9615:1 9627:1 9634:2 9650:10 9679:16 9755:2 9761:3 9778:9 9807:12 9823:1 9830:1 9869:1 9883:1 9890:2 9906:9 9935:9 9945:2 9951:1 9996:1 10011:2 10019:2 10035:9 10063:6 10074:12 10138:1 10148:1 10163:9 10187:8 10205:6 10266:2 10292:6 10299:1 10313:8 10334:1 10394:2 10421:5 10441:6 10463:1 10523:2 10549:2 10553:1 10591:1 10650:2 10677:2 10681:1 10778:2 10787:1 10905:2 11034:1 11160:1 11415:1 12578:2 12706:1,"{""x"":0.05469,""y"":0.16406,""w"":0.80469,""h"":0.61719}"
62,train/shadows/000062.png,128,"A cleaned target silhouette shows the shadow figure from a historical hand-shadow instruction plate. Infer the expert hand-and-arm ink arrangement that produced that shadow. Submit hand_ink_rle as a 128 by 128 binary mask RLE of the hand/arm drawing, hand_bbox_json as normalized x/y/w/h of the ink mask, and confidence in [0,1].",2610:3 2737:1 2740:2 2865:1 2868:3 2996:1 2998:1 3124:3 3248:1 3251:1 3254:1 3376:2 3382:1 3504:1 3510:1 3631:2 3638:1 3751:2 3754:6 3762:1 3767:2 3771:2 3878:1 3884:1 3886:2 3897:2 3901:1 4006:1 4014:1 4027:1 4030:1 4133:1 4156:1 4158:1 4260:1 4270:1 4284:1 4286:1 4387:1 4398:1 4400:3 4412:1 4515:1 4525:2 4529:1 4540:1 4542:1 4647:2 4653:1 4657:2 4665:1 4668:1 4670:3 4676:3 4770:2 4777:1 4781:1 4785:1 4796:1 4798:6 4808:3 4814:1 4898:2 4906:3 4913:1 4926:1 4939:1 4941:1 4945:4 5026:2 5036:1 5040:1 5052:1 5055:1 5075:2 5154:1 5156:1 5165:1 5169:1 5180:1 5183:1 5282:1 5284:1 5292:2 5308:1 5311:1 5331:1 5410:1 5412:1 5420:2 5439:4 5445:5 5454:4 5537:2 5548:2 5567:3 5571:1 5579:4 5665:2 5675:2 5711:1 5793:2 5833:1 5839:1 5921:1 5931:1 5956:1 5961:1 5966:1 6058:1 6082:7 6093:1 6176:3 6186:1 6210:2 6220:1 6304:1 6314:1 6317:1 6433:1 6443:1 6446:1 6561:1 6689:1 6698:1 6701:1 6817:1 6829:1 6945:1 7073:1 7201:1 7329:2 7457:1 7585:1 7714:2 7842:1 7970:2 8098:1 8611:1 8738:3 8866:1 8993:4 9018:1 9119:6 9138:1 9247:2 9250:2 9266:2 9272:2 9374:5 9399:2 9502:4 9513:2 9528:1 9625:3 9630:4 9640:2 9653:1 9752:3 9759:1 9761:1 9780:2 9880:2 9883:1 9888:2 10007:3 10011:1 10016:2 10023:1 10135:2 10138:1 10146:1 10151:1 10262:2 10266:1 10273:2 10279:1 10391:2 10395:1 10403:1 10407:1 10518:3 10532:1 10645:4 10660:1 10772:1 10775:1 10789:1 10899:1 10905:1 10917:2 11023:2 11027:2 11030:1 11033:1 11036:1 11045:1 11048:1 11148:2 11154:1 11158:1 11161:1 11164:1 11174:1 11177:1 11194:1 11280:1 11286:1 11292:1 11302:1 11407:1 11411:1 11417:1 11420:3 11431:2 11448:2 11534:1 11537:1 11539:1 11545:1 11548:3 11561:1 11577:2 11581:1 11674:1 11677:3 11690:1 11707:3 11795:1 11802:1 11805:2 11819:1 11834:1 11837:1 11930:1 11933:2 11963:1 11965:1 12058:1 12061:1 12092:1 12186:1 12189:1 12220:1 12306:1 12314:1 12349:2 12442:1 12478:1 12570:1 12606:1 12689:1 12698:1 12705:1 12723:1 12817:1 12833:1 12852:1 12863:1 12945:1 12961:1 12980:1 13108:1 13229:1 13236:1 13340:1 13360:2 13364:1 13372:1 13468:1 13482:1 13487:2 13492:1 13499:1 13596:1 13609:1 13615:2 13620:1 13626:2 13724:1 13742:3 13748:1 13753:3 13863:1 13868:6 13876:1 13880:4 13983:1 13990:1 13994:8 14004:1 14007:4 14109:1 14121:10 14133:1 14137:4 14238:1 14249:9 14259:1 14261:1 14263:1 14266:1 14366:1 14375:3 14379:1 14381:1 14384:1 14386:2 14390:6 14494:2 14497:1 14501:1 14509:1 14512:1 14514:1 14517:6 14623:2 14626:1 14632:1 14644:5 14772:6 14901:4 15029:4,"{""x"":0.09375,""y"":0.15625,""w"":0.57031,""h"":0.76562}"
64,train/shadows/000064.png,128,"A cleaned target silhouette shows the shadow figure from a historical hand-shadow instruction plate. Infer the expert hand-and-arm ink arrangement that produced that shadow. Submit hand_ink_rle as a 128 by 128 binary mask RLE of the hand/arm drawing, hand_bbox_json as normalized x/y/w/h of the ink mask, and confidence in [0,1].",3489:3 3493:3 3613:2 3625:3 3740:1 3756:3 3887:1 4018:2 4127:3 4131:2 4148:3 4252:3 4261:2 4279:1 4378:2 4392:2 4408:1 4504:1 4522:3 4537:1 4653:3 4665:1 4785:4 4794:1 4917:1 4923:1 5046:1 5051:2 5180:2 5310:1 5419:6 5432:1 5439:1 5553:1 5568:1 5697:1 5826:1 5955:1 6212:2 6305:4 6313:4 6341:1 6431:2 6446:1 6470:1 6575:1 6599:1 6728:1 6928:1 6985:1 7056:1 7070:1 7184:2 7199:1 7242:1 7310:2 7371:2 7381:5 7436:2 7501:1 7507:2 7515:1 7519:1 7563:1 7569:1 7630:2 7634:1 7637:3 7644:1 7647:1 7691:1 7760:3 7775:1 7888:3 7902:1 8015:4 8030:1 8143:3 8158:13 8270:4 8286:5 8292:5 8299:2 8398:4 8414:7 8427:1 8429:1 8526:4 8542:4 8654:3 8669:1 8673:10 8687:2 8782:2 8797:3 8804:1 8812:2 8817:2 8909:3 8933:1 8942:5 9037:3 9062:1 9076:2 9142:1 9164:3 9191:1 9271:2 9274:1 9291:2 9294:1 9308:1 9321:1 9399:2 9403:1 9418:4 9436:1 9450:1 9528:6 9535:3 9546:3 9562:2 9658:8 9672:4 9690:1 9694:1 9706:2 9787:7 9800:4 9822:1 9824:1 9836:1 9880:1 9918:6 9925:1 9927:4 9949:1 9952:1 10002:1 10007:1 10047:8 10057:1 10073:1 10076:1 10080:1 10093:1 10130:5 10176:6 10183:3 10201:1 10260:16 10304:10 10329:3 10399:13 10432:10 10456:2 10464:2 10480:1 10524:17 10561:9 10584:2 10593:1 10657:1 10659:10 10689:9 10711:2 10720:2 10772:1 10784:1 10788:8 10797:1 10816:9 10849:1 10901:3 10908:5 10918:9 10928:1 10944:2 10947:6 10977:2 11033:2 11036:3 11048:8 11057:1 11075:5 11105:2 11165:2 11182:6 11203:1 11205:3 11233:3 11292:2 11313:3 11331:1 11334:2 11353:1 11362:2 11420:1 11462:2 11490:1 11619:2 11747:2 11877:1 12005:1 12133:1 13402:2 13531:1,"{""x"":0.08594,""y"":0.21094,""w"":0.83594,""h"":0.61719}"
65,train/shadows/000065.png,128,"A cleaned target silhouette shows the shadow figure from a historical hand-shadow instruction plate. Infer the expert hand-and-arm ink arrangement that produced that shadow. Submit hand_ink_rle as a 128 by 128 binary mask RLE of the hand/arm drawing, hand_bbox_json as normalized x/y/w/h of the ink mask, and confidence in [0,1].",2145:2 2272:2 2275:1 2398:3 2402:2 2524:3 2530:1 2651:1 2657:2 2778:1 2783:3 2905:2 2911:3 3031:3 3038:3 3157:2 3164:4 3282:3 3291:3 3303:2 3397:3 3408:3 3419:2 3430:1 3524:1 3526:2 3536:1 3545:3 3554:5 3655:2 3662:2 3671:4 3679:3 3779:1 3782:3 3790:1 3798:4 3804:3 3907:1 3909:4 3916:2 3924:5 3932:1 4035:1 4037:4 4042:2 4051:4 4056:4 4162:1 4165:3 4169:2 4176:7 4184:2 4290:1 4293:3 4303:7 4311:1 4417:1 4419:4 4432:4 4545:1 4548:3 4558:4 4673:1 4675:2 4684:4 4800:3 4813:2 4927:2 4937:4 5054:2 5062:5 5180:1 5189:1 5306:2 5316:1 5433:2 5573:3 5687:2 5700:1 5813:2 5940:1 6067:4 6074:1 6193:4 6216:1 6320:3 6328:2 6446:2 6701:1 6828:1 6954:1 7075:2 7081:1 7200:3 7205:1 7208:1 7321:1 7334:2 7448:1 7462:1 7575:1 7582:1 7703:1 7708:3 7715:2 7720:1 7761:2 7830:1 7834:2 7842:4 7848:1 7887:5 7893:2 7958:4 7969:1 7971:3 7976:1 8012:13 8084:5 8090:2 8098:1 8100:4 8105:1 8138:1 8140:10 8151:4 8157:1 8211:6 8230:2 8233:1 8266:8 8277:9 8288:3 8338:8 8358:3 8362:1 8393:1 8395:7 8411:8 8465:9 8475:1 8487:4 8520:5 8545:2 8593:6 8600:3 8605:2 8616:3 8646:3 8720:12 8735:2 8745:3 8772:3 8848:5 8854:6 8864:2 8867:1 8874:2 8898:1 8901:1 8976:3 8981:1 8983:1 8985:4 8994:4 9003:2 9027:3 9103:2 9108:1 9110:4 9115:4 9124:4 9133:1 9155:1 9231:1 9236:1 9238:1 9240:1 9242:5 9254:1 9261:2 9357:1 9362:1 9367:1 9369:2 9373:3 9390:2 9484:1 9491:1 9493:2 9496:1 9498:1 9500:4 9519:1 9610:2 9617:1 9620:1 9623:1 9736:2 9743:1 9746:2 9749:1 9872:2 9970:1 9996:2 9999:1 10092:1 10099:1 10122:1 10125:1 10218:6 10251:1 10348:4 10477:3 10606:2 10735:3 11832:1 11962:1 12089:1 12216:1 12345:1 12474:1 12476:1 12603:3 12842:2 13622:1 13751:1 13879:1 14269:1 14397:1,"{""x"":0.0625,""y"":0.125,""w"":0.84375,""h"":0.75781}"
66,train/shadows/000066.png,128,"A cleaned target silhouette shows the shadow figure from a historical hand-shadow instruction plate. Infer the expert hand-and-arm ink arrangement that produced that shadow. Submit hand_ink_rle as a 128 by 128 binary mask RLE of the hand/arm drawing, hand_bbox_json as normalized x/y/w/h of the ink mask, and confidence in [0,1].",2503:3 2630:2 2634:1 2757:3 2762:1 2885:1 2887:1 3013:3 3141:1 3144:1 3147:1 3269:1 3274:2 3397:1 3403:1 3525:1 3531:7 3539:2 3651:3 3658:1 3660:3 3664:1 3670:1 3776:2 3789:2 3798:1 3903:1 3906:2 3927:2 4030:1 4033:1 4046:1 4057:1 4158:1 4160:1 4174:1 4185:1 4286:1 4288:1 4298:3 4302:2 4416:1 4427:1 4431:1 4436:2 4441:2 4542:1 4544:1 4547:1 4554:2 4559:1 4563:1 4569:2 4668:3 4672:1 4683:1 4688:3 4697:2 4790:9 4800:1 4811:1 4816:1 4825:1 4827:1 4914:3 4926:1 4940:1 4944:1 4953:1 4955:1 5038:3 5042:1 5054:1 5057:1 5068:1 5072:2 5081:1 5083:1 5161:4 5182:1 5185:1 5200:2 5211:2 5289:2 5310:1 5313:1 5328:2 5339:2 5435:4 5457:2 5467:2 5546:1 5556:5 5562:1 5564:3 5596:1 5676:7 5714:1 5807:1 5843:1 5851:3 5934:1 5940:1 5971:1 5981:1 6062:1 6068:1 6073:3 6096:1 6099:1 6109:1 6191:2 6197:7 6224:1 6227:1 6237:1 6322:1 6365:1 6481:1 6484:1 6493:1 6609:1 6621:1 6749:1 6877:1 7004:2 7133:1 7261:1 7388:2 7517:1 7644:2 7773:1 8284:1 8411:3 8541:1 8668:3 8796:6 8902:1 8925:2 8928:2 9038:1 9054:5 9159:2 9165:2 9183:4 9189:3 9288:2 9302:2 9311:4 9318:3 9416:1 9431:2 9439:1 9441:1 9445:1 9447:2 9547:1 9567:2 9573:1 9575:3 9675:2 9689:1 9695:2 9702:1 9704:2 9817:1 9822:1 9830:1 9833:2 9946:1 9950:2 9958:1 9961:2 10074:1 10078:1 10089:3 10205:1 10217:4 10333:1 10346:1 10349:2 10460:1 10472:1 10478:1 10481:2 10587:2 10597:1 10600:1 10603:1 10605:1 10607:1 10612:2 10716:1 10725:1 10728:1 10731:1 10737:1 10841:1 10843:1 10853:1 10859:1 10862:1 10866:1 10968:1 10971:1 10980:2 10984:1 10990:1 10992:1 10995:1 11079:1 11098:1 11107:3 11112:1 11225:1 11235:3 11240:1 11247:1 11334:1 11337:1 11353:1 11363:3 11368:1 11464:2 11480:1 11492:2 11496:1 11589:1 11591:1 11607:1 11620:2 11624:1 11717:2 11720:1 11749:1 11752:1 11760:1 11845:1 11847:1 11880:1 11973:1 12008:1 12102:1 12136:1 12145:1 12264:1 12273:1 12356:2 12385:1 12401:1 12484:1 12513:1 12612:1 12623:1 12642:1 12751:1 12868:1 12879:1 12903:1 13007:1 13014:1 13031:1 13135:1 13138:2 13159:1 13255:1 13263:1 13267:2 13273:1 13287:1 13384:1 13391:1 13395:2 13402:1 13512:2 13519:1 13523:3 13532:1 13640:3 13647:1 13650:6 13661:1 13668:1 13670:1 13768:4 13775:1 13778:8 13798:1 13897:4 13903:1 13906:10 13926:1 14024:4 14031:1 14035:11 14054:1 14154:1 14157:1 14159:1 14161:2 14164:1 14167:1 14169:1 14171:1 14175:1 14179:1 14181:1 14281:6 14289:2 14292:1 14295:1 14300:1 14306:1 14308:2 14410:6 14540:5 14667:6 14796:4 14924:4,"{""x"":0.32031,""y"":0.14844,""w"":0.60156,""h"":0.76562}"
67,train/shadows/000067.png,128,"A cleaned target silhouette shows the shadow figure from a historical hand-shadow instruction plate. Infer the expert hand-and-arm ink arrangement that produced that shadow. Submit hand_ink_rle as a 128 by 128 binary mask RLE of the hand/arm drawing, hand_bbox_json as normalized x/y/w/h of the ink mask, and confidence in [0,1].",3763:3 3767:1 3769:3 3887:3 3893:4 3900:4 4012:6 4024:1 4026:3 4033:1 4060:4 4133:3 4139:2 4159:3 4164:3 4179:5 4187:2 4190:2 4196:3 4260:1 4265:2 4288:19 4328:2 4388:6 4432:1 4460:1 4464:2 4467:3 4471:1 4509:1 4516:2 4519:1 4524:14 4590:2 4634:2 4640:2 4645:6 4652:16 4719:1 4759:3 4771:2 4775:1 4777:7 4791:7 4848:1 4902:1 4906:2 4922:4 4931:1 4976:1 5019:5 5025:1 5031:3 5052:2 5059:1 5104:1 5144:1 5148:9 5186:2 5271:4 5276:2 5310:2 5313:3 5400:4 5439:1 5441:2 5528:1 5567:3 5695:4 5825:2 5835:1 5941:1 5952:1 5954:1 5962:2 6061:1 6068:1 6080:2 6089:2 6189:6 6208:2 6215:1 6217:2 6316:6 6336:1 6343:1 6345:1 6439:2 6442:4 6447:1 6470:4 6567:6 6596:5 6694:6 6725:4 6822:6 6852:4 6949:1 6951:3 6980:3 7077:3 7108:3 7155:1 7204:3 7236:2 7242:1 7283:1 7330:3 7365:2 7411:1 7457:1 7493:2 7539:1 7622:3 7667:1 7714:1 7751:4 7795:1 7881:6 7892:1 7923:1 8013:1 8015:2 8020:1 8051:1 8133:1 8142:4 8148:1 8179:1 8259:5 8272:4 8362:1 8388:10 8400:1 8402:1 8490:1 8518:6 8525:3 8529:1 8618:1 8651:3 8657:1 8674:1 8743:2 8746:1 8781:4 8798:1 8800:2 8803:1 8872:2 8925:7 8940:2 9053:1 9057:1 9065:3 9189:2 9314:2 9439:2 12953:1 12956:3 12974:2 13082:1 13085:1 13087:3 13091:5 13097:2 13100:1 13102:1 13106:1 13209:2 13213:1 13215:1 13217:1 13219:2 13223:1 13225:1 13230:2 13234:1 13236:1 13336:3 13341:1 13344:1 13346:3 13350:2 13353:2 13356:1,"{""x"":0.17969,""y"":0.22656,""w"":0.75781,""h"":0.59375}"
68,train/shadows/000068.png,128,"A cleaned target silhouette shows the shadow figure from a historical hand-shadow instruction plate. Infer the expert hand-and-arm ink arrangement that produced that shadow. Submit hand_ink_rle as a 128 by 128 binary mask RLE of the hand/arm drawing, hand_bbox_json as normalized x/y/w/h of the ink mask, and confidence in [0,1].",2636:1 2738:3 2763:1 2765:1 2872:2 2888:1 2892:1 3013:1 3018:2 3133:1 3139:1 3144:2 3147:1 3270:4 3398:2 3526:1 4046:1 4168:7 4291:1 4293:1 4301:2 4426:4 4551:3 5417:3 5799:1 6561:2 8485:1 8612:1 9255:1 11033:1 11161:1 11289:1 11931:2 12061:1 12063:6 12325:1 12451:1 12458:1 12579:1 12586:1 12708:1 12714:1 12720:1 12835:1 12848:1 12853:1 12936:1 12960:4 12965:1 12976:6 13064:1 13088:1 13090:2 13093:1 13099:10 13190:2 13212:22 13235:1 13237:1 13317:2 13340:4 13345:19 13443:1 13471:5 13477:6 13484:1 13488:3 13603:3 13607:1 13611:2 13618:1 13620:1 13738:2 13741:4 13746:3 13865:1 13870:3 13874:1 13990:1 14112:4 14122:4 14236:2 14635:6 14644:4 14649:2 14662:6 14669:2 14672:1 14764:6 14771:8 14790:2 14793:2 14797:4,"{""x"":0.02344,""y"":0.15625,""w"":0.60938,""h"":0.75}"
69,train/shadows/000069.png,128,"A cleaned target silhouette shows the shadow figure from a historical hand-shadow instruction plate. Infer the expert hand-and-arm ink arrangement that produced that shadow. Submit hand_ink_rle as a 128 by 128 binary mask RLE of the hand/arm drawing, hand_bbox_json as normalized x/y/w/h of the ink mask, and confidence in [0,1].",1989:2 2102:10 2119:2 2224:5 2230:10 2241:1 2246:2 2370:2 2375:2 2494:2 2501:1 2506:1 2626:1 2635:1 2735:2 2738:1 2742:3 2756:1 2856:13 2870:5 2983:5 2989:15 3112:3 3122:4 3127:4 3132:1 3241:2 3918:1 4047:1 4176:1 4305:1 4434:1 5686:1 7274:1 9932:2 11884:2 12011:1 12513:1 12641:1 12769:3 12897:5 13025:5 13153:4 13281:4 13410:3 13538:3 13666:3 13794:3 13924:2 14052:2,"{""x"":0.30469,""y"":0.11719,""w"":0.55469,""h"":0.74219}"
71,train/shadows/000071.png,128,"A cleaned target silhouette shows the shadow figure from a historical hand-shadow instruction plate. Infer the expert hand-and-arm ink arrangement that produced that shadow. Submit hand_ink_rle as a 128 by 128 binary mask RLE of the hand/arm drawing, hand_bbox_json as normalized x/y/w/h of the ink mask, and confidence in [0,1].",1975:1 2102:1 2104:1 2230:1 2232:3 2359:1 2488:1 2492:1 2503:1 2506:1 2616:1 2618:1 2622:1 2629:1 2746:1 2752:1 2757:1 2875:2 3003:1 3636:1 3640:1 3764:2 3892:2 3899:2 4021:1 4023:3 4154:1 4283:1 5462:1 5977:1 8922:2 9051:1 11748:1 12004:1 12132:1 12765:3 12886:1 12896:2 13143:1 13266:1 13273:1 13394:1 13401:1 13516:1 13522:1 13529:1 13639:5 13658:2 13768:8 13784:2 13897:9 13911:1 13913:5 13919:1 14023:1 14025:3 14029:3 14033:4 14039:10 14068:1 14150:2 14153:8 14162:16 14195:2 14279:1 14281:2 14287:2 14290:1 14292:5 14299:5 14306:1 14324:2 14407:1 14409:1 14415:2 14418:4 14423:5 14453:1 14535:1 14537:1 14539:2 14542:1 14545:1 14548:1 14550:3 14582:1 14665:1 14667:3 14712:1 14802:1 14926:1 14928:1 14933:1 15063:2 15196:3 15276:2 15279:4 15284:3 15327:1 15403:4 15408:3 15412:2 15425:2 15428:1 15430:2 15439:2 15553:8 15563:5 15684:4 15690:7,"{""x"":0.33594,""y"":0.11719,""w"":0.60938,""h"":0.84375}"
72,train/shadows/000072.png,128,"A cleaned target silhouette shows the shadow figure from a historical hand-shadow instruction plate. Infer the expert hand-and-arm ink arrangement that produced that shadow. Submit hand_ink_rle as a 128 by 128 binary mask RLE of the hand/arm drawing, hand_bbox_json as normalized x/y/w/h of the ink mask, and confidence in [0,1].",1706:1 1833:2 1836:1 1960:3 1964:1 2087:1 2090:1 2092:1 2215:2 2218:1 2220:1 2342:3 2346:1 2348:1 2470:2 2474:3 2598:2 2604:1 2726:2 2732:1 2853:3 2861:1 2989:2 3117:1 3119:1 3232:2 3246:1 3248:1 3356:4 3361:1 3374:1 3376:1 3483:6 3503:1 3505:1 3610:2 3613:1 3615:3 3632:1 3635:1 3735:5 3761:1 3763:2 3863:3 3889:1 3892:1 3991:1 3993:1 4018:1 4021:1 4120:1 4146:2 4150:1 4248:1 4275:1 4278:3 4375:1 4403:1 4409:1 4503:1 4532:1 4537:2 4631:2 4661:2 4667:1 4758:3 4790:2 4794:2 4885:3 4924:1 5013:2 5052:1 5140:3 5180:2 5268:2 5309:2 5397:1 5438:2 5523:2 5566:2 5652:3 5694:2 5781:2 5822:3 5909:1 5916:1 5950:3 6037:3 6045:1 6078:3 6173:1 6206:1 6208:2 6301:2 6335:3 6343:4 6430:1 6462:4 6470:7 6558:1 6591:3 6597:1 6599:5 6605:2 6685:2 6689:1 6719:4 6725:1 6727:7 6735:3 6813:6 6848:3 6852:1 6854:4 6859:5 6866:5 6941:5 6947:1 6976:1 6978:2 6982:3 6986:1 6988:1 6990:5 6996:2 6999:3 7068:8 7104:7 7114:2 7117:1 7119:10 7130:3 7196:7 7204:1 7232:7 7245:3 7249:3 7254:6 7262:2 7325:7 7363:5 7378:3 7382:9 7392:1 7454:2 7458:4 7463:1 7490:5 7509:1 7515:1 7518:4 7524:4 7529:8 7585:1 7588:4 7594:1 7618:5 7647:11 7715:1 7717:8 7747:4 7777:8 7786:1 7845:1 7847:1 7849:1 7851:5 7876:2 7905:5 7911:2 7958:3 7976:2 7981:6 8004:2 8033:3 8085:2 8105:1 8110:7 8132:1 8161:1 8210:4 8237:2 8241:7 8249:1 8256:1 8259:2 8289:1 8336:5 8365:2 8369:11 8382:2 8385:4 8391:8 8416:2 8462:2 8465:3 8494:1 8499:3 8503:12 8516:7 8524:9 8534:5 8544:2 8590:5 8629:13 8643:21 8667:8 8676:4 8717:1 8719:2 8760:1 8762:8 8772:3 8782:1 8785:6 8796:8 8807:7 8844:3 8887:1 8889:9 8915:4 8925:2 8969:5 9016:8 9025:1 9045:3 9055:2 9097:3 9148:7 9174:1 9276:5 9282:1 9302:2 9407:2 9410:1 9430:3 9532:4 9558:3 9662:2 9665:1 9686:1 9688:2 9743:3 9790:4 9814:1 9816:1 9870:1 9873:4 9918:4 9941:1 9999:7 10046:1 10048:2 10069:1 10127:7 10174:1 10176:1 10197:1 10253:5 10261:1 10302:1 10304:1 10325:1 10382:2 10385:4 10430:2 10453:1 10511:1 10557:1 10559:1 10581:1 10709:1 10790:1 10837:1 10918:1 10966:1 11048:3 11094:1 11175:1 11177:1 11222:1 11315:1 11350:1 11437:1 11441:3 11478:1 11565:4 11606:1 11683:3 11691:2 11811:3 11816:3 11879:1 11936:4 11941:2 12007:1 12063:1 12135:1 12181:2 12189:2 12263:1 12309:1 12317:1 12390:2 12444:1 12518:1 12556:3 12562:10 12685:7 12695:2 12814:1 13294:1 13421:1 13548:2 13676:1 13804:1 13932:3 14062:5,"{""x"":0.07031,""y"":0.10156,""w"":0.82812,""h"":0.75781}"
73,train/shadows/000073.png,128,"A cleaned target silhouette shows the shadow figure from a historical hand-shadow instruction plate. Infer the expert hand-and-arm ink arrangement that produced that shadow. Submit hand_ink_rle as a 128 by 128 binary mask RLE of the hand/arm drawing, hand_bbox_json as normalized x/y/w/h of the ink mask, and confidence in [0,1].",2097:2 2224:3 2352:2 3121:1 3250:1 3376:3 3503:3 3630:2 3758:2 3886:1 4013:1 4289:3 4415:3 4419:3 4543:3 4548:2 4671:2 4798:2 4897:1 4924:3 5024:2 5051:3 5152:2 5179:2 5280:3 5306:2 5408:3 5434:2 5536:1 5538:1 5663:2 5666:1 5791:2 5919:2 5922:1 5929:3 5934:9 6047:2 6050:1 6056:4 6063:5 6175:2 6178:1 6187:1 6237:1 6303:2 6306:1 6310:2 6315:5 6365:2 6431:2 6434:1 6438:2 6493:4 6565:3 6622:6 6689:1 6693:3 6817:1 6820:3 6946:5 7076:1 7203:2 7332:1 7627:1 7713:1 7750:6 7839:3 9890:2 10017:2 10146:1 10267:1 10395:1 10398:1 10524:1 10526:1 10650:1 10652:1 10654:1 10778:3 10782:1 10795:2 10907:2 10925:1 11035:1 11054:1 11163:1 11178:2 11182:3 11290:2 11307:3 11313:3 11419:1 11436:4 11547:1 11565:1 11567:2 11675:1 11930:1 12057:2 12075:2 12106:3 12114:6 12185:1 12204:2 12235:16 12333:1 12364:15 12461:4 12488:7 12588:8 12614:7 12716:11 12739:9 12824:2 12840:31 12952:1 12969:4 12979:19 13096:3 13111:9 13223:3 13351:3 13478:3 13605:3 13733:3 13861:3 13989:2 14117:1 14244:2 14371:2 14499:2 14628:2 14755:3 14883:2 15011:2,"{""x"":0.1875,""y"":0.125,""w"":0.59375,""h"":0.79688}"
74,train/shadows/000074.png,128,"A cleaned target silhouette shows the shadow figure from a historical hand-shadow instruction plate. Infer the expert hand-and-arm ink arrangement that produced that shadow. Submit hand_ink_rle as a 128 by 128 binary mask RLE of the hand/arm drawing, hand_bbox_json as normalized x/y/w/h of the ink mask, and confidence in [0,1].",2629:1 2757:1 3125:1 3254:4 3276:1 3384:2 3404:1 3533:1 3535:1 3663:1 3791:2 3857:1 3874:1 3919:2 3985:1 3987:4 4001:2 4048:1 4113:1 4116:3 4123:3 4129:2 4242:2 4258:1 4371:1 4387:1 4547:3 4800:2 4930:1 4932:7 5062:5 5174:5 5190:5 5301:4 5430:6 5689:3 6869:2 6997:2 7125:2 7253:2 7381:4 7510:3 7630:2 7634:1 7638:4 7759:1 7762:1 7788:2 7915:1 8014:3 8019:1 8042:4 8142:4 8147:1 8170:2 8174:2 8271:2 8302:3 8400:1 8431:4 8528:1 8560:3 8656:2 8689:4 8785:1 8818:3 8914:1 8948:2 9042:1 9077:3 9170:2 9206:2 9299:1 9427:2 9555:2 9675:1 9684:2 9804:2 9813:2 9932:2 9941:2 10070:2 10199:2 10327:2 10455:3 10585:1,"{""x"":0.13281,""y"":0.15625,""w"":0.80469,""h"":0.49219}"
75,train/shadows/000075.png,128,"A cleaned target silhouette shows the shadow figure from a historical hand-shadow instruction plate. Infer the expert hand-and-arm ink arrangement that produced that shadow. Submit hand_ink_rle as a 128 by 128 binary mask RLE of the hand/arm drawing, hand_bbox_json as normalized x/y/w/h of the ink mask, and confidence in [0,1].",3147:2 3275:2 3404:1 4043:2 4172:1 4299:2 4429:1 4557:2 4687:1 4815:1 5051:1 5053:1 5178:2 5181:1 5183:1 5306:1 5308:1 5310:2 5438:2 5568:1 5696:3 5724:1 5826:2 5852:1 5954:2 5980:1 6083:2 6106:1 6108:1 6234:3 6362:4 6491:3 6600:3 6620:2 6730:5 6738:3 6746:4 6866:1 6874:4 6990:5 6998:1 7002:4 7126:1 7130:2 7201:3 7254:2 7259:1 7326:5 7382:3 7387:1 7453:1 7511:3 7639:5 7768:2 7896:2 8244:5 8283:2 8373:4 8411:1 10330:2 10458:2 10586:1 10593:1 10718:1 10721:1 10846:1 10848:1 10974:1 10976:1 10978:1 11104:2 11216:2 11232:2 11344:1 11361:1 11471:1 11488:2 11596:2 11600:4 11617:2 11723:3 11728:3 11745:1 11855:1 11857:1 11874:1 12131:1 12259:1 12333:1 12341:3 12371:1 12388:1 12455:15 12497:2 12583:14 12625:1 12722:7 12750:4 12852:6 12875:8 12900:1 12983:10 12998:17 13028:2 13114:29 13156:2 13243:18 13266:4 13378:1 13396:3 13525:3 13654:2 13782:2 13911:2 14039:2 14168:2 14296:2 14424:3 14553:2 14681:2 14810:2 14938:2 15067:2 15195:2,"{""x"":0.22656,""y"":0.1875,""w"":0.57031,""h"":0.74219}"
76,train/shadows/000076.png,128,"A cleaned target silhouette shows the shadow figure from a historical hand-shadow instruction plate. Infer the expert hand-and-arm ink arrangement that produced that shadow. Submit hand_ink_rle as a 128 by 128 binary mask RLE of the hand/arm drawing, hand_bbox_json as normalized x/y/w/h of the ink mask, and confidence in [0,1].",2489:2 2618:1 2747:1 3138:1 3245:2 3266:1 3372:1 3374:3 3394:3 3653:1 3781:2 3910:1 4379:1 4409:4 4492:1 4494:1 4502:2 4507:1 4538:4 4620:1 4623:3 4629:3 4636:1 4665:2 4750:1 4758:1 4765:1 4796:7 4879:1 4929:1 5054:5 5168:4 5424:6 5683:2 6605:1 6733:2 6861:2 6989:2 7010:1 7117:4 7137:2 7246:4 7265:1 7367:1 7370:1 7374:3 7393:4 7496:2 7499:1 7521:1 7524:3 7625:1 7653:4 7752:2 7756:1 7782:5 7879:4 7911:4 8008:2 8041:3 8137:1 8170:3 8265:1 8299:2 8394:1 8428:1 8522:2 8651:1 8779:1 8908:2 9037:2 9165:2 9286:1 9294:2 9413:3 9423:1 9543:1 9551:1 9671:2 9680:2 9808:2 9937:2 10065:2,"{""x"":0.09375,""y"":0.14844,""w"":0.75781,""h"":0.46875}"
78,train/shadows/000078.png,128,"A cleaned target silhouette shows the shadow figure from a historical hand-shadow instruction plate. Infer the expert hand-and-arm ink arrangement that produced that shadow. Submit hand_ink_rle as a 128 by 128 binary mask RLE of the hand/arm drawing, hand_bbox_json as normalized x/y/w/h of the ink mask, and confidence in [0,1].",2890:3 3015:3 3021:3 3138:4 3145:4 3153:3 3159:1 3162:2 3165:1 3263:2 3269:3 3273:1 3280:7 3288:2 3294:1 3368:1 3386:4 3392:3 3414:1 3417:7 3488:6 3497:21 3520:2 3549:3 3558:1 3609:3 3616:2 3619:1 3632:1 3658:1 3671:2 3674:5 3682:3 3688:2 3733:2 3784:1 3786:8 3795:10 3807:3 3818:2 3849:4 3854:1 3859:1 3911:20 3933:1 3948:1 3980:2 3983:3 4038:7 4046:9 4056:4 4066:1 4069:2 4108:1 4110:2 4158:1 4164:5 4189:3 4193:2 4196:3 4200:3 4236:1 4238:2 4286:1 4292:3 4321:3 4325:3 4329:4 4364:1 4414:1 4418:3 4454:6 4492:1 4542:2 4546:2 4585:3 4622:1 4670:2 4674:1 4799:2 4802:1 4928:3 5046:1 5055:4 5184:2 5303:3 5313:1 5315:1 5327:1 5335:1 5432:2 5442:2 5456:1 5463:2 5560:3 5564:1 5570:2 5586:12 5689:1 5691:2 5699:1 5715:11 5817:2 5820:2 5845:1 5848:3 5852:4 5946:5 5978:6 6075:4 6105:7 6203:4 6237:4 6332:3 6366:3 6461:2 6495:4 6585:1 6589:2 6625:1 6627:2 6669:1 6717:2 6755:2 6797:1 6845:2 6883:1 6925:1 6972:3 7053:1 7096:6 7221:7 7342:1 7348:6 7470:1 7474:2 7477:2 7601:4 7614:1 7728:3 7738:3 7742:2 7770:1 7854:3 7858:1 7861:10 7898:1 7985:1 7987:3 7992:3 7997:1 8026:1 8029:2 8113:2 8119:2 8155:3 8243:4 8284:1 8370:3 8483:1 8596:1 8606:1 8608:2 8611:2 8724:3 8728:1 8737:1 8739:2 8856:3 8865:1 8868:1 8988:2 9119:2 9250:2 12521:3 12526:1 12631:2 12634:1 12636:2 12639:3 12643:6 12651:1 12654:2 12756:2 12759:2 12762:1 12764:1 12766:1 12768:1 12771:2 12774:3 12781:1 12783:1 12884:1 12887:2 12890:1 12892:3 12896:5 12902:2 12909:3 13010:1 13012:1 13015:1,"{""x"":0.07031,""y"":0.17188,""w"":0.80469,""h"":0.625}"
79,train/shadows/000079.png,128,"A cleaned target silhouette shows the shadow figure from a historical hand-shadow instruction plate. Infer the expert hand-and-arm ink arrangement that produced that shadow. Submit hand_ink_rle as a 128 by 128 binary mask RLE of the hand/arm drawing, hand_bbox_json as normalized x/y/w/h of the ink mask, and confidence in [0,1].",4163:3 4288:3 4293:1 4295:1 4411:2 4417:8 4427:11 4536:2 4541:3 4556:1 4560:4 4565:2 4659:4 4665:4 4693:2 4762:15 4786:1 4788:1 4790:1 4815:1 4819:3 4826:2 4829:1 4903:1 4906:1 4908:3 4912:1 4929:1 4931:6 4939:1 4941:8 4951:2 4959:2 5012:2 5057:17 5076:1 5090:1 5131:1 5137:2 5182:8 5191:6 5199:5 5211:2 5253:3 5259:3 5263:2 5304:1 5309:5 5332:3 5338:3 5342:3 5387:1 5389:1 5432:1 5437:3 5467:3 5472:3 5515:1 5517:1 5559:3 5564:2 5597:3 5601:1 5643:1 5645:1 5688:2 5692:1 5728:2 5771:1 5773:1 5816:5 5899:1 5901:1 5945:3 6073:3 6202:2 6321:2 6330:2 6350:1 6450:2 6459:2 6472:1 6477:1 6579:2 6582:1 6588:2 6602:8 6611:2 6708:3 6716:2 6731:3 6735:7 6836:4 6864:7 6965:3 6993:6 7093:4 7124:3 7222:3 7253:3 7351:3 7382:1 7384:1 7479:3 7514:1 7603:1 7608:1 7642:1 7735:2 7770:1 7861:4 7987:2 7990:2 8114:4 8239:4 8331:1 8366:5 8402:1 8459:1 8489:1 8493:5 8504:2 8587:1 8617:1 8620:4 8628:6 8715:1 8746:3 8752:2 8755:5 8788:2 8877:1 8879:4 8914:1 8916:1 9005:1 9010:1 9043:1 9133:5 9248:1 9262:2 9372:5 9489:2 9501:2 9504:2 9619:3 9624:2 9630:1 9633:1 9751:1 9755:2 9886:2 12895:1 12897:1 12900:1 13007:2 13010:8 13019:2 13022:1 13027:1 13135:2 13139:3 13143:1 13145:2 13148:3 13155:3 13260:1,"{""x"":0.03906,""y"":0.25,""w"":0.75781,""h"":0.5625}"
82,train/shadows/000082.png,128,"A cleaned target silhouette shows the shadow figure from a historical hand-shadow instruction plate. Infer the expert hand-and-arm ink arrangement that produced that shadow. Submit hand_ink_rle as a 128 by 128 binary mask RLE of the hand/arm drawing, hand_bbox_json as normalized x/y/w/h of the ink mask, and confidence in [0,1].",2636:4 2763:1 2766:3 2891:1 2894:4 3020:1 3022:1 3024:2 3148:1 3150:1 3152:3 3276:3 3280:3 3409:2 3531:1 3537:2 3659:1 3786:2 3913:1 3926:2 4040:1 4042:1 4054:1 4056:4 4167:1 4170:1 4182:1 4185:2 4189:2 4294:2 4297:1 4312:5 4318:3 4422:1 4425:1 4447:1 4549:2 4552:1 4575:2 4676:1 4679:1 4703:1 4803:2 4807:1 4930:2 4934:1 4960:1 5057:1 5062:1 5088:1 5184:1 5189:1 5216:2 5312:1 5315:2 5344:3 5439:1 5442:2 5473:2 5566:1 5602:2 5693:2 5730:2 5821:1 5860:1 5948:3 5986:3 6076:2 6114:3 6204:1 6242:2 6332:1 6364:1 6371:1 6459:2 6492:1 6497:3 6587:3 6620:1 6715:2 6747:1 6842:2 6875:1 6964:1 6970:3 7003:1 7090:4 7098:3 7128:1 7131:1 7215:6 7222:1 7226:3 7255:5 7341:2 7345:4 7350:1 7353:4 7382:1 7384:5 7467:2 7470:8 7479:1 7481:3 7510:7 7592:3 7597:2 7600:6 7608:2 7611:1 7637:1 7639:6 7718:3 7722:7 7730:2 7733:7 7766:6 7843:3 7847:6 7854:2 7857:1 7861:7 7892:5 7899:2 7968:3 7972:5 7978:1 7980:2 7989:5 8019:4 8025:1 8027:1 8095:1 8098:6 8105:3 8110:1 8117:6 8144:6 8151:1 8222:1 8225:2 8228:1 8230:1 8246:4 8269:5 8275:2 8289:3 8339:3 8345:7 8375:2 8395:4 8401:2 8420:2 8462:16 8503:2 8520:4 8525:1 8548:5 8597:9 8632:1 8645:7 8677:6 8726:2 8729:5 8760:2 8764:1 8770:9 8780:2 8807:5 8861:1 8888:4 8893:1 8896:5 8902:3 8937:2 8940:2 8989:1 9007:10 9018:13 9067:5 9117:2 9129:17 9147:9 9198:3 9245:2 9251:12 9264:9 9275:7 9284:1 9328:1 9372:7 9382:10 9403:9 9495:11 9511:4 9531:1 9533:6 9618:3 9631:1 9639:2 9659:1 9661:4 9768:1 9787:1 9789:4 9832:1 9895:2 9916:5 9959:1 9962:1 9964:1 10022:3 10044:5 10084:8 10150:3 10172:1 10174:2 10213:8 10277:3 10300:1 10302:2 10341:6 10348:1 10406:1 10408:1 10428:1 10430:1 10471:2 10474:3 10536:2 10557:2 10600:2 10603:1 10665:1 10685:2 10731:1 10793:1 10813:1 10815:1 10921:1 10943:1 10965:1 11049:1 11093:1 11177:1 11219:1 11305:1 11347:1 11349:1 11433:1 11561:1 11594:1 11689:1 11722:3 11727:2 11817:1 11853:3 11863:3 11945:1 11985:4 11991:3 11995:1 12073:1 12118:2 12121:3 12252:2 12261:2 12382:2 12390:2 12441:1 12512:8 12526:1 12569:1 12643:2 12648:6 12697:1 12825:1 12953:2 13082:1 13716:1 13844:1 14101:1 14229:1 14356:2 14480:5 14608:1,"{""x"":0.10938,""y"":0.15625,""w"":0.77344,""h"":0.74219}"
83,train/shadows/000083.png,128,"A cleaned target silhouette shows the shadow figure from a historical hand-shadow instruction plate. Infer the expert hand-and-arm ink arrangement that produced that shadow. Submit hand_ink_rle as a 128 by 128 binary mask RLE of the hand/arm drawing, hand_bbox_json as normalized x/y/w/h of the ink mask, and confidence in [0,1].",4583:1 4710:3 4756:1 4838:3 4884:3 4968:3 5013:2 5096:2 5141:4 5224:3 5269:5 5352:4 5397:6 5480:1 5482:2 5524:3 5528:3 5571:2 5610:3 5657:1 5699:3 5740:1 5826:3 5869:2 5955:1 5997:2 6125:1 6216:2 6345:2 6473:2 6476:4 6604:4 6735:2 6864:2 6993:2 7121:3 7250:2 7379:2 10175:2 10302:3 10429:3 10550:9 10674:18 10702:4 10799:22 10825:17 10926:10 10937:35 11050:7 11070:32 11177:6 11205:9 11218:12 11304:7 11354:5 11431:6 11486:1 11556:2 11559:4 11677:3 11684:6 11805:3 11811:5 11933:3 11937:7 12063:7 12190:7 12318:4 12445:4 12563:3 12571:6 12691:4 12697:6 12819:11 12947:10 13076:8 13205:5 13335:1,"{""x"":0.14844,""y"":0.27344,""w"":0.71875,""h"":0.54688}"
85,train/shadows/000085.png,128,"A cleaned target silhouette shows the shadow figure from a historical hand-shadow instruction plate. Infer the expert hand-and-arm ink arrangement that produced that shadow. Submit hand_ink_rle as a 128 by 128 binary mask RLE of the hand/arm drawing, hand_bbox_json as normalized x/y/w/h of the ink mask, and confidence in [0,1].",1972:2 2099:1 2101:2 2227:1 2230:2 2358:3 2482:1 2486:3 2610:1 2613:1 2615:2 2738:1 2741:1 2744:1 2867:1 2872:2 2995:1 3000:2 3116:8 3128:1 3130:2 3241:9 3251:2 3261:2 3367:3 3376:2 3387:2 3391:1 3495:2 3504:1 3517:1 3520:1 3621:2 3632:1 3646:1 3648:1 3760:1 3774:1 3776:1 3876:1 3887:1 3890:2 3902:1 4004:1 4009:1 4015:1 4027:1 4030:1 4136:2 4141:2 4147:2 4158:1 4160:3 4165:1 4259:2 4266:1 4268:3 4275:1 4286:1 4288:5 4297:3 4387:2 4395:4 4402:1 4417:1 4430:3 4435:4 4516:2 4526:2 4531:1 4542:1 4545:1 4564:4 4644:2 4654:2 4659:1 4670:1 4673:1 4694:1 4771:1 4773:1 4781:1 4798:1 4801:1 4822:1 4899:1 4901:1 4909:1 4925:2 4929:1 4933:1 4938:1 4945:5 5027:1 5037:1 5057:4 5068:3 5072:1 5154:1 5165:1 5184:2 5196:1 5200:1 5202:1 5282:1 5292:1 5323:1 5330:1 5410:1 5420:1 5445:1 5451:1 5457:1 5538:1 5548:1 5572:5 5665:3 5700:13 5793:2 5828:1 5921:1 5931:1 5934:1 6050:1 6060:1 6178:1 6190:1 6306:1 6315:1 6318:1 6434:1 6690:2 6818:2 6946:1 7074:1 7202:2 7330:1 7458:1 7587:1 7845:1 7972:1 8100:1 8227:3 8355:3 8482:2 8507:1 8611:2 8634:1 8736:1 8738:2 8762:1 8863:4 8883:2 8990:4 9017:2 9113:2 9119:4 9130:2 9241:3 9245:6 9258:1 9271:1 9273:1 9369:3 9375:2 9378:1 9385:1 9398:3 9496:2 9504:3 9525:2 9623:2 9626:1 9633:2 9640:1 9751:2 9763:1 9768:1 9879:2 9883:1 9890:1 9895:1 10006:3 10011:1 10019:2 10023:1 10134:3 10148:1 10261:2 10267:1 10276:2 10387:5 10395:1 10405:2 10512:4 10517:2 10523:1 10533:1 10638:1 10642:1 10644:1 10646:1 10663:2 10764:1 10770:1 10780:1 10791:1 10793:1 10811:1 10896:1 10900:1 10908:2 10920:1 10922:1 10940:1 11023:1 11028:1 11030:1 11037:2 11069:1 11150:1 11153:1 11155:1 11165:2 11177:1 11197:1 11283:1 11292:3 11324:1 11411:1 11420:3 11434:1 11450:2 11454:1 11538:1 11548:3 11563:1 11582:1 11666:1 11677:1 11708:1 11710:1 11794:1 11837:2 11921:1 11965:2 12049:1 12095:1 12177:1 12186:2 12315:1 12341:1 12352:1 12433:1 12443:1 12450:1 12469:1 12480:1 12561:1 12571:1 12578:1 12597:1 12608:1 12699:1 12705:1 12725:1 12734:1 12833:1 12853:1 12973:1 12977:2 12981:1 12989:1 13105:1 13109:1 13116:1 13231:2 13237:1 13244:1 13340:1 13353:1 13359:2 13365:1 13371:2 13468:1 13480:1 13486:4 13493:1 13498:3 13596:1 13612:7 13622:1 13626:3 13725:1 13728:1 13740:4 13745:2 13750:1 13753:4 13866:6 13874:1 13878:1 13881:4 13992:7 14000:4 14006:1 14008:1 14011:2 14110:1 14118:1 14121:2 14125:1 14127:2 14130:1 14134:6 14238:2 14249:1 14251:1 14253:1 14256:1 14262:6 14366:1 14368:1 14370:1 14376:1 14381:1 14388:1 14390:4 14495:2 14516:1 14518:5 14646:5 14773:3 14901:1 14903:1,"{""x"":0.09375,""y"":0.11719,""w"":0.59375,""h"":0.79688}"
86,train/shadows/000086.png,128,"A cleaned target silhouette shows the shadow figure from a historical hand-shadow instruction plate. Infer the expert hand-and-arm ink arrangement that produced that shadow. Submit hand_ink_rle as a 128 by 128 binary mask RLE of the hand/arm drawing, hand_bbox_json as normalized x/y/w/h of the ink mask, and confidence in [0,1].",2646:2 2774:1 2776:1 2901:2 3029:2 3156:2 3284:2 3411:2 3416:1 3538:2 3544:1 3665:2 3798:2 3920:1 3926:1 4047:2 4054:1 4061:2 4065:5 4175:2 4182:1 4184:2 4199:1 4303:1 4310:1 4318:9 4431:2 4437:1 4446:8 4559:1 4565:1 4568:7 4686:2 4693:1 4696:2 4699:3 4814:2 4824:3 4942:2 4953:2 5070:2 5076:1 5080:3 5192:4 5197:3 5204:1 5207:3 5211:1 5320:1 5325:2 5332:1 5335:3 5339:1 5342:2 5453:3 5460:2 5463:3 5468:1 5473:2 5580:3 5588:3 5592:1 5603:1 5707:4 5717:4 5726:1 5836:2 5845:4 5855:4 5965:2 5974:6 5983:4 5990:1 6092:3 6102:5 6111:5 6119:1 6220:3 6230:5 6239:6 6248:1 6357:8 6366:7 6375:1 6377:1 6379:1 6486:5 6495:8 6505:2 6508:1 6614:5 6623:8 6636:2 6742:5 6751:9 6762:1 6870:6 6878:11 6891:1 6998:5 7006:1 7009:8 7019:2 7126:6 7134:1 7137:5 7143:3 7147:1 7255:5 7266:2 7269:1 7273:2 7276:3 7282:1 7385:4 7395:3 7403:1 7410:1 7513:3 7523:2 7538:1 7641:3 7651:2 7667:1 7769:3 7795:1 7897:3 7908:1 7924:1 8015:1 8027:1 8036:1 8052:1 8144:1 8164:1 8291:2 8309:1 8420:1 8437:1 8548:1 8565:1 8676:2 8684:1 8694:2 8804:11 8823:3 8932:7 8941:1 8943:1 8951:1 8953:1 9060:8 9069:2 9079:1 9081:1 9188:6 9195:1 9197:2 9206:1 9208:2 9316:6 9323:1 9326:1 9333:1 9336:2 9444:1 9446:6 9454:1 9460:1 9463:4 9572:6 9591:1 9594:1 9701:6 9713:1 9716:1 9830:5 9838:2 9844:1 9959:3 9964:3 9968:2 9971:1 10088:2 10091:3 10095:3 10099:1 10218:3 10222:4 10227:1 10328:1 10346:7 10355:1 10455:2 10458:1 10478:5 10585:2 10603:1 10606:4 10713:3 10730:1 10734:6 10842:5 10857:1 10863:1 10865:2 10971:4 10976:1 10984:1 10993:1 11100:3 11111:1 11228:7 11238:1 11357:3 11361:3 11365:1 11486:7 11614:5 11740:1 11742:3 11867:1 11869:3 11996:2 12001:2 12124:8 12253:7 12381:7 12510:6 12639:7 12768:6 12896:4 12901:2 13026:2 13031:2 13155:3 13283:7 13412:3 13417:1 13541:6 13672:3 13676:1 13799:1 13801:5,"{""x"":0.5625,""y"":0.15625,""w"":0.39844,""h"":0.6875}"
89,train/shadows/000089.png,128,"A cleaned target silhouette shows the shadow figure from a historical hand-shadow instruction plate. Infer the expert hand-and-arm ink arrangement that produced that shadow. Submit hand_ink_rle as a 128 by 128 binary mask RLE of the hand/arm drawing, hand_bbox_json as normalized x/y/w/h of the ink mask, and confidence in [0,1].",3154:2 3281:1 3286:3 3407:2 3418:3 3531:3 3657:2 3783:2 3909:1 3923:2 3929:2 4035:2 4061:4 4162:2 4176:2 4289:1 4301:3 4417:1 4424:4 4544:1 4549:2 4671:1 4798:1 4804:1 4925:1 4931:1 5052:1 5066:2 5069:1 5179:1 5192:2 5306:1 5433:1 5688:1 5816:1 5842:3 5943:1 5966:4 5974:4 6070:1 6093:1 6197:1 6219:1 6325:1 6451:2 6504:1 6578:1 6632:1 6705:1 6746:1 6759:2 6832:1 6889:1 6944:6 6959:1 7018:3 7070:3 7077:4 7085:1 7143:1 7202:1 7204:1 7209:2 7337:4 7465:5 7583:1 7595:3 7702:1 7704:8 7723:4 7827:2 7830:1 7832:1 7835:2 7839:1 7852:3 7961:7 7980:3 8081:1 8093:4 8108:3 8206:2 8212:6 8223:2 8237:2 8332:3 8339:1 8346:1 8351:1 8365:3 8460:7 8472:1 8494:3 8585:2 8599:1 8622:3 8643:1 8645:1 8726:1 8737:1 8750:4 8768:6 8853:1 8865:1 8879:3 8893:6 8980:1 9008:3 9018:8 9118:1 9122:2 9138:3 9147:7 9246:1 9251:1 9266:3 9274:5 9319:1 9363:1 9376:1 9394:1 9397:1 9401:5 9443:5 9490:1 9501:1 9505:1 9508:1 9523:9 9568:6 9617:1 9629:1 9634:1 9636:1 9651:3 9655:5 9684:12 9744:1 9757:1 9763:2 9779:9 9807:13 9871:1 9885:1 9892:1 9907:9 9935:12 9949:2 9998:1 10012:2 10020:2 10035:7 10063:11 10078:1 10085:1 10140:2 10149:1 10164:7 10191:6 10201:2 10206:1 10208:5 10268:2 10292:5 10298:2 10314:10 10330:6 10396:2 10420:1 10422:4 10441:9 10459:1 10523:2 10549:5 10568:4 10590:1 10651:2 10678:2 10718:1 10781:1 10789:1 10806:2 10907:2 11034:1 11289:1 12579:2 12707:1,"{""x"":0.07031,""y"":0.1875,""w"":0.78125,""h"":0.59375}"
90,train/shadows/000090.png,128,"A cleaned target silhouette shows the shadow figure from a historical hand-shadow instruction plate. Infer the expert hand-and-arm ink arrangement that produced that shadow. Submit hand_ink_rle as a 128 by 128 binary mask RLE of the hand/arm drawing, hand_bbox_json as normalized x/y/w/h of the ink mask, and confidence in [0,1].",1897:2 2024:4 2152:4 2280:4 2410:4 2538:3 2666:4 2795:4 2923:1 2925:2 3053:3 3182:3 3311:4 3440:3 3464:2 3568:3 3591:4 3648:2 3719:7 3776:3 3849:6 3904:3 3977:7 4033:1 4105:2 4109:3 4166:3 4233:2 4239:1 4295:3 4361:1 4423:3 4427:2 4552:2 4555:4 4683:5 4814:3 4942:4 5071:5 5201:3 5330:3 5459:1 9151:3 9277:5 9404:5 9426:14 9528:7 9554:17 9653:17 9676:25 9777:53 9903:35 9952:6 10030:10 10046:20 10156:7 10184:4 10283:5 10410:5 10537:6 10664:6 10790:6 10917:6 11041:2 11044:6 11169:8 11298:6 11417:3 11424:6 11545:4 11550:8 11673:4 11678:8 11801:3 11805:7 11933:6 12059:5 12187:4 12314:5 12431:3 12440:5 12559:4 12567:6 12687:4 12694:6 12815:12 12943:11 13072:9 13201:6 13332:1,"{""x"":0.05469,""y"":0.10938,""w"":0.84375,""h"":0.71094}"
91,train/shadows/000091.png,128,"A cleaned target silhouette shows the shadow figure from a historical hand-shadow instruction plate. Infer the expert hand-and-arm ink arrangement that produced that shadow. Submit hand_ink_rle as a 128 by 128 binary mask RLE of the hand/arm drawing, hand_bbox_json as normalized x/y/w/h of the ink mask, and confidence in [0,1].",3531:5 3657:1 3664:4 3784:2 3797:1 3909:2 4035:1 4159:3 4173:3 4177:4 4286:2 4299:2 4309:2 4413:1 4440:2 4540:1 4551:3 4667:1 4675:4 4794:1 4800:2 4921:1 4927:1 5048:1 5175:1 5302:1 5317:5 5429:1 5443:1 5939:1 5962:1 6066:1 6088:2 6096:3 6193:1 6214:1 6320:1 6447:1 6574:1 6623:1 6701:1 6738:1 6751:1 6817:4 6827:2 6881:1 6939:1 6951:1 6955:1 7010:2 7068:1 7071:2 7075:3 7079:1 7081:2 7140:1 7196:1 7207:3 7263:1 7324:1 7335:4 7444:1 7446:7 7464:3 7569:2 7572:1 7574:1 7577:1 7592:3 7695:3 7703:7 7720:3 7821:2 7834:4 7849:2 7948:2 7953:8 7965:1 7977:3 8075:4 8087:1 8092:2 8106:2 8202:2 8214:1 8222:1 8234:2 8341:1 8350:1 8362:3 8382:1 8478:1 8491:3 8509:3 8594:1 8606:1 8619:3 8633:5 8731:1 8748:2 8758:6 8848:1 8863:1 8876:3 8885:6 8986:1 8988:1 8991:1 9005:3 9013:4 9103:1 9114:1 9117:1 9133:1 9136:1 9140:4 9230:1 9242:1 9248:1 9262:3 9266:4 9305:1 9310:1 9357:1 9374:1 9376:1 9390:2 9393:5 9419:2 9422:2 9425:2 9432:2 9436:2 9484:1 9497:2 9503:3 9518:8 9547:18 9626:1 9634:1 9647:8 9673:12 9754:1 9763:1 9775:8 9800:11 9814:1 9881:2 9904:7 9929:6 9938:1 9942:1 9949:1 10009:2 10032:6 10054:6 10066:5 10073:4 10137:2 10161:4 10179:8 10196:1 10264:2 10273:1 10289:2 10292:1 10306:4 10325:1 10392:2 10417:1 10453:1 10519:2 10774:1 12062:2 12190:1,"{""x"":0.07812,""y"":0.21094,""w"":0.71094,""h"":0.53906}"
92,train/shadows/000092.png,128,"A cleaned target silhouette shows the shadow figure from a historical hand-shadow instruction plate. Infer the expert hand-and-arm ink arrangement that produced that shadow. Submit hand_ink_rle as a 128 by 128 binary mask RLE of the hand/arm drawing, hand_bbox_json as normalized x/y/w/h of the ink mask, and confidence in [0,1].",2643:3 2770:1 2772:3 2898:1 2901:3 3026:1 3029:1 3031:1 3154:1 3156:1 3158:2 3282:1 3284:1 3286:2 3410:2 3414:2 3537:1 3542:3 3665:1 3792:2 3919:1 3932:2 4046:1 4048:1 4062:3 4172:3 4176:1 4188:7 4300:1 4303:1 4316:1 4318:4 4323:3 4427:2 4431:1 4452:2 4555:1 4557:2 4580:1 4682:2 4685:1 4708:1 4808:2 4812:1 4837:1 4935:1 4965:1 5062:1 5067:1 5093:2 5190:1 5193:2 5222:1 5317:1 5321:1 5351:1 5444:2 5478:1 5480:1 5572:1 5607:2 5699:2 5735:1 5827:1 5864:1 5955:1 5991:3 6082:2 6119:3 6210:2 6248:1 6338:2 6369:1 6374:3 6465:3 6497:1 6592:3 6623:1 6720:2 6751:1 6840:4 6848:3 6879:1 6965:6 6972:1 6976:2 7004:1 7007:1 7089:2 7092:1 7095:4 7100:1 7103:3 7131:1 7133:3 7215:2 7219:1 7221:7 7229:1 7231:3 7259:6 7340:3 7344:5 7350:6 7358:2 7388:5 7464:3 7468:4 7473:6 7480:2 7483:6 7514:7 7590:2 7594:8 7603:1 7605:1 7611:6 7643:5 7717:1 7719:2 7722:2 7725:2 7732:1 7739:5 7769:8 7846:1 7848:2 7852:1 7868:4 7894:6 7902:1 7962:2 7965:1 7968:7 7996:4 8020:5 8026:1 8028:1 8091:10 8125:2 8146:3 8150:4 8165:3 8221:2 8224:5 8253:2 8268:1 8272:4 8278:1 8356:1 8382:1 8393:8 8402:1 8424:2 8484:1 8511:4 8519:9 8530:1 8553:4 8612:1 8633:8 8642:11 8654:1 8682:5 8740:1 8746:23 8770:6 8777:2 8812:4 8867:7 8878:1 8880:5 8886:9 8896:1 8898:8 8942:5 8991:10 9006:1 9008:1 9010:1 9013:1 9024:1 9026:7 9072:4 9113:6 9126:2 9134:2 9153:6 9253:2 9262:2 9281:6 9390:2 9409:4 9414:1 9517:3 9537:3 9541:1 9644:4 9665:1 9667:2 9772:4 9795:2 9836:3 9899:1 9902:1 9921:4 9960:8 10030:1 10049:2 10088:7 10158:1 10177:1 10216:6 10286:1 10305:1 10307:1 10346:1 10349:2 10414:1 10434:2 10474:2 10478:1 10542:1 10562:1 10606:1 10670:1 10713:1 10798:1 10841:1 10926:1 10966:2 11054:1 11182:1 11310:1 11342:1 11471:5 11602:4 11610:2 11613:1 11734:9 11871:2 11935:1 12001:1 12008:2 12063:1 12130:2 12137:1 12191:1 12260:4 12272:2 12319:2 12392:5 12399:2 12448:1 12525:2 13082:1 13210:1 13338:1 13466:2 13594:2 13717:2 13721:3 13847:2,"{""x"":0.16406,""y"":0.15625,""w"":0.74219,""h"":0.69531}"
93,train/shadows/000093.png,128,"A cleaned target silhouette shows the shadow figure from a historical hand-shadow instruction plate. Infer the expert hand-and-arm ink arrangement that produced that shadow. Submit hand_ink_rle as a 128 by 128 binary mask RLE of the hand/arm drawing, hand_bbox_json as normalized x/y/w/h of the ink mask, and confidence in [0,1].",1824:1 1826:1 1954:2 2082:2 2210:2 2339:2 2468:1 2592:1 2597:1 2721:1 2726:2 2855:2 2978:2 2985:1 3107:1 3113:1 3235:1 3242:2 3360:3 3370:2 3478:5 3486:1 3490:3 3498:2 3606:1 3612:1 3621:1 3627:1 3732:2 3738:1 3743:1 3749:2 3755:2 3860:9 3870:5 3877:1 3883:2 3991:11 4005:1 4011:2 4126:1 4128:2 4133:1 4139:2 4256:2 4268:3 4272:4 4385:3 4391:1 4397:2 4403:1 4512:1 4514:3 4519:1 4525:2 4640:1 4642:3 4647:1 4653:4 4767:1 4770:3 4774:2 4781:4 4893:3 4899:1 4901:3 4909:3 5018:2 5023:1 5028:4 5038:3 5150:1 5156:4 5167:2 5284:3 5294:3 5399:1 5410:5 5423:2 5526:1 5532:3 5539:4 5656:1 5658:4 5664:1 5667:4 5781:1 5784:7 5794:6 5908:1 5911:8 5923:5 6036:1 6038:1 6041:6 6051:5 6163:2 6167:8 6179:5 6290:1 6295:8 6306:6 6417:1 6419:1 6422:10 6434:6 6544:2 6550:2 6553:5 6559:1 6562:6 6671:1 6677:9 6687:1 6691:5 6798:1 6802:1 6805:2 6808:5 6814:1 6818:5 6925:1 6930:1 6932:2 6937:4 6947:3 7057:2 7060:1 7065:3 7075:3 7180:1 7184:1 7187:1 7193:3 7203:3 7308:1 7314:1 7322:2 7331:3 7342:1 7346:2 7436:1 7450:1 7459:3 7471:1 7563:1 7579:2 7588:1 7692:2 7707:1 7820:1 7835:1 7947:1 7963:1 8075:1 8091:1 8203:1 8219:1 8347:1 8458:1 8475:1 8586:1 8596:2 8603:1 8712:2 8723:10 8840:2 8850:1 8852:1 8854:7 8968:2 8981:8 9097:1 9105:1 9107:1 9109:1 9111:6 9223:1 9235:2 9238:1 9240:6 9352:2 9355:1 9363:1 9366:6 9373:1 9480:2 9484:1 9491:1 9496:6 9608:3 9613:1 9619:1 9623:6 9736:1 9738:1 9751:5 9863:1 9869:1 9872:1 9879:3 9991:1 9997:1 10001:1 10005:5 10128:1 10131:6 10151:1 10153:1 10254:1 10257:1 10260:3 10279:4 10382:1 10386:4 10408:2 10512:3 10516:1 10535:2 10641:4 10647:1 10660:4 10768:6 10777:1 10789:4 10897:4 10906:1 10915:1 10917:3 11024:4 11035:1 11043:5 11153:2 11156:1 11171:4 11282:1 11284:1 11293:1 11297:5 11422:1 11425:5 11551:8 11681:7 11812:2 11815:1 12066:7 12192:8 12321:8 12450:6 12578:5 12706:4 12832:6 12960:5 13087:5 13216:2 13341:1 13343:4 13469:5 13596:3 13600:2 13723:5 13729:1 13850:7 13977:2 13981:3 14107:4,"{""x"":0.05469,""y"":0.10938,""w"":0.35156,""h"":0.75781}"
97,train/shadows/000097.png,128,"A cleaned target silhouette shows the shadow figure from a historical hand-shadow instruction plate. Infer the expert hand-and-arm ink arrangement that produced that shadow. Submit hand_ink_rle as a 128 by 128 binary mask RLE of the hand/arm drawing, hand_bbox_json as normalized x/y/w/h of the ink mask, and confidence in [0,1].",2510:4 2638:1 2640:3 2766:1 2769:3 2897:3 3022:1 3024:1 3026:2 3152:1 3154:2 3277:1 3282:2 3405:1 3410:3 3532:2 3659:2 3786:1 3788:1 3800:4 3913:1 3916:1 3928:2 3932:2 4041:1 4043:1 4056:1 4058:2 4062:2 4168:1 4170:1 4184:10 4295:2 4298:1 4319:1 4321:1 4422:2 4425:1 4448:2 4549:2 4553:1 4576:1 4676:1 4680:1 4803:1 4807:1 4832:2 4930:2 4934:1 4960:3 5057:1 5061:1 5089:2 5185:1 5219:1 5312:1 5347:2 5440:1 5475:2 5567:2 5604:1 5695:1 5731:2 5823:2 5858:3 5951:1 5987:1 6078:3 6109:1 6114:2 6206:2 6334:2 6364:1 6460:3 6492:1 6581:3 6588:3 6619:1 6704:9 6716:3 6747:1 6830:2 6833:1 6836:4 6841:1 6844:3 6871:5 6956:2 6960:10 6971:3 6999:5 7080:3 7084:6 7091:1 7093:7 7101:1 7126:1 7128:5 7205:3 7209:4 7214:3 7219:1 7221:2 7224:6 7254:7 7331:2 7335:8 7345:2 7352:5 7380:1 7382:5 7458:1 7460:2 7463:2 7466:2 7480:5 7508:4 7514:2 7572:2 7585:3 7590:1 7608:4 7634:6 7641:1 7702:5 7708:7 7737:3 7756:2 7760:6 7834:8 7865:3 7882:7 7890:3 7907:1 7961:1 7963:1 7965:5 7994:1 8008:5 8014:1 8018:1 8035:4 8097:1 8122:2 8133:7 8142:1 8164:4 8225:1 8251:3 8255:1 8258:8 8270:1 8293:5 8353:2 8364:15 8380:11 8424:2 8481:2 8487:13 8501:7 8509:10 8555:1 8607:7 8619:1 8621:2 8627:9 8637:9 8682:5 8728:7 8739:2 8747:2 8765:5 8771:1 8773:1 8812:3 8855:2 8867:1 8875:1 8893:6 9003:1 9021:1 9023:4 9130:2 9149:1 9151:4 9257:3 9279:4 9319:2 9386:2 9406:3 9445:3 9513:2 9534:1 9536:1 9572:5 9578:1 9644:1 9662:1 9664:1 9700:7 9772:1 9791:1 9828:1 9832:2 9835:1 9900:1 9919:2 9959:1 9961:1 9963:1 10027:1 10046:2 10090:1 10155:1 10174:2 10217:1 10283:1 10325:1 10411:1 10452:2 10539:1 10578:1 10581:1 10667:1 10795:1 10826:1 10923:1 10955:3 11051:1 11085:3 11214:4 11222:3 11346:9 11483:1 11491:2 11549:1 11612:2 11620:1 11677:1 11741:2 11805:1 11871:9 11883:2 11933:1 12011:1 12061:1 12695:1 12824:1 12952:2 13081:1 13204:2 13208:2 13332:1 13334:3,"{""x"":0.15625,""y"":0.14844,""w"":0.71094,""h"":0.67188}"
98,train/shadows/000098.png,128,"A cleaned target silhouette shows the shadow figure from a historical hand-shadow instruction plate. Infer the expert hand-and-arm ink arrangement that produced that shadow. Submit hand_ink_rle as a 128 by 128 binary mask RLE of the hand/arm drawing, hand_bbox_json as normalized x/y/w/h of the ink mask, and confidence in [0,1].",4367:3 4490:2 4494:1 4498:2 4617:2 4620:4 4626:1 4628:2 4745:1 4748:4 4758:2 4878:4 4886:1 4888:2 4951:4 5002:1 5007:4 5012:1 5014:1 5017:2 5080:3 5084:3 5088:2 5131:1 5136:3 5140:1 5145:1 5148:4 5214:1 5217:1 5260:1 5265:5 5278:4 5345:1 5388:2 5395:5 5405:2 5408:1 5410:1 5458:1 5461:5 5467:6 5515:1 5518:1 5520:1 5524:5 5531:1 5533:8 5577:1 5583:17 5601:3 5643:1 5646:3 5654:1 5656:4 5665:6 5706:1 5708:13 5722:9 5732:3 5775:3 5782:3 5786:2 5796:5 5835:1 5837:6 5845:2 5852:1 5855:2 5860:3 5900:1 5904:4 5914:3 5923:1 5927:5 5965:2 5969:1 5972:1 5980:1 5987:1 5989:1 6029:1 6032:4 6041:8 6057:4 6093:1 6108:2 6112:5 6161:5 6168:1 6171:2 6175:4 6186:3 6212:1 6228:13 6286:1 6289:1 6291:4 6301:1 6303:3 6340:1 6351:1 6353:4 6358:1 6364:1 6419:5 6436:1 6453:1 6478:3 6482:1 6492:1 6497:3 6543:1 6545:1 6549:5 6560:1 6581:1 6608:1 6614:1 6617:8 6670:3 6674:1 6678:6 6709:1 6724:1 6744:8 6798:1 6800:4 6807:7 6838:1 6854:1 6869:5 6881:1 6928:1 6930:4 6938:1 6940:3 6981:2 6995:6 7004:3 7056:1 7059:2 7062:1 7070:1 7111:2 7123:3 7127:1 7133:4 7185:1 7188:4 7206:1 7210:1 7221:2 7239:2 7251:2 7259:1 7316:5 7338:1 7349:2 7366:1 7368:1 7384:2 7442:1 7445:5 7477:1 7497:1 7510:2 7571:1 7575:4 7580:2 7594:1 7605:1 7625:1 7636:1 7700:1 7705:4 7717:1 7749:1 7751:1 7763:1 7829:1 7834:3 7845:1 7882:1 7891:1 7958:1 7964:1 7988:1 8018:1 8092:1 8100:1 8116:1 8142:1 8145:1 8217:1 8244:1 8270:2 8346:2 8372:1 8398:1 8475:1 8525:2 8652:2 8733:4 8779:2 8864:1 8883:1 8917:2 8993:1 9020:1 9034:2 9122:1 9138:1 9162:1 9176:1 9251:2 9265:1 9305:1 9380:2 9393:1 9416:1 9433:1 9520:1 9543:2 9562:1 9672:1 9689:1 9892:2 9916:1 10044:1 10147:1 10447:2 10576:2 10705:2 10834:2 10958:1 11086:4 11720:1 11848:2 11975:1,"{""x"":0.07031,""y"":0.26562,""w"":0.73438,""h"":0.46875}"
99,train/shadows/000099.png,128,"A cleaned target silhouette shows the shadow figure from a historical hand-shadow instruction plate. Infer the expert hand-and-arm ink arrangement that produced that shadow. Submit hand_ink_rle as a 128 by 128 binary mask RLE of the hand/arm drawing, hand_bbox_json as normalized x/y/w/h of the ink mask, and confidence in [0,1].",2902:6 2911:2 3027:3 3037:2 3042:2 3280:2 3405:3 3531:2 3551:2 3656:2 3672:3 3682:3 3782:1 3796:2 3812:2 3909:1 3922:3 4037:1 4173:4 4292:1 4298:1 4419:1 4425:1 4546:1 4552:1 4673:1 4800:1 4806:1 4819:2 4927:1 4942:1 5054:1 5069:1 5181:1 5308:1 5689:3 5716:4 5722:1 5818:1 5852:4 5945:1 5970:1 6096:1 6200:1 6255:1 6327:1 6383:1 6454:1 6496:1 6511:1 6581:1 6638:2 6708:1 6768:2 6816:6 6834:2 6894:1 6898:2 6950:5 6956:1 6961:1 7022:1 7075:2 7084:2 7087:1 7157:1 7208:3 7212:3 7328:1 7340:4 7456:1 7470:3 7582:1 7585:1 7598:3 7701:6 7711:3 7726:4 7828:1 7831:5 7837:5 7855:3 7954:1 7965:5 7983:3 8081:1 8097:2 8112:3 8207:2 8212:9 8225:2 8240:3 8332:4 8347:1 8368:3 8459:7 8474:1 8483:1 8497:3 8520:1 8522:1 8586:2 8601:1 8611:1 8625:1 8627:1 8647:4 8728:1 8739:1 8753:4 8775:1 8882:3 8898:2 8902:1 8981:1 8992:1 9011:3 9023:8 9120:1 9124:1 9140:3 9151:8 9198:1 9236:1 9253:1 9269:3 9277:7 9320:1 9326:1 9363:2 9378:1 9382:1 9398:3 9402:1 9404:6 9448:2 9507:1 9510:1 9526:11 9569:2 9575:4 9580:2 9631:1 9636:1 9638:1 9654:11 9688:3 9692:1 9695:1 9697:12 9745:1 9759:1 9782:10 9812:14 9887:1 9893:3 9910:10 9940:13 9955:2 10015:1 10022:2 10039:8 10070:10 10084:1 10126:1 10142:2 10151:1 10167:8 10196:9 10206:2 10212:1 10220:1 10270:1 10280:1 10295:1 10297:4 10302:2 10324:7 10335:6 10343:1 10345:3 10398:2 10424:3 10428:4 10447:9 10464:7 10525:3 10551:7 10573:7 10595:1 10653:2 10680:3 10684:2 10701:7 10724:1 10781:2 10810:1 10814:1 10829:1 10909:3 11037:2 11164:2 11419:1 11674:1 12837:2 12965:1,"{""x"":0.07812,""y"":0.17188,""w"":0.84375,""h"":0.625}"
101,train/shadows/000101.png,128,"A cleaned target silhouette shows the shadow figure from a historical hand-shadow instruction plate. Infer the expert hand-and-arm ink arrangement that produced that shadow. Submit hand_ink_rle as a 128 by 128 binary mask RLE of the hand/arm drawing, hand_bbox_json as normalized x/y/w/h of the ink mask, and confidence in [0,1].",1319:1 1321:1 1449:1 1702:1 1705:2 1830:1 1833:2 1958:1 1963:1 2091:1 2215:1 2219:2 2342:1 2347:2 2470:2 2476:2 2599:1 2605:2 2734:2 2856:1 2863:1 2968:2 2971:4 2977:3 2981:2 2991:2 3096:1 3113:1 3119:2 3224:2 3248:1 3353:10 3370:1 3376:1 3482:13 3497:2 3504:1 3618:5 3626:1 3632:2 3750:2 3754:1 3760:2 3877:2 3882:1 3888:2 4005:3 4010:1 4016:2 4132:5 4138:1 4144:7 4262:3 4266:1 4272:3 4279:1 4385:4 4390:3 4394:2 4400:3 4511:2 4515:5 4522:2 4528:3 4532:1 4636:2 4642:1 4648:4 4657:4 4770:1 4776:4 4787:2 4891:1 4897:1 4904:4 4913:1 4915:2 5023:3 5029:6 5042:2 5150:3 5157:6 5170:2 5276:5 5286:5 5298:3 5400:1 5403:6 5411:8 5527:1 5530:7 5541:6 5654:1 5657:8 5670:5 5781:2 5786:8 5797:6 5906:1 5910:1 5913:8 5922:1 5925:5 6033:1 6035:1 6040:10 6053:5 6159:2 6164:1 6167:9 6177:1 6180:7 6287:1 6292:1 6295:8 6305:1 6307:7 6414:1 6418:3 6422:9 6432:1 6436:5 6546:2 6549:3 6555:6 6564:5 6669:1 6674:2 6677:2 6682:4 6692:4 6797:1 6803:3 6811:3 6821:3 6925:1 6939:2 6948:4 7052:1 7067:2 7078:2 7180:1 7196:1 7204:2 7207:1 7216:1 7308:1 7324:1 7332:3 7345:1 7461:1 7472:1 7563:1 7579:1 7691:1 7707:1 7819:1 7835:2 7946:2 7963:2 8074:1 8091:2 8200:3 8219:1 8328:2 8338:3 8342:1 8344:1 8346:3 8457:1 8466:11 8583:1 8585:1 8596:1 8598:7 8711:3 8721:1 8723:4 8728:5 8839:2 8842:1 8850:5 8856:5 8967:2 8971:1 8979:1 8981:1 8983:5 8989:1 9095:2 9100:1 9106:2 9109:1 9111:5 9117:1 9223:1 9225:1 9229:1 9234:1 9239:6 9350:2 9353:1 9358:1 9362:1 9367:6 9478:1 9488:1 9495:5 9612:1 9617:1 9622:6 9741:1 9744:1 9746:1 9750:4 9869:1 9872:2 9875:2 9879:2 9996:1 9999:8 10025:1 10127:5 10133:1 10150:4 10254:2 10257:3 10261:1 10278:3 10383:5 10389:1 10406:3 10511:4 10518:1 10533:3 10637:1 10639:1 10641:3 10659:1 10661:2 10767:1 10769:3 10775:1 10785:1 10787:4 10895:2 10904:1 10913:5 11033:1 11041:5 11162:1 11167:6 11291:1 11294:6 11420:8 11550:7 11679:5 11685:1 11809:3 11813:2 11941:1 12067:3 12190:8 12318:8 12447:6 12574:6 12701:7 12829:6 12957:5 13083:2 13086:4 13211:3 13215:2 13338:4 13343:1 13465:3 13469:2 13594:5 13721:5 13847:2 13850:2 13974:4 13979:1 14101:4 14230:1,"{""x"":0.04688,""y"":0.07812,""w"":0.39062,""h"":0.79688}"
102,train/shadows/000102.png,128,"A cleaned target silhouette shows the shadow figure from a historical hand-shadow instruction plate. Infer the expert hand-and-arm ink arrangement that produced that shadow. Submit hand_ink_rle as a 128 by 128 binary mask RLE of the hand/arm drawing, hand_bbox_json as normalized x/y/w/h of the ink mask, and confidence in [0,1].",2495:1 2622:2 2751:2 2880:1 3375:3 3399:2 3402:1 3505:3 3527:4 3655:1 3658:1 3786:1 3915:1 4043:1 4379:2 4490:1 4493:1 4507:2 4618:1 4621:3 4628:4 4636:1 4670:5 4747:1 4765:1 4877:2 4925:8 4934:1 5056:8 5187:4 5299:1 5302:1 5315:5 5426:4 5554:3 5558:3 5682:4 5814:4 6995:2 7123:2 7251:2 7379:4 7508:3 7530:2 7628:1 7632:1 7636:4 7658:1 7756:1 7760:1 7785:4 7885:1 7912:7 8012:3 8017:1 8045:3 8139:4 8145:1 8173:5 8267:1 8269:1 8303:4 8397:2 8432:4 8525:2 8562:2 8654:1 8690:4 8782:1 8820:2 8911:2 8949:1 9040:1 9168:1 9297:1 9426:2 9554:2 9674:1 9683:2 9801:3 9812:1 9930:2 9940:1 10059:2 10069:2 10197:2 10326:1 10454:2 10583:2,"{""x"":0.07812,""y"":0.14844,""w"":0.84375,""h"":0.5}"
103,train/shadows/000103.png,128,"A cleaned target silhouette shows the shadow figure from a historical hand-shadow instruction plate. Infer the expert hand-and-arm ink arrangement that produced that shadow. Submit hand_ink_rle as a 128 by 128 binary mask RLE of the hand/arm drawing, hand_bbox_json as normalized x/y/w/h of the ink mask, and confidence in [0,1].",3179:2 3305:4 3432:3 3436:1 3558:2 3563:2 3683:2 3690:2 3809:3 3816:3 3935:2 3944:3 4047:1 4049:1 4059:2 4062:2 4071:3 4174:1 4177:2 4186:1 4188:1 4197:3 4302:1 4304:3 4312:2 4323:3 4336:1 4429:1 4432:3 4438:1 4449:4 4461:5 4556:1 4559:3 4563:2 4573:2 4576:3 4584:3 4593:1 4686:6 4699:6 4708:3 4811:1 4813:5 4824:5 4830:7 4937:2 4940:5 4952:10 5065:2 5068:2 5071:1 5078:5 5087:1 5192:1 5194:1 5204:4 5318:2 5331:3 5445:1 5456:4 5571:1 5582:5 5697:2 5708:1 5823:2 5949:2 5965:2 6076:3 6203:1 6329:3 6337:1 6454:3 6581:1 6583:1 6607:2 6701:2 6707:1 6821:7 6830:1 6834:1 6945:1 6947:1 6958:1 7072:1 7086:2 7199:1 7206:2 7215:1 7326:5 7332:2 7343:1 7452:7 7465:5 7472:1 7579:4 7584:4 7594:4 7600:1 7706:9 7724:2 7834:8 7854:2 7857:1 7962:6 7969:4 7982:4 8090:4 8095:5 8101:2 8111:2 8114:1 8148:4 8218:1 8221:2 8224:1 8226:2 8231:2 8240:3 8274:10 8345:1 8349:1 8351:3 8355:2 8361:2 8369:2 8399:14 8471:2 8476:1 8478:1 8481:1 8483:2 8490:2 8498:2 8527:12 8540:2 8596:2 8602:1 8605:1 8608:1 8611:3 8619:3 8627:1 8654:7 8667:4 8722:2 8729:3 8734:2 8737:6 8749:2 8756:1 8781:5 8797:7 8858:1 8860:2 8864:1 8869:2 8877:1 8884:1 8904:1 8906:1 8908:3 8927:3 8932:2 8980:1 8982:1 8985:1 9032:4 9057:5 9107:2 9111:1 9141:1 9160:1 9237:2 10733:1 10738:1 10860:4 10867:2 10989:3 11118:2 11247:2 11376:2 11452:1 11708:1 11835:1 11963:1 12078:1 12092:1 12205:1 12221:2 12351:1 13111:1 13240:1 13368:1 13886:1,"{""x"":0.14062,""y"":0.1875,""w"":0.77344,""h"":0.66406}"
104,train/shadows/000104.png,128,"A cleaned target silhouette shows the shadow figure from a historical hand-shadow instruction plate. Infer the expert hand-and-arm ink arrangement that produced that shadow. Submit hand_ink_rle as a 128 by 128 binary mask RLE of the hand/arm drawing, hand_bbox_json as normalized x/y/w/h of the ink mask, and confidence in [0,1].",2626:2 2755:1 2883:2 3251:1 3380:3 3403:1 3510:1 3531:1 3659:1 3661:1 3789:1 3918:1 3981:1 3999:1 4046:1 4109:1 4112:3 4127:1 4174:2 4237:2 4241:3 4248:3 4255:1 4367:2 4383:2 4496:1 4512:1 4673:4 4927:2 5057:1 5059:8 5193:1 5301:4 5317:6 5431:1 5556:6 5688:3 5815:3 5944:4 7124:1 7252:2 7380:2 7508:2 7636:3 7765:3 7885:1 7893:4 7916:1 8013:2 8017:1 8022:3 8043:2 8142:1 8145:1 8170:2 8269:2 8274:1 8298:4 8396:4 8402:1 8425:2 8429:3 8525:2 8558:2 8654:1 8687:3 8782:1 8816:3 8911:1 8945:3 9039:2 9074:3 9167:2 9204:2 9297:1 9332:3 9425:1 9461:2 9553:2 9590:1 9682:2 9810:2 9929:2 9939:2 10058:1 10067:2 10186:2 10196:1 10315:2 10453:2 10581:2 10710:1 10838:3 10967:2,"{""x"":0.10156,""y"":0.15625,""w"":0.82812,""h"":0.51562}"
105,train/shadows/000105.png,128,"A cleaned target silhouette shows the shadow figure from a historical hand-shadow instruction plate. Infer the expert hand-and-arm ink arrangement that produced that shadow. Submit hand_ink_rle as a 128 by 128 binary mask RLE of the hand/arm drawing, hand_bbox_json as normalized x/y/w/h of the ink mask, and confidence in [0,1].",4430:2 4433:5 4555:2 4567:3 4677:2 4681:1 4803:2 4806:2 4827:2 4929:1 5056:1 5071:2 5074:7 5183:1 5195:3 5209:2 5310:1 5316:2 5319:4 5339:1 5437:1 5443:1 5468:2 5563:2 5690:1 5817:1 5961:5 6087:1 6198:1 6325:1 6452:1 6579:1 6706:1 6731:3 6814:7 6832:2 6857:1 6941:1 6944:3 6959:1 6984:1 6994:3 7069:1 7076:2 7079:2 7085:1 7195:1 7198:1 7206:1 7209:1 7212:1 7312:1 7314:6 7337:2 7438:2 7441:1 7445:7 7453:1 7464:3 7563:2 7579:3 7592:3 7638:1 7691:6 7700:7 7709:1 7721:2 7778:1 7817:1 7825:1 7832:1 7849:3 7906:1 7958:1 7964:3 7977:3 8033:2 8085:1 8094:1 8106:2 8163:2 8212:1 8222:1 8234:2 8289:1 8339:1 8362:3 8421:1 8466:1 8491:2 8550:1 8591:1 8607:1 8619:3 8718:1 8731:1 8734:1 8747:2 8845:1 8859:1 8863:1 8875:3 8972:1 8985:1 8988:1 8991:1 9004:3 9021:3 9099:1 9113:1 9132:3 9141:10 9241:1 9245:1 9261:3 9269:8 9368:2 9374:3 9389:3 9397:7 9496:2 9503:2 9518:2 9521:1 9523:5 9624:2 9632:2 9646:9 9752:2 9761:1 9774:8 9879:2 9902:8 10006:2 10030:1 10032:6 10133:3 10158:5 10201:1 10261:2 10271:1 10285:7 10311:8 10329:1 10334:1 10388:2 10398:1 10414:3 10419:2 10438:24 10516:1 10542:5 10566:13 10585:3 10643:1 10671:1 10674:1 10689:2 10693:1 10695:7 10703:2 10708:1 10799:1 10817:3 10821:1 10823:4 10832:1 10944:2 10948:3 10960:2 10964:1 11089:8 11098:2 11219:1 11225:1 11347:2 11476:1 11931:1 12059:1 12186:1,"{""x"":0.07031,""y"":0.26562,""w"":0.73438,""h"":0.48438}"
106,train/shadows/000106.png,128,"A cleaned target silhouette shows the shadow figure from a historical hand-shadow instruction plate. Infer the expert hand-and-arm ink arrangement that produced that shadow. Submit hand_ink_rle as a 128 by 128 binary mask RLE of the hand/arm drawing, hand_bbox_json as normalized x/y/w/h of the ink mask, and confidence in [0,1].",3821:1 3823:2 3949:4 4077:2 4190:1 4204:3 4317:2 4334:2 4445:2 4572:3 4699:2 4702:2 4827:2 4830:2 4955:2 5083:2 5211:2 5217:2 5338:2 5344:2 5466:2 5472:2 5594:3 5600:3 5722:3 5728:3 5857:2 5985:2 6114:2 6243:1 6371:2 6499:5 6630:2 6759:1 6888:2 7016:2 7145:1 7274:2 7396:1 7401:2 7524:2 7530:1 7650:6 7658:2 7778:2 7781:1 7787:1 7906:2 7909:1 8034:2 8162:3 8250:2 8291:2 8378:2 8418:3 8506:4 8546:1 8634:4 8762:4 8892:2 9020:2 9148:4 9275:4 9404:3 9532:4 9662:2 9790:3 9918:3 10036:1 10047:2 10164:2 10175:2 10179:1 10292:3 10304:5 10421:3 10432:6 10537:1 10551:1 10561:5 10570:1 10664:2 10679:1 10689:5 10698:2 10793:2 10807:2 10817:6 10826:3 10922:1 10936:5 10949:2 10955:5 11050:1 11066:4 11078:6 11085:7 11177:2 11194:7 11206:7 11214:7 11306:3 11321:8 11336:5 11342:7 11435:3 11457:6 11465:2 11468:2 11471:8 11564:2 11588:3 11596:11 11618:2 11692:2 11718:3 11725:15 11745:3 11821:2 11845:6 11858:10 11873:3 11877:1 11950:2 11970:5 11977:6 11987:8 12000:3 12004:3 12078:3 12092:9 12103:2 12106:7 12119:2 12128:3 12133:3 12207:2 12219:9 12247:3 12257:4 12263:2 12335:3 12346:8 12377:3 12389:6 12464:3 12474:7 12506:2 12517:2 12523:4 12565:2 12593:2 12634:2 12647:1 12653:4 12693:2 12762:2 12782:3 12821:3 12890:2 12893:7 12951:1 13015:2 13018:2 13021:9 13143:5 13149:3 13154:7 13262:3 13271:4 13276:4 13285:6 13388:6 13396:2 13399:1 13401:1 13404:6 13414:6 13515:7 13531:7 13539:1 13542:2 13545:1 13640:2 13643:7 13664:5 13672:1 13758:1 13766:1 13768:2 13771:5 13791:2 13794:3 13886:2 13892:6 13899:2 13922:2 14011:2 14014:2 14023:3 14139:5 14182:3 14310:3,"{""x"":0.16406,""y"":0.22656,""w"":0.71875,""h"":0.64844}"
108,train/shadows/000108.png,128,"A cleaned target silhouette shows the shadow figure from a historical hand-shadow instruction plate. Infer the expert hand-and-arm ink arrangement that produced that shadow. Submit hand_ink_rle as a 128 by 128 binary mask RLE of the hand/arm drawing, hand_bbox_json as normalized x/y/w/h of the ink mask, and confidence in [0,1].",4803:2 4926:4 4934:1 5013:1 5016:4 5021:5 5028:3 5047:1 5050:2 5055:2 5058:5 5129:4 5134:1 5138:1 5159:4 5164:1 5166:9 5176:1 5179:3 5185:1 5193:2 5260:5 5287:1 5291:2 5294:2 5297:1 5299:1 5301:1 5305:1 5322:9 5388:1 5390:1 5454:6 5516:1 5518:1 5568:8 5586:2 5644:1 5646:1 5694:14 5709:1 5711:4 5718:2 5774:1 5820:6 5833:9 5844:2 5851:1 5943:1 5948:4 5961:1 5963:3 5969:1 5981:1 6071:1 6075:1 6077:1 6095:2 6104:2 6110:1 6199:1 6203:1 6228:5 6234:1 6328:4 6361:2 6364:1 6456:3 6490:1 6492:4 6576:1 6586:1 6620:3 6705:1 6713:2 6833:2 6841:2 6961:2 6964:1 6970:1 6981:1 7089:1 7091:1 7097:1 7111:2 7217:4 7225:2 7239:3 7243:1 7346:3 7369:8 7475:4 7497:1 7499:6 7563:1 7603:3 7628:6 7691:1 7732:2 7757:6 7819:1 7860:2 7886:5 7947:1 7988:2 8017:2 8116:2 8146:3 8242:3 8367:5 8405:1 8492:6 8615:1 8619:4 8745:4 8757:1 8871:1 8874:2 8881:6 9005:8 9113:1 9130:2 9135:2 9165:1 9231:2 9240:2 9243:1 9245:1 9258:4 9293:1 9361:3 9371:3 9386:2 9423:1 9499:1 9502:1 9549:3 9622:2 9630:1 9678:1 9753:2 9884:2 13253:2 13381:1 13386:1 13388:2 13391:2 13394:1 13397:2 13400:1 13507:1 13509:1 13511:1 13514:1 13516:5 13522:1 13524:2 13529:1 13531:2 13640:3 13645:1 13647:5 13653:1 13659:2 13787:2,"{""x"":0.07031,""y"":0.28906,""w"":0.67969,""h"":0.55469}"
110,train/shadows/000110.png,128,"A cleaned target silhouette shows the shadow figure from a historical hand-shadow instruction plate. Infer the expert hand-and-arm ink arrangement that produced that shadow. Submit hand_ink_rle as a 128 by 128 binary mask RLE of the hand/arm drawing, hand_bbox_json as normalized x/y/w/h of the ink mask, and confidence in [0,1].",950:3 1104:1 1212:2 1231:1 1233:1 1343:1 1356:2 1360:1 1473:1 1479:1 1482:1 1487:1 1608:1 1613:3 1739:4 1866:3 1995:1 2765:1 2769:1 2889:2 2896:2 3023:2 3147:3 3151:1 3273:2 3757:1 3884:1 3886:1 4265:1 4645:1 5155:2 7332:1 7460:1 9501:1 9880:1 10008:1 10136:1 10264:1 11033:3 11165:1 11297:2 11300:1 11555:1 11810:1 11816:1 11944:1 12037:1 12064:2 12163:3 12190:1 12192:1 12194:1 12205:2 12290:2 12317:1 12321:2 12331:1 12333:1 12336:3 12417:1 12441:8 12450:1 12456:10 12569:4 12574:20 12700:19 12720:1 12722:1 12830:1 12834:6 12841:1 12843:6 12959:5 12968:2 12973:3 12978:2 13089:1 13091:1 13096:1 13103:1 13105:2 13223:1 13226:1 13228:2 13231:1 13233:1 13348:2 13352:1 13355:3 13359:1 13468:2 13474:1 13484:1 13487:1 13593:2 13598:2 13607:3 14119:4 14248:5 14256:4 14261:1 14375:6 14383:5 14389:2 14401:3 14507:3 14512:1 14514:2 14517:1 14531:2 14537:1 14655:1 14658:2 14661:8 14788:4 14793:4,"{""x"":0.00781,""y"":0.05469,""w"":0.63281,""h"":0.85156}"
111,train/shadows/000111.png,128,"A cleaned target silhouette shows the shadow figure from a historical hand-shadow instruction plate. Infer the expert hand-and-arm ink arrangement that produced that shadow. Submit hand_ink_rle as a 128 by 128 binary mask RLE of the hand/arm drawing, hand_bbox_json as normalized x/y/w/h of the ink mask, and confidence in [0,1].",1078:2 1086:7 1095:8 1206:1 1213:10 1334:1 1339:2 1461:1 1466:2 1593:1 1597:3 1616:2 1619:1 1716:1 1724:2 1735:3 1739:10 1750:4 1843:2 1850:1 1863:12 1877:4 1970:1 1989:9 2007:2 2098:1 2116:7 2125:1 2134:2 2243:4 3376:1 3503:1 3630:1 3757:1 3884:1 4811:1 7061:1 7189:1 9656:1 11927:1 12056:1 12185:1 12836:1 12964:1 13090:3 13216:5 13344:6 13472:5 13600:5 13729:4 13858:3 13986:3 14114:3 14242:2 14370:2 14499:1,"{""x"":0.16406,""y"":0.0625,""w"":0.53906,""h"":0.82812}"
112,train/shadows/000112.png,128,"A cleaned target silhouette shows the shadow figure from a historical hand-shadow instruction plate. Infer the expert hand-and-arm ink arrangement that produced that shadow. Submit hand_ink_rle as a 128 by 128 binary mask RLE of the hand/arm drawing, hand_bbox_json as normalized x/y/w/h of the ink mask, and confidence in [0,1].",2158:1 2284:4 2411:3 2415:1 2536:3 2542:1 2662:2 2669:2 2788:3 2795:4 2914:3 2922:4 3024:1 3041:2 3049:3 3151:1 3153:2 3166:3 3177:2 3279:1 3281:1 3283:1 3292:2 3302:3 3407:1 3410:2 3418:2 3428:4 3534:1 3536:4 3545:1 3555:4 3566:7 3662:1 3664:4 3671:2 3680:1 3682:3 3690:3 3697:1 3789:1 3792:4 3798:1 3807:5 3816:2 3916:1 3919:7 3934:10 4044:1 4046:6 4060:4 4065:4 4171:1 4173:6 4185:8 4194:1 4298:3 4312:6 4426:2 4438:6 4552:2 4567:3 4679:1 4688:1 4692:3 4804:2 4815:1 4817:4 4931:2 4942:1 5057:2 5183:2 5198:3 5310:2 5329:1 5437:1 5439:1 5563:1 5565:1 5571:1 5690:2 5698:1 5816:2 5942:2 5969:2 6069:1 6179:8 6189:1 6195:1 6305:2 6318:1 6321:1 6432:2 6446:1 6559:1 6566:2 6575:2 6686:1 6692:3 6703:1 6817:3 6826:2 6939:4 6944:2 6953:5 6960:1 7066:8 7083:4 7088:1 7193:9 7212:4 7321:9 7341:3 7448:9 7458:2 7470:2 7473:1 7513:1 7576:11 7589:1 7599:3 7638:5 7704:4 7710:6 7719:2 7728:1 7730:1 7764:7 7772:2 7832:2 7835:1 7837:1 7839:1 7841:4 7849:2 7857:2 7889:16 7959:2 7964:1 7966:1 7968:1 7970:3 7977:3 7985:2 8015:15 8031:5 8086:1 8090:1 8093:1 8095:2 8098:3 8106:3 8114:2 8143:8 8158:9 8211:2 8217:1 8219:1 8222:2 8225:1 8227:3 8236:3 8243:1 8267:2 8270:7 8290:3 8294:4 8337:2 8345:1 8348:2 8352:1 8354:1 8356:2 8364:1 8371:2 8393:5 8420:6 8470:1 8472:1 8475:2 8479:1 8500:1 8521:4 8552:2 8596:1 8598:2 8601:2 8629:1 8649:1 8722:1 8725:1 8728:1 8757:1 8849:1 8851:1 8854:1 8886:1 8980:1 10232:1 10354:1 10361:1 10480:4 10609:3 10738:3 10867:2 10995:1 11197:1 11325:1 11580:1 11709:2 11838:2 11950:2 11967:2 12097:1 12857:1 12985:1 13113:1 13242:1 13760:1,"{""x"":0.13281,""y"":0.125,""w"":0.82031,""h"":0.71875}"
113,train/shadows/000113.png,128,"A cleaned target silhouette shows the shadow figure from a historical hand-shadow instruction plate. Infer the expert hand-and-arm ink arrangement that produced that shadow. Submit hand_ink_rle as a 128 by 128 binary mask RLE of the hand/arm drawing, hand_bbox_json as normalized x/y/w/h of the ink mask, and confidence in [0,1].",1628:2 1754:4 1882:2 1885:1 2009:1 2012:2 2134:3 2139:2 2261:2 2266:4 2388:2 2394:3 2514:2 2522:1 2641:1 2648:2 2768:2 2775:3 2893:2 2901:4 2912:3 3010:1 3019:1 3021:1 3027:4 3037:4 3136:3 3146:2 3154:4 3263:1 3265:3 3273:1 3282:3 3289:2 3390:1 3394:3 3401:1 3407:5 3414:3 3519:1 3522:3 3527:1 3535:8 3646:2 3649:3 3654:1 3662:4 3667:1 3669:1 3774:1 3777:5 3787:5 3793:2 3797:1 3902:1 3905:3 3915:6 3922:1 4029:1 4031:4 4042:3 4157:1 4159:3 4168:3 4284:4 4295:4 4411:2 4422:3 4539:2 4547:5 4666:1 4674:5 4802:1 4920:2 4928:1 5046:1 5172:2 5185:3 5298:2 5312:1 5314:1 5553:1 5681:1 5700:1 5806:2 5813:2 5933:2 5941:1 6060:2 6186:2 6567:1 6694:1 6813:5 6819:1 6822:1 6939:2 6947:1 6949:1 7064:2 7076:1 7191:1 7196:1 7244:3 7317:1 7322:2 7333:1 7371:8 7380:1 7444:1 7456:2 7461:1 7496:16 7571:1 7575:3 7582:5 7589:1 7623:1 7625:10 7636:8 7645:2 7698:5 7711:6 7718:1 7751:6 7763:2 7767:3 7771:3 7826:3 7830:3 7841:5 7847:1 7877:7 7898:4 7953:7 7972:3 7976:1 8005:5 8080:8 8101:4 8132:2 8208:8 8217:4 8230:3 8257:3 8335:10 8349:2 8359:3 8383:5 8463:4 8468:1 8470:4 8479:2 8488:2 8511:3 8591:4 8596:1 8598:1 8600:3 8608:2 8611:1 8617:2 8639:1 8719:2 8722:1 8725:1 8727:5 8737:4 8746:1 8846:2 8851:2 8854:6 8865:3 8876:1 8973:1 8977:1 8981:2 8984:3 8988:2 9004:1 9099:2 9105:1 9109:2 9112:1 9114:1 9133:1 9197:2 9231:1 9233:3 9239:1 9327:1 9352:2 9358:1 9360:1 9448:3 9484:1 9486:1 9489:2 9576:4 9613:1 9615:2 9705:3 9738:2 9742:1 9834:2 9865:1 9963:3 11319:1 11447:1 11574:1 11703:1 11832:1 11962:1 12091:2 12220:1 12329:2 13109:1 13237:2 13756:1,"{""x"":0.0625,""y"":0.09375,""w"":0.8125,""h"":0.75}"
114,train/shadows/000114.png,128,"A cleaned target silhouette shows the shadow figure from a historical hand-shadow instruction plate. Infer the expert hand-and-arm ink arrangement that produced that shadow. Submit hand_ink_rle as a 128 by 128 binary mask RLE of the hand/arm drawing, hand_bbox_json as normalized x/y/w/h of the ink mask, and confidence in [0,1].",2116:1 2234:1 2245:1 2360:6 2373:3 2479:4 2485:1 2487:7 2495:2 2502:1 2613:3 2625:1 2631:2 2749:1 2755:1 2761:1 2880:2 2890:1 2989:1 2992:2 3010:1 3018:1 3115:12 3128:1 3239:2 3242:17 3365:5 3377:7 3385:2 3495:1 3497:1 3509:3 3623:1 3625:1 4044:1 4173:1 4302:2 4432:1 4562:1 6070:1 7402:1 7530:1 10188:1 10317:1 11885:1 12012:1 12770:1 12898:2 13026:3 13154:5 13282:4 13410:4 13538:4 13668:3 13796:3 13924:3 14053:2 14181:2 14309:1,"{""x"":0.28906,""y"":0.125,""w"":0.57031,""h"":0.75}"
117,train/shadows/000117.png,128,"A cleaned target silhouette shows the shadow figure from a historical hand-shadow instruction plate. Infer the expert hand-and-arm ink arrangement that produced that shadow. Submit hand_ink_rle as a 128 by 128 binary mask RLE of the hand/arm drawing, hand_bbox_json as normalized x/y/w/h of the ink mask, and confidence in [0,1].",3435:3 3439:1 3561:2 3564:1 3567:1 3570:3 3688:1 3695:1 3697:1 3699:3 3814:3 3823:4 3940:2 3943:1 3950:2 3957:1 4066:3 4070:4 4077:3 4084:1 4192:3 4196:1 4201:6 4211:1 4318:6 4329:2 4332:2 4338:1 4444:5 4454:6 4461:1 4465:1 4510:3 4570:2 4574:2 4577:1 4581:5 4592:2 4595:1 4634:5 4640:1 4697:3 4701:1 4703:1 4706:7 4719:2 4723:1 4757:8 4822:5 4828:1 4833:4 4845:3 4851:1 4885:1 4895:1 4950:4 4955:1 4961:3 4972:3 5014:1 5018:1 5020:3 5024:1 5030:1 5039:1 5076:2 5081:1 5088:3 5092:1 5099:2 5142:17 5162:2 5165:1 5202:4 5214:5 5220:1 5225:4 5233:1 5269:23 5329:5 5341:5 5347:1 5350:1 5354:4 5361:1 5394:10 5405:1 5407:14 5422:2 5456:5 5467:3 5473:1 5480:4 5485:1 5488:1 5521:5 5529:1 5540:2 5544:1 5546:3 5584:2 5596:2 5607:4 5615:1 5649:3 5668:1 5676:1 5686:1 5725:1 5732:7 5742:1 5778:1 5781:1 5783:1 5786:3 5796:1 5804:1 5814:1 5829:2 5853:1 5859:6 5869:4 5907:18 5930:1 5958:1 5985:6 5996:5 6050:1 6052:6 6086:1 6111:6 6123:4 6128:1 6163:1 6172:1 6182:5 6240:3 6251:3 6256:1 6292:1 6297:3 6313:2 6325:1 6342:2 6368:1 6377:4 6383:1 6422:13 6452:2 6471:1 6503:1 6505:3 6551:1 6556:6 6563:1 6580:2 6598:2 6616:1 6631:5 6638:1 6679:1 6684:2 6689:6 6707:2 6727:1 6744:1 6757:5 6765:1 6808:1 6810:2 6818:7 6835:2 6855:1 6867:1 6882:7 6892:1 6938:4 6946:1 6949:3 6962:3 6983:1 6995:1 7011:4 7019:1 7070:3 7074:1 7079:1 7090:1 7111:1 7123:1 7129:1 7138:4 7146:1 7201:1 7215:1 7218:1 7222:1 7240:1 7257:1 7267:1 7273:1 7331:3 7335:1 7345:1 7350:1 7367:2 7385:1 7395:1 7400:1 7461:2 7472:1 7496:1 7526:1 7590:1 7624:1 7642:1 7653:1 7719:1 7725:1 7752:1 7779:2 7848:3 7852:1 7880:1 7906:2 7977:3 8033:2 8107:2 8159:3 8236:2 8265:1 8286:2 8365:2 8393:1 8414:1 8493:2 8540:2 8612:1 8622:2 8650:1 8668:1 8751:2 8768:1 8779:1 8794:2 8867:2 8880:2 8908:1 8920:3 8995:1 9010:1 9036:1 9049:1 9121:1 9139:1 9164:1 9266:3 9395:2 9434:2 9692:1 10411:2 10538:2 10666:1 10792:2 10920:2 10926:1 11051:3 11182:1 11701:1 11828:1 11956:1 11958:1,"{""x"":0.13281,""y"":0.20312,""w"":0.78906,""h"":0.53125}"
118,train/shadows/000118.png,128,"A cleaned target silhouette shows the shadow figure from a historical hand-shadow instruction plate. Infer the expert hand-and-arm ink arrangement that produced that shadow. Submit hand_ink_rle as a 128 by 128 binary mask RLE of the hand/arm drawing, hand_bbox_json as normalized x/y/w/h of the ink mask, and confidence in [0,1].",4118:2 4247:3 4375:3 4460:2 4503:3 4588:3 4629:3 4715:4 4757:3 4843:2 4884:3 4969:4 5012:2 5096:5 5139:3 5223:6 5266:3 5308:2 5351:1 5356:1 5394:2 5435:3 5521:2 5563:3 5649:2 5777:1 5814:3 5941:3 6067:5 6193:6 6320:5 6447:3 6574:3 6700:3 6828:3 6956:2 7083:1 10048:1 10176:3 10305:3 10311:1 10433:10 10541:4 10556:18 10661:18 10682:13 10697:12 10787:32 10829:9 10914:11 10930:9 10960:7 11041:5 11064:2 11090:6 11219:1 11221:4 11350:4 11478:5 11484:2 11607:7 11736:5 11746:3 11865:7 11873:4 11995:6 12124:5 12130:1 12256:4 12385:4 12513:6 12524:3 12642:6 12651:4 12771:6 12779:4 12901:10 13030:8 13160:5,"{""x"":0.13281,""y"":0.25,""w"":0.73438,""h"":0.55469}"
119,train/shadows/000119.png,128,"A cleaned target silhouette shows the shadow figure from a historical hand-shadow instruction plate. Infer the expert hand-and-arm ink arrangement that produced that shadow. Submit hand_ink_rle as a 128 by 128 binary mask RLE of the hand/arm drawing, hand_bbox_json as normalized x/y/w/h of the ink mask, and confidence in [0,1].",1987:2 2109:3 2113:10 2229:1 2235:7 2362:1 2389:1 2483:1 2507:8 2517:2 2611:1 2616:1 2620:3 2633:16 2738:1 2746:1 2758:10 2772:1 2774:1 2865:1 2873:1 2882:11 2900:3 2993:1 3010:9 3120:1 3138:1 3140:5 4400:1 4527:1 4654:1 4781:2 4908:1 5035:1 5708:1 5835:1 8598:1 10809:2 13338:1 13465:1 13467:1 13991:1 14119:1 14246:2 14372:5 14499:6 14629:5 14757:5 14885:4 15013:2 15141:3 15269:3 15397:3 15525:2 15653:2,"{""x"":0.17188,""y"":0.11719,""w"":0.52344,""h"":0.84375}"
120,train/shadows/000120.png,128,"A cleaned target silhouette shows the shadow figure from a historical hand-shadow instruction plate. Infer the expert hand-and-arm ink arrangement that produced that shadow. Submit hand_ink_rle as a 128 by 128 binary mask RLE of the hand/arm drawing, hand_bbox_json as normalized x/y/w/h of the ink mask, and confidence in [0,1].",2486:1 2613:2 2617:1 2742:1 2871:2 2875:1 2894:3 3000:3 3005:1 3016:1 3130:1 3135:2 3141:1 3259:2 3387:1 3891:1 4019:7 4147:2 4276:1 4278:3 4284:1 4286:1 4538:2 5589:3 5717:4 6105:1 6878:2 8794:2 8923:1 9559:1 11364:1 11492:1 11620:1 11748:1 12375:1 12377:2 12382:1 12385:2 12632:1 12754:1 12761:1 12876:1 12882:1 12889:1 12999:1 13004:1 13016:1 13127:6 13145:1 13256:10 13271:1 13273:4 13383:1 13385:1 13387:8 13399:1 13401:2 13404:1 13510:1 13513:4 13518:3 13522:14 13556:1 13642:3 13648:1 13650:9 13661:4 13684:1 13768:1 13770:1 13776:2 13779:5 13785:5 13792:1 13813:2 13896:1 13898:1 13900:2 13903:1 13906:1 13909:1 13911:3 13943:1 14026:1 14028:3 14073:1 14163:1 14288:3 14294:1 14425:4 14507:1 14509:2 14512:6 14558:2 14635:4 14641:2 14644:2 14657:2 14660:1 14785:7 14795:6 14917:4 14922:6,"{""x"":0.33594,""y"":0.14844,""w"":0.61719,""h"":0.76562}"
121,train/shadows/000121.png,128,"A cleaned target silhouette shows the shadow figure from a historical hand-shadow instruction plate. Infer the expert hand-and-arm ink arrangement that produced that shadow. Submit hand_ink_rle as a 128 by 128 binary mask RLE of the hand/arm drawing, hand_bbox_json as normalized x/y/w/h of the ink mask, and confidence in [0,1].",4544:5 4667:3 4673:2 4679:2 4792:3 4798:3 4804:5 4810:2 4814:1 4819:1 4915:3 4921:2 4943:4 5020:4 5027:1 5043:5 5049:1 5074:2 5082:1 5146:1 5148:2 5156:3 5160:11 5185:1 5197:2 5200:3 5206:2 5212:2 5270:3 5290:1 5294:1 5310:19 5331:2 5342:1 5394:2 5438:17 5457:1 5465:1 5471:1 5509:5 5515:2 5520:1 5564:6 5580:1 5584:3 5590:1 5592:2 5595:1 5643:1 5645:2 5686:1 5692:3 5716:9 5819:2 5850:5 5943:2 5946:2 5980:3 6071:2 6074:1 6199:2 6202:1 6327:4 6456:2 6577:1 6585:2 6705:1 6714:2 6726:1 6833:3 6842:2 6856:4 6861:2 6864:3 6962:1 6964:1 6971:1 6985:10 7090:5 7115:1 7118:6 7218:6 7247:5 7348:3 7376:5 7477:3 7507:2 7605:3 7636:1 7638:1 7734:2 7767:2 7858:1 7862:2 7895:2 7947:1 7989:2 8023:1 8075:1 8115:4 8203:1 8243:3 8331:1 8370:2 8459:1 8494:5 8587:1 8621:4 8715:1 8744:1 8747:5 8755:6 8843:1 8874:3 8883:2 8886:2 8971:1 9001:2 9004:1 9006:5 9042:1 9131:1 9133:1 9138:1 9168:2 9259:1 9263:2 9388:4 9498:6 9628:5 9745:2 9757:1 9759:2 9877:5 10013:1 10144:1 13010:1 13017:1 13019:4 13025:1 13130:2 13134:2 13137:1 13139:2 13142:4 13147:2 13150:1 13259:1 13262:5 13268:1 13272:2 13275:2 13278:1 13281:3 13385:1 13387:3,"{""x"":0.03906,""y"":0.27344,""w"":0.74219,""h"":0.54688}"
122,train/shadows/000122.png,128,"A cleaned target silhouette shows the shadow figure from a historical hand-shadow instruction plate. Infer the expert hand-and-arm ink arrangement that produced that shadow. Submit hand_ink_rle as a 128 by 128 binary mask RLE of the hand/arm drawing, hand_bbox_json as normalized x/y/w/h of the ink mask, and confidence in [0,1].",3181:1 3183:1 3308:4 3436:3 3563:4 3675:1 3693:3 3802:2 3822:2 3929:2 4056:3 4183:5 4311:2 4314:2 4439:2 4567:2 4695:2 4702:2 4823:2 4830:2 4951:2 4958:2 5079:2 5086:2 5207:3 5214:3 5335:3 5342:4 5470:4 5599:3 5726:3 5855:2 5984:1 6112:3 6241:3 6371:2 6500:2 6628:4 6758:2 6887:1 7015:2 7144:2 7266:1 7272:3 7394:2 7401:2 7520:4 7528:3 7648:5 7657:2 7775:2 7778:4 7785:2 7903:2 8031:3 8114:2 8159:3 8242:2 8287:3 8370:2 8415:3 8498:4 8543:1 8626:4 8671:1 8754:4 8884:2 9012:2 9139:2 9142:2 9267:5 9396:4 9524:5 9654:3 9783:2 9911:2 10039:2 10168:1 10283:1 10296:1 10411:1 10424:1 10428:1 10540:2 10553:4 10668:3 10681:6 10781:2 10798:2 10809:6 10821:1 10910:1 10925:3 10937:6 10948:2 11038:2 11054:4 11065:7 11076:2 11166:2 11183:5 11194:2 11197:5 11205:5 11294:2 11313:5 11325:6 11332:1 11334:5 11423:2 11441:7 11454:17 11551:3 11569:7 11583:2 11586:4 11591:9 11680:3 11704:2 11716:1 11718:1 11720:9 11809:3 11832:5 11844:5 11850:8 11938:3 11962:7 11974:1 11976:3 11980:7 11999:2 12067:3 12093:7 12102:14 12127:2 12196:2 12224:5 12231:18 12254:3 12324:3 12342:1 12347:11 12365:12 12382:3 12453:3 12469:3 12476:2 12486:6 12498:5 12510:2 12513:3 12581:2 12595:11 12618:2 12628:2 12638:8 12709:3 12721:11 12757:4 12766:1 12768:2 12773:5 12838:3 12849:2 12852:6 12884:4 12898:1 12903:4 12966:3 12980:3 12984:1 13013:3 13026:2 13033:4 13063:3 13095:3 13141:3 13154:3 13162:5 13191:4 13225:1 13269:3 13292:3 13319:4 13397:2 13522:2 13525:2 13529:7 13650:2 13653:2 13657:9 13778:5 13785:4 13790:9 13895:4 13905:5 13912:5 13921:8 14023:5 14032:4 14037:1 14039:7 14050:8 14147:1 14149:8 14167:5 14173:2 14179:4 14184:1 14274:2 14277:8 14300:6 14309:3 14401:3 14405:6 14429:1 14431:4 14518:1 14527:5 14533:4 14559:4 14643:2 14646:2 14653:6 14661:2 14688:1 14771:5 14820:1 14903:1 14947:2 14950:1 15075:4,"{""x"":0.05469,""y"":0.1875,""w"":0.82031,""h"":0.73438}"
123,train/shadows/000123.png,128,"A cleaned target silhouette shows the shadow figure from a historical hand-shadow instruction plate. Infer the expert hand-and-arm ink arrangement that produced that shadow. Submit hand_ink_rle as a 128 by 128 binary mask RLE of the hand/arm drawing, hand_bbox_json as normalized x/y/w/h of the ink mask, and confidence in [0,1].",2498:1 2626:1 2754:2 2883:1 3123:1 3251:2 3274:1 3378:1 3382:1 3402:2 3405:1 3530:1 3532:2 3662:1 3790:1 3919:1 4047:1 4256:1 4367:1 4379:2 4384:1 4495:1 4498:4 4505:4 4512:2 4545:4 4624:1 4633:2 4641:1 4673:5 4800:2 4928:8 5065:1 5174:1 5190:4 5305:1 5430:6 5562:3 5689:2 5818:3 6870:1 6998:2 7126:2 7254:3 7382:4 7405:2 7511:4 7533:1 7631:1 7635:1 7660:1 7760:1 7763:1 7787:6 7887:3 7892:1 7915:2 7919:2 8015:3 8020:1 8048:2 8142:1 8144:1 8177:3 8272:2 8306:4 8400:2 8434:4 8528:2 8564:3 8657:1 8693:3 8786:2 8822:3 8914:2 8952:1 9043:1 9171:2 9300:2 9428:2 9548:1 9557:2 9675:2 9685:2 9806:1 9815:1 9934:2 9944:2 10072:2 10201:1 10329:2 10458:2 10586:2,"{""x"":0.11719,""y"":0.14844,""w"":0.82812,""h"":0.5}"
124,train/shadows/000124.png,128,"A cleaned target silhouette shows the shadow figure from a historical hand-shadow instruction plate. Infer the expert hand-and-arm ink arrangement that produced that shadow. Submit hand_ink_rle as a 128 by 128 binary mask RLE of the hand/arm drawing, hand_bbox_json as normalized x/y/w/h of the ink mask, and confidence in [0,1].",3363:3 3368:3 3490:1 3498:3 3502:2 3615:3 3633:2 3740:2 3763:3 3894:2 3897:1 4003:2 4006:1 4026:1 4129:1 4134:4 4154:1 4254:2 4267:2 4270:1 4283:1 4379:1 4397:1 4400:5 4412:1 4506:1 4534:1 4541:1 4671:1 4792:1 4800:1 4929:1 5038:5 5058:1 5165:1 5171:1 5187:1 5316:2 5446:1 5575:1 5832:1 5934:1 5962:2 6060:2 6064:1 6092:1 6108:5 6180:4 6194:1 6238:1 6241:1 6350:1 6358:5 6365:1 6369:1 6479:1 6485:1 6497:1 6608:1 6610:1 6612:2 6615:3 6625:1 6631:2 6634:1 6739:3 6753:12 6866:4 6887:4 6894:1 6947:1 6994:3 7008:3 7012:4 7024:2 7027:1 7060:1 7122:3 7136:2 7139:1 7154:4 7189:1 7249:3 7264:8 7275:8 7285:4 7317:1 7377:4 7393:2 7399:2 7444:1 7506:3 7521:1 7529:1 7570:1 7634:2 7648:1 7658:1 7698:1 7761:3 7776:1 7825:1 7831:1 7889:3 7904:1 7917:1 8017:2 8032:1 8046:1 8144:1 8146:1 8159:1 8175:1 8272:2 8287:1 8291:1 8304:1 8378:1 8380:1 8400:2 8418:1 8420:1 8432:1 8506:4 8527:2 8548:1 8636:5 8646:1 8654:3 8670:1 8673:1 8692:1 8766:9 8781:4 8799:1 8801:1 8806:1 8895:8 8910:3 8927:1 8929:1 8934:1 9026:9 9037:4 9055:2 9062:1 9157:11 9182:2 9190:1 9285:1 9287:5 9293:3 9309:2 9319:1 9415:9 9437:1 9446:2 9543:9 9574:3 9671:9 9702:3 9759:1 9801:6 9830:3 9881:2 9887:1 9893:2 9896:1 9898:3 9902:5 9928:1 9930:5 9959:1 9961:1 10010:2 10013:1 10015:2 10020:16 10055:6 10062:1 10079:1 10088:1 10139:9 10150:14 10185:5 10219:1 10276:1 10279:12 10292:1 10313:1 10316:3 10348:1 10403:1 10408:14 10423:2 10427:1 10445:2 10532:1 10536:2 10542:2 10546:6 10553:3 10653:1 10660:5 10679:5 10782:6 10791:1 10918:1 11045:1 11874:3 12003:1,"{""x"":0.13281,""y"":0.20312,""w"":0.8125,""h"":0.53125}"
125,train/shadows/000125.png,128,"A cleaned target silhouette shows the shadow figure from a historical hand-shadow instruction plate. Infer the expert hand-and-arm ink arrangement that produced that shadow. Submit hand_ink_rle as a 128 by 128 binary mask RLE of the hand/arm drawing, hand_bbox_json as normalized x/y/w/h of the ink mask, and confidence in [0,1].",3353:3 3481:4 3611:2 3738:2 3866:1 4011:1 4139:1 4266:4 4394:1 4396:2 4522:1 4524:2 4652:2 4775:1 4780:2 4903:1 4908:2 5031:1 5036:2 5159:1 5164:2 5285:3 5291:3 5413:3 5541:2 5669:2 5796:2 5922:3 6050:3 6176:4 6302:3 6430:1 6685:1 6811:3 6939:2 7066:3 7073:1 7194:2 7199:5 7327:1 7329:3 7457:4 7586:3 7714:3 7842:1 7844:1 7970:3 8099:2 8228:1 8266:1 8394:1 8520:3 8648:3 8776:3 8904:2 9032:2 9158:1 9160:2 9286:4 9414:3 9541:2 9669:1 9796:2 9924:2 10049:1 10052:2 10063:2 10177:4 10191:2 10304:5 10318:3 10430:6 10445:2 10551:2 10557:5 10571:2 10676:5 10685:5 10698:3 10713:1 10803:5 10811:4 10816:1 10825:3 10841:2 10926:1 10928:7 10936:1 10938:5 10951:4 10969:1 11040:1 11053:8 11062:5 11068:1 11075:6 11096:2 11168:1 11180:8 11189:2 11192:1 11201:8 11224:1 11296:2 11303:11 11315:2 11318:3 11327:4 11351:2 11420:4 11425:2 11433:14 11452:5 11478:3 11546:4 11553:2 11562:7 11576:5 11605:3 11673:4 11679:3 11689:4 11694:2 11700:6 11708:2 11732:2 11799:4 11806:4 11815:3 11826:15 11860:2 11923:4 11932:2 11943:2 11954:2 11966:2 11987:2 12051:2 12071:2 12095:9 12115:2 12199:2 12225:8 12241:3 12328:1 12353:5 12359:2 12369:2 12442:12 12456:1 12458:2 12484:2 12496:3 12569:8 12579:3 12584:4 12623:3 12696:7 12707:4 12713:3 12826:3 12833:7 12842:3 12953:2 12958:2 12961:6 12972:2 12978:3 13034:3 13085:5 13091:1 13104:6 13161:4 13213:6 13233:6 13289:4 13342:3 13361:6 13368:1 13465:1 13467:2 13490:5 13496:2 13593:4 13621:2 13624:4 13635:1 13752:5 13761:3 13889:3 13893:1 14017:5,"{""x"":0.14844,""y"":0.20312,""w"":0.70312,""h"":0.65625}"
126,train/shadows/000126.png,128,"A cleaned target silhouette shows the shadow figure from a historical hand-shadow instruction plate. Infer the expert hand-and-arm ink arrangement that produced that shadow. Submit hand_ink_rle as a 128 by 128 binary mask RLE of the hand/arm drawing, hand_bbox_json as normalized x/y/w/h of the ink mask, and confidence in [0,1].",2499:1 2627:1 2756:1 2996:3 3126:3 3349:1 3351:1 3401:1 3477:1 3529:1 3531:1 3606:1 3608:3 3614:3 3620:1 3659:1 3734:1 3741:4 3748:1 3787:1 3875:1 3915:2 4004:1 4044:1 4415:4 4543:4 4670:2 4800:6 4917:4 4934:2 5048:1 5059:4 5172:6 5190:2 5431:2 6991:1 7119:1 7247:1 7375:1 7503:3 7624:2 7631:3 7752:1 7755:1 7758:4 7883:1 7906:1 8007:3 8032:3 8136:1 8160:2 8264:2 8287:4 8393:1 8416:1 8419:2 8521:1 8548:2 8649:1 8676:3 8778:1 8805:4 8905:1 8934:3 9034:1 9064:1 9162:1 9191:2 9290:2 9320:2 9411:1 9419:2 9449:1 9540:1 9547:2 9577:1 9668:1 9676:1 9796:2 9805:1 9925:1 9933:1 10061:2 10189:1 10317:1 10445:2 10574:1,"{""x"":0.16406,""y"":0.14844,""w"":0.66406,""h"":0.5}"
127,train/shadows/000127.png,128,"A cleaned target silhouette shows the shadow figure from a historical hand-shadow instruction plate. Infer the expert hand-and-arm ink arrangement that produced that shadow. Submit hand_ink_rle as a 128 by 128 binary mask RLE of the hand/arm drawing, hand_bbox_json as normalized x/y/w/h of the ink mask, and confidence in [0,1].",2911:2 3039:3 3166:1 3169:1 3293:4 3418:2 3423:2 3544:2 3551:1 3669:3 3677:2 3796:2 3804:3 3922:2 3931:4 4039:2 4050:1 4058:3 4068:3 4165:1 4167:1 4177:1 4184:4 4191:4 4293:1 4296:2 4303:2 4310:4 4423:3 4429:1 4435:6 4445:2 4548:1 4551:3 4556:1 4563:5 4570:3 4676:1 4678:3 4683:1 4690:3 4694:4 4804:1 4806:4 4817:6 4824:1 4931:1 4934:3 4942:1 4944:3 5058:4 5069:6 5186:1 5188:2 5197:4 5313:3 5324:3 5440:2 5447:5 5567:1 5574:5 5693:2 5820:2 5829:1 5946:2 5958:2 6073:2 6327:2 6454:1 6456:1 6459:1 6580:1 6582:1 6586:1 6600:2 6707:2 6833:2 6959:1 7086:1 7212:2 7333:4 7340:1 7455:4 7466:1 7468:1 7583:1 7594:1 7710:1 7715:2 7723:1 7837:1 7841:3 7851:2 7964:1 7974:3 7980:1 8016:3 8092:4 8102:4 8108:1 8142:10 8217:4 8222:2 8232:3 8237:1 8266:1 8268:9 8278:4 8345:6 8361:3 8365:1 8394:19 8471:7 8480:1 8490:3 8494:1 8521:8 8537:3 8542:2 8599:9 8610:1 8619:4 8648:5 8667:4 8727:10 8739:2 8748:3 8775:2 8855:4 8861:4 8869:1 8878:2 8901:1 8983:2 8987:2 8990:4 8998:2 9007:1 9028:1 9030:1 9110:1 9114:1 9116:1 9118:5 9128:3 9156:2 9237:2 9244:1 9246:1 9248:1 9250:2 9258:2 9265:1 9284:1 9363:1 9368:1 9371:1 9374:1 9377:3 9386:1 9393:1 9490:1 9495:3 9500:2 9503:1 9522:1 9616:2 9624:1 9626:2 9630:1 9748:1 9751:1 9838:1 9877:1 9965:2 10001:1 10004:1 10095:1 10130:1 10217:2 10344:3 10473:3 10603:3 10732:1 11579:1 11707:1 11961:1 11963:1 12090:1 12221:1 12334:1 12351:1 12462:1 13240:1 13368:1 13497:1 13758:1 13886:1,"{""x"":0.125,""y"":0.17188,""w"":0.75,""h"":0.67969}"
129,train/shadows/000129.png,128,"A cleaned target silhouette shows the shadow figure from a historical hand-shadow instruction plate. Infer the expert hand-and-arm ink arrangement that produced that shadow. Submit hand_ink_rle as a 128 by 128 binary mask RLE of the hand/arm drawing, hand_bbox_json as normalized x/y/w/h of the ink mask, and confidence in [0,1].",1608:4 1734:3 1862:3 1868:1 1989:1 1991:1 1996:1 2117:1 2119:1 2123:1 2245:3 2251:1 2373:1 2376:1 2379:1 2501:1 2507:2 2629:1 2635:2 2754:4 2764:1 2766:2 2880:2 2889:14 3009:3 3024:4 3030:3 3132:1 3135:1 3150:1 3159:2 3260:1 3262:1 3277:1 3288:1 3388:1 3390:1 3406:1 3416:2 3516:1 3518:1 3530:2 3534:1 3644:1 3646:1 3662:1 3669:1 3674:1 3763:2 3769:4 3775:1 3778:1 3786:2 3791:1 3797:1 3802:1 3882:2 3886:3 3893:8 3903:1 3914:2 3919:1 3924:1 3926:1 3930:1 4004:1 4007:3 4012:1 4028:1 4031:1 4043:1 4047:5 4058:1 4132:2 4156:1 4159:1 4171:1 4175:3 4186:2 4261:1 4274:1 4283:1 4304:1 4314:2 4389:1 4402:1 4411:1 4415:1 4431:2 4441:2 4519:2 4530:2 4536:4 4543:1 4560:1 4569:1 4571:1 4651:6 4660:9 4670:2 4687:2 4697:1 4699:1 4778:3 4795:2 4816:2 4906:1 4944:2 4955:2 5034:1 5041:1 5072:1 5083:2 5176:1 5201:1 5211:2 5291:13 5340:1 5428:4 5458:1 5468:1 5582:1 5585:1 5594:3 5710:1 5713:1 5723:2 5852:2 5970:1 5980:1 6095:1 6108:2 6236:2 6364:2 6493:1 6620:2 6748:1 6874:3 7003:2 7130:3 7259:1 7386:2 7515:1 7642:2 7896:1 8025:1 8153:1 8280:3 8385:1 8408:3 8513:1 8538:2 8642:2 8665:4 8670:1 8770:2 8777:1 8779:1 8794:2 8797:2 8898:2 8906:2 8924:3 9027:1 9042:2 9051:4 9157:1 9170:2 9179:5 9186:3 9284:1 9286:1 9300:1 9307:6 9314:4 9413:3 9428:1 9436:2 9442:4 9542:2 9564:2 9570:1 9572:3 9685:1 9691:2 9700:3 9819:2 9827:1 9829:2 9946:2 9955:1 9958:2 10070:1 10074:1 10086:2 10200:2 10213:4 10328:1 10341:1 10343:1 10455:1 10465:1 10470:4 10582:2 10593:1 10596:1 10600:3 10689:1 10711:1 10721:1 10724:1 10727:1 10729:2 10733:2 10816:1 10836:3 10849:1 10852:1 10855:1 10857:1 10859:1 10966:1 10977:1 10983:1 10988:1 10992:2 11070:1 11073:2 11093:1 11105:1 11114:1 11118:1 11122:1 11200:2 11219:1 11232:2 11236:1 11240:1 11242:1 11247:1 11325:1 11327:1 11346:1 11358:3 11363:1 11371:1 11373:1 11453:2 11456:1 11474:1 11486:3 11491:1 11498:1 11581:1 11583:1 11601:1 11614:3 11619:1 11626:1 11709:1 11711:1 11742:3 11747:1 11755:1 11837:2 11871:2 11875:1 11883:1 11966:1 12003:1 12011:1 12093:1 12131:1 12219:2 12259:1 12268:1 12347:1 12358:1 12387:1 12396:1 12475:1 12486:1 12514:1 12614:1 12642:1 12652:1 12731:1 12763:1 12780:1 12891:1 12989:1 13006:1 13118:1 13130:1 13247:1 13258:2 13262:1 13281:1 13375:1 13387:1 13389:1 13409:1 13504:1 13514:2 13522:1 13537:1 13631:3 13642:3 13651:1 13664:1 13759:3 13769:6 13792:1 13887:4 13897:7 13908:1 13919:1 14014:3 14018:2 14025:9 14047:1 14143:1 14145:1 14147:1 14153:11 14173:1 14175:1 14271:1 14273:4 14280:2 14283:1 14285:7 14303:1 14402:3 14408:2 14413:3 14417:3 14421:1 14528:4 14552:1 14657:4 14662:1 14670:1 14675:1 14683:2 14686:1 14786:3 14790:1 14812:2 14915:2 15042:4 15171:1 15173:1,"{""x"":0.28125,""y"":0.09375,""w"":0.61719,""h"":0.83594}"
130,train/shadows/000130.png,128,"A cleaned target silhouette shows the shadow figure from a historical hand-shadow instruction plate. Infer the expert hand-and-arm ink arrangement that produced that shadow. Submit hand_ink_rle as a 128 by 128 binary mask RLE of the hand/arm drawing, hand_bbox_json as normalized x/y/w/h of the ink mask, and confidence in [0,1].",2759:1 2889:1 3002:9 3012:1 3017:2 3124:4 3130:9 3141:1 3146:1 3271:1 3275:1 3393:3 3404:1 3533:1 3632:6 3639:1 3641:2 3757:1 3759:15 3884:2 3890:12 4010:4 4022:4 4139:1 4141:2 4268:1 4688:2 4818:1 4947:1 6329:2 7659:1 10448:2 12014:2 12772:1 12900:1 13028:2 13156:5 13283:5 13412:5 13541:4 13671:2 13798:3 13926:3 14054:2 14183:2,"{""x"":0.32812,""y"":0.16406,""w"":0.54688,""h"":0.70312}"
131,train/shadows/000131.png,128,"A cleaned target silhouette shows the shadow figure from a historical hand-shadow instruction plate. Infer the expert hand-and-arm ink arrangement that produced that shadow. Submit hand_ink_rle as a 128 by 128 binary mask RLE of the hand/arm drawing, hand_bbox_json as normalized x/y/w/h of the ink mask, and confidence in [0,1].",2283:2 2408:1 2410:4 2535:4 2541:1 2660:2 2667:1 2765:2 2783:1 2786:2 2794:2 2892:1 2909:2 2912:1 2919:5 3020:1 3022:2 3035:2 3046:4 3147:1 3150:2 3161:2 3173:4 3275:1 3277:4 3286:1 3288:1 3290:1 3300:3 3401:1 3405:4 3412:1 3415:1 3425:4 3529:1 3532:4 3537:2 3547:2 3550:6 3567:2 3656:1 3659:4 3664:2 3674:5 3680:1 3686:2 3691:6 3783:2 3786:4 3791:1 3801:5 3807:1 3811:3 3816:1 3911:1 3914:4 3926:1 3928:4 3934:1 3936:4 4037:4 4052:11 4064:1 4164:3 4178:8 4192:1 4290:2 4307:2 4311:1 4416:1 4428:2 4431:4 4540:1 4542:2 4554:1 4558:2 4666:2 4669:2 4681:1 4793:1 4919:2 4922:1 4937:3 5046:3 5171:4 5297:2 5308:3 5411:1 5423:1 5533:2 5536:2 5540:4 5549:1 5579:2 5658:3 5672:1 5676:1 5785:1 5793:1 5800:1 5803:2 5912:1 5919:2 5929:1 6039:4 6044:3 6058:1 6165:7 6182:1 6186:1 6291:10 6307:5 6315:1 6419:8 6435:4 6442:1 6546:9 6566:2 6570:1 6674:9 6684:2 6695:3 6802:4 6807:1 6809:3 6814:2 6823:3 6827:1 6929:3 6934:1 6936:5 6944:2 6952:4 7055:2 7058:1 7061:1 7063:1 7065:5 7073:2 7082:1 7181:2 7188:1 7190:2 7193:5 7202:1 7210:2 7304:1 7306:2 7312:1 7316:1 7319:1 7321:1 7323:4 7331:2 7339:2 7376:4 7433:1 7440:3 7445:2 7448:6 7459:3 7467:2 7499:1 7501:8 7567:1 7571:1 7575:1 7577:1 7579:4 7589:2 7595:2 7627:10 7638:2 7691:1 7693:1 7696:1 7698:1 7700:1 7709:2 7717:1 7724:1 7753:1 7755:15 7818:1 7820:1 7822:2 7852:2 7880:10 7893:1 7895:4 7946:1 7948:2 7981:1 8002:1 8004:5 8013:2 8021:8 8110:1 8130:2 8133:2 8152:6 8238:1 8258:1 8260:1 8285:5 8414:4 8545:1 10345:1 10350:1 10471:5 10479:2 10600:4 10608:1 10676:1 10729:3 10858:3 10930:1 10987:1 11058:2 11187:1 11300:1 11316:1 11445:2 11575:1 12335:1 12463:1 12591:1 13236:1 13364:1,"{""x"":0.0625,""y"":0.13281,""w"":0.82031,""h"":0.6875}"
132,train/shadows/000132.png,128,"A cleaned target silhouette shows the shadow figure from a historical hand-shadow instruction plate. Infer the expert hand-and-arm ink arrangement that produced that shadow. Submit hand_ink_rle as a 128 by 128 binary mask RLE of the hand/arm drawing, hand_bbox_json as normalized x/y/w/h of the ink mask, and confidence in [0,1].",4250:1 4377:3 4505:3 4590:2 4633:3 4717:4 4760:4 4845:4 4889:3 4971:4 5016:4 5098:5 5143:4 5225:6 5271:2 5353:3 5357:2 5398:2 5438:2 5481:1 5486:1 5525:2 5566:2 5652:3 5694:2 5780:2 5822:1 5908:2 5946:1 6073:2 6198:1 6200:2 6324:3 6328:2 6451:4 6578:3 6705:3 6831:3 6959:3 7087:2 7214:1 10178:2 10306:8 10437:9 10544:5 10560:20 10665:17 10683:27 10791:32 10827:12 10917:33 10960:2 10963:5 11045:11 11061:9 11092:6 11172:5 11194:1 11221:6 11300:1 11352:4 11358:2 11481:7 11610:5 11740:6 11749:3 11869:7 11877:3 11997:11 12127:6 12259:3 12387:4 12398:3 12517:5 12526:3 12645:6 12654:3 12773:12 12902:11 13031:9 13163:5,"{""x"":0.15625,""y"":0.25781,""w"":0.72656,""h"":0.54688}"
134,train/shadows/000134.png,128,"A cleaned target silhouette shows the shadow figure from a historical hand-shadow instruction plate. Infer the expert hand-and-arm ink arrangement that produced that shadow. Submit hand_ink_rle as a 128 by 128 binary mask RLE of the hand/arm drawing, hand_bbox_json as normalized x/y/w/h of the ink mask, and confidence in [0,1].",1250:1 1380:1 1395:1 1504:1 1506:2 1516:6 1523:1 1634:2 1649:2 1755:1 1759:1 1761:1 1764:2 1767:2 1774:4 1889:2 1893:1 1901:4 2013:1 2016:1 2018:1 2020:1 2027:5 2145:1 2147:1 2155:3 2272:1 2282:2 2291:1 2293:1 2401:1 2409:2 2416:2 2419:2 2537:1 2542:5 2667:5 2674:1 2921:1 4194:1 4453:1 4531:4 4578:1 4582:1 4705:1 4707:1 4834:3 4839:1 4844:1 4963:3 4967:1 4971:2 4978:1 4980:2 5099:3 5106:5 5221:2 5224:1 5228:2 5231:1 5234:4 5351:1 5358:2 5362:6 5480:1 5482:1 5487:9 5608:1 5611:1 5616:7 5731:1 5745:4 5859:1 5865:1 5868:2 5873:6 5987:2 5993:1 6002:6 6121:1 6131:2 6260:2 6372:1 6390:1 6507:1 6519:1 6556:5 6620:1 6635:1 6685:2 6747:3 6763:1 6776:1 6875:2 6878:1 6891:1 7003:3 7007:1 7019:1 7071:1 7132:2 7136:1 7146:2 7151:1 7199:1 7260:3 7265:1 7274:2 7327:1 7388:4 7395:1 7398:8 7455:1 7517:5 7527:2 7530:2 7533:1 7646:4 7653:7 7661:1 7667:1 7774:3 7778:1 7781:7 7789:1 7796:1 7839:1 7902:3 7907:3 7911:6 7924:3 7968:1 8030:3 8036:1 8040:6 8053:2 8096:1 8159:1 8162:1 8166:5 8173:1 8181:3 8287:1 8290:2 8293:5 8301:2 8311:1 8419:6 8431:1 8440:2 8481:1 8545:1 8549:4 8560:2 8568:2 8609:1 8674:1 8678:2 8688:2 8696:3 8737:1 8803:1 8817:2 8825:2 8865:1 8869:1 8945:2 8953:3 8994:2 8998:1 9074:1 9081:1 9083:1 9122:2 9126:1 9202:1 9210:2 9250:1 9254:1 9331:1 9338:2 9380:3 9460:1 9467:2 9508:1 9589:1 9595:2 9717:1 9722:3 9846:2 9851:2 9976:1 9979:1 13888:1 13890:2 13893:2 14002:2 14008:3 14013:2 14016:4 14022:2 14025:1 14124:1 14126:2 14131:4 14137:1 14140:1 14142:2 14145:4 14150:1 14253:2 14256:1 14260:1 14262:7 14270:1 14380:5 14387:3 14508:2,"{""x"":0.21875,""y"":0.07031,""w"":0.75781,""h"":0.82031}"
135,train/shadows/000135.png,128,"A cleaned target silhouette shows the shadow figure from a historical hand-shadow instruction plate. Infer the expert hand-and-arm ink arrangement that produced that shadow. Submit hand_ink_rle as a 128 by 128 binary mask RLE of the hand/arm drawing, hand_bbox_json as normalized x/y/w/h of the ink mask, and confidence in [0,1].",2496:1 2624:1 2751:1 3020:3 3129:1 3146:3 3257:1 3384:2 3639:1 3679:1 3693:1 3807:1 3810:3 3817:3 3821:1 3894:1 3935:1 3939:4 4021:2 4063:1 4150:1 4190:1 4416:3 4543:4 4675:1 4795:8 4923:2 4938:4 5051:4 5066:1 5192:6 5448:3 6834:1 6961:2 7089:2 7217:2 7343:4 7472:3 7481:1 7583:1 7599:4 7606:1 7609:1 7710:2 7734:1 7736:1 7838:1 7840:1 7864:2 7967:2 7989:1 7992:3 8094:1 8096:2 8119:3 8220:2 8248:2 8347:2 8376:1 8474:3 8504:1 8600:4 8631:1 8728:3 8758:2 8855:2 8886:1 8982:3 9014:1 9109:3 9142:2 9238:2 9269:2 9397:2 9405:1 9524:2 9532:2 9652:1 9660:1 9780:1 9787:2 9907:1 10034:2 10162:1 10289:2 10417:2,"{""x"":0.16406,""y"":0.14844,""w"":0.69531,""h"":0.49219}"
137,train/shadows/000137.png,128,"A cleaned target silhouette shows the shadow figure from a historical hand-shadow instruction plate. Infer the expert hand-and-arm ink arrangement that produced that shadow. Submit hand_ink_rle as a 128 by 128 binary mask RLE of the hand/arm drawing, hand_bbox_json as normalized x/y/w/h of the ink mask, and confidence in [0,1].",3759:3 3763:3 3884:2 3894:2 4025:2 4156:2 4271:1 4273:1 4286:2 4396:2 4402:1 4404:1 4417:2 4521:2 4531:4 4548:1 4664:3 4677:1 4796:3 4928:2 4934:1 5058:1 5063:1 5192:1 5321:1 5433:4 5450:1 5566:1 5579:1 5837:1 6094:1 6191:3 6196:6 6223:1 6352:1 6480:1 6609:1 6738:1 6818:1 6830:1 6867:1 6879:5 6946:1 6996:1 7002:4 7012:1 7073:1 7126:1 7129:2 7134:1 7136:1 7140:1 7199:1 7255:3 7326:1 7331:1 7384:2 7453:1 7459:1 7511:3 7524:6 7639:3 7651:5 7657:5 7766:3 7779:5 7786:3 7790:2 7894:3 7907:1 7910:4 7920:2 8022:2 8035:2 8040:1 8042:3 8052:1 8150:2 8175:6 8277:3 8290:1 8298:1 8310:2 8405:2 8427:1 8514:2 8532:3 8546:1 8643:2 8647:1 8660:2 8685:1 8772:8 8787:3 8801:1 8804:1 8814:1 8902:7 8914:3 8929:1 8943:1 9033:5 9042:2 9059:1 9062:1 9072:1 9129:1 9162:4 9169:3 9184:1 9190:1 9201:1 9252:1 9257:1 9291:9 9312:1 9314:1 9318:1 9330:1 9381:3 9385:2 9388:1 9390:2 9419:5 9425:3 9440:2 9446:1 9459:1 9511:11 9524:1 9526:1 9547:9 9567:2 9574:2 9645:14 9676:7 9695:1 9703:1 9772:1 9777:10 9803:8 9822:1 9830:2 9894:1 9900:1 9904:1 9907:8 9931:8 9958:3 10022:10 10036:10 10060:6 10087:2 10158:1 10167:8 10188:1 10190:3 10214:1 10284:1 10300:4 10319:2 10335:1 10343:2 10412:1 10447:2 10601:1 10858:1 10986:1 11872:3 12002:1,"{""x"":0.22656,""y"":0.22656,""w"":0.71094,""h"":0.50781}"
139,train/shadows/000139.png,128,"A cleaned target silhouette shows the shadow figure from a historical hand-shadow instruction plate. Infer the expert hand-and-arm ink arrangement that produced that shadow. Submit hand_ink_rle as a 128 by 128 binary mask RLE of the hand/arm drawing, hand_bbox_json as normalized x/y/w/h of the ink mask, and confidence in [0,1].",3677:2 3761:2 3764:1 3766:2 3770:3 3797:1 3800:5 3807:1 3809:4 3885:2 3891:4 3896:3 3901:3 3922:3 3930:1 3942:2 3949:7 4012:4 4022:3 4028:3 4033:16 4077:2 4080:1 4130:4 4136:4 4158:1 4161:4 4169:1 4173:1 4206:1 4257:1 4260:1 4263:1 4334:1 4386:6 4406:1 4409:1 4462:1 4514:2 4524:2 4527:9 4537:2 4590:1 4635:1 4643:5 4649:1 4651:16 4718:1 4761:2 4765:3 4769:2 4773:7 4789:7 4885:3 4900:1 4904:4 4920:1 4922:3 4929:1 5029:3 5051:3 5056:3 5145:5 5151:4 5180:2 5184:2 5270:1 5275:5 5309:5 5397:2 5401:1 5404:1 5406:1 5438:3 5526:5 5566:3 5576:1 5654:2 5694:2 5704:1 5822:3 5832:2 5951:1 5960:1 6066:1 6078:2 6086:1 6088:1 6190:2 6193:1 6206:2 6213:1 6215:2 6317:3 6340:4 6437:3 6441:5 6467:4 6565:2 6568:5 6595:4 6642:1 6692:1 6694:5 6723:3 6770:1 6820:6 6851:3 6898:1 6948:6 6978:3 6984:1 7026:1 7075:4 7107:2 7154:1 7202:3 7235:2 7283:1 7329:3 7363:2 7366:3 7411:1 7493:5 7539:1 7584:1 7623:7 7667:1 7712:2 7755:5 7764:1 7884:5 7892:1 8006:1 8016:2 8019:1 8131:2 8134:4 8139:1 8145:1 8259:12 8272:1 8290:1 8361:1 8389:1 8393:3 8399:2 8416:1 8418:2 8428:1 8524:5 8541:1 8543:4 8555:2 8654:2 8669:2 8682:1 8742:2 8798:1 8805:5 8871:1 8873:1 8926:1 8932:3 9000:1 9054:1 9057:2 9182:1 9310:1 12979:1 13086:1 13091:1 13093:1 13095:1 13103:2 13106:2 13213:3 13217:1 13220:5 13226:3 13231:5 13237:1 13338:2 13342:5 13348:1 13351:2 13354:1 13356:1 13365:1 13465:1 13467:1 13470:5,"{""x"":0.16406,""y"":0.21875,""w"":0.74219,""h"":0.60938}"
140,train/shadows/000140.png,128,"A cleaned target silhouette shows the shadow figure from a historical hand-shadow instruction plate. Infer the expert hand-and-arm ink arrangement that produced that shadow. Submit hand_ink_rle as a 128 by 128 binary mask RLE of the hand/arm drawing, hand_bbox_json as normalized x/y/w/h of the ink mask, and confidence in [0,1].",2783:3 2910:4 3038:3 3168:2 3297:1 3536:1 3663:2 3791:2 3917:5 4045:2 4048:2 4173:2 4176:2 4302:2 4430:2 4436:2 4558:2 4564:2 4686:2 4692:2 4814:2 4820:3 4942:3 4948:4 5070:3 5077:3 5205:3 5335:2 5464:1 5592:2 5721:5 5851:4 5980:1 5982:1 6110:1 6239:2 6368:3 6497:2 6619:1 6625:3 6747:2 6750:1 6754:2 6874:5 7002:1 7004:1 7129:2 7132:1 7257:2 7385:3 7514:3 7642:3 7770:1 7898:1 8243:1 8370:2 8498:2 8626:3 8754:3 8885:1 9013:1 9141:1 9269:4 9397:4 9525:5 9655:3 9784:2 9913:2 10042:1 10046:1 10170:1 10173:2 10286:2 10299:5 10309:2 10414:2 10427:5 10437:3 10542:3 10555:6 10566:5 10672:2 10684:6 10695:5 10702:1 10719:1 10801:2 10812:3 10816:4 10821:2 10824:9 10847:2 10915:1 10929:5 10944:5 10950:14 10975:2 11043:2 11059:5 11074:2 11077:3 11081:2 11084:8 11095:2 11102:3 11106:1 11172:2 11190:6 11197:1 11207:6 11214:11 11230:2 11235:4 11300:3 11318:11 11337:14 11358:4 11364:6 11429:2 11452:1 11454:6 11466:4 11472:6 11486:5 11494:7 11558:2 11585:9 11595:1 11604:5 11614:1 11618:2 11626:4 11686:2 11713:3 11717:1 11719:7 11734:3 11747:2 11815:2 11839:7 11852:2 11862:3 11944:2 11968:1 11992:2 12072:3 12090:2 12093:5 12120:2 12128:2 12201:4 12218:8 12248:2 12251:13 12331:3 12344:7 12376:2 12379:14 12459:3 12472:1 12474:4 12501:2 12504:2 12507:4 12516:4 12589:2 12602:3 12629:4 12634:7 12646:3 12718:2 12757:2 12762:4 12767:2 12770:2 12775:2 12846:3 12875:5 12883:4 12890:10 12974:3 13003:6 13011:2 13023:2 13026:3 13132:5 13155:1 13159:1 13161:1 13259:6 13286:2 13289:1 13384:2 13387:4 13414:3 13511:3 13515:3 13587:3 13639:3 13643:2 13715:3 13766:4 13843:3 13886:2 13892:3 14014:2 14139:2 14142:2 14267:3,"{""x"":0.14844,""y"":0.16406,""w"":0.71094,""h"":0.71094}"
143,train/shadows/000143.png,128,"A cleaned target silhouette shows the shadow figure from a historical hand-shadow instruction plate. Infer the expert hand-and-arm ink arrangement that produced that shadow. Submit hand_ink_rle as a 128 by 128 binary mask RLE of the hand/arm drawing, hand_bbox_json as normalized x/y/w/h of the ink mask, and confidence in [0,1].",2223:1 2243:1 2350:1 2352:1 2479:1 2481:3 2496:2 2608:1 2612:1 2622:1 2737:1 2743:1 2745:1 2750:1 2865:1 2867:1 2995:3 3124:1 3758:1 3886:7 3897:1 4014:2 4023:1 4142:5 4273:5 4406:1 4818:1 5979:2 8027:1 10599:2 10727:1 11494:2 11619:3 11740:1 11998:1 12127:1 12248:1 12375:1 12382:1 12410:1 12498:1 12504:1 12511:1 12538:1 12626:1 12637:1 12639:4 12669:2 12749:1 12754:1 12765:1 12767:3 12771:1 12775:2 12799:1 12878:11 12892:12 13007:20 13028:3 13134:1 13136:15 13154:3 13264:4 13271:1 13273:8 13389:2 13393:1 13399:2 13407:1 13519:1 13521:1 13524:3 13528:2 13649:1 13651:3 13655:2 13658:1 13660:1 13777:1 13788:1 13791:2 13799:1 13905:1 13910:1 13912:1 13923:4 14042:1 14423:3 14543:2 14548:5 14655:2 14666:2 14669:5 14675:7 14781:3 14795:1 14797:2 14800:1 14901:2 14904:4 14909:2 14913:1 15028:4 15033:4,"{""x"":0.35938,""y"":0.13281,""w"":0.64062,""h"":0.78906}"
145,train/shadows/000145.png,128,"A cleaned target silhouette shows the shadow figure from a historical hand-shadow instruction plate. Infer the expert hand-and-arm ink arrangement that produced that shadow. Submit hand_ink_rle as a 128 by 128 binary mask RLE of the hand/arm drawing, hand_bbox_json as normalized x/y/w/h of the ink mask, and confidence in [0,1].",2279:2 2405:4 2532:2 2536:1 2657:3 2663:2 2784:1 2790:2 2909:2 2916:3 3035:2 3043:3 3161:2 3170:4 3274:3 3287:2 3297:3 3401:1 3403:3 3413:1 3422:4 3436:2 3529:1 3531:3 3539:2 3549:4 3561:5 3656:1 3659:3 3666:1 3676:4 3685:5 3784:1 3787:3 3792:2 3800:6 3810:3 3912:1 3914:4 3919:1 3928:5 3935:3 4039:1 4042:5 4054:4 4060:1 4062:1 4166:1 4168:5 4179:10 4190:1 4294:1 4296:4 4307:5 4421:1 4423:2 4433:6 4548:2 4561:3 4674:2 4686:3 4801:1 4811:4 4928:1 4937:2 5054:2 5064:1 5180:2 5306:2 5320:4 5433:1 5559:4 5685:4 5813:2 5820:2 5938:3 5963:2 6065:2 6192:1 6312:1 6318:1 6431:8 6441:1 6445:1 6558:1 6570:1 6572:1 6685:1 6698:1 6811:1 6818:2 6827:1 6938:1 6943:3 6955:1 7066:5 7077:4 7192:7 7205:5 7212:1 7318:4 7323:3 7336:2 7340:1 7446:7 7464:4 7469:1 7506:4 7573:10 7594:2 7597:1 7632:6 7701:7 7709:5 7723:3 7758:3 7762:8 7829:5 7835:4 7842:1 7851:2 7854:1 7884:5 7890:4 7895:5 7957:2 7961:1 7963:5 7972:2 7980:3 8011:9 8023:8 8084:2 8088:1 8090:1 8092:5 8101:2 8109:3 8138:7 8154:10 8211:2 8217:1 8219:1 8222:3 8230:3 8238:2 8263:1 8265:5 8286:3 8291:1 8337:2 8343:1 8346:1 8349:1 8351:3 8359:3 8367:1 8388:2 8392:3 8417:3 8462:2 8468:1 8470:1 8473:1 8476:2 8480:3 8488:1 8496:1 8517:3 8588:2 8596:2 8599:1 8602:2 8605:1 8607:4 8644:2 8723:1 8726:1 8728:1 8753:1 8847:1 8849:1 8852:1 8881:1 8974:2 8978:1 9102:1 9105:1 9970:1 10092:1 10099:1 10219:4 10348:3 10477:3 10606:2 10734:1 11193:1 11321:1 11448:1 11577:1 11705:2 11835:1 11947:2 11964:2 12853:1 12982:1 13110:1 13628:1 13756:1,"{""x"":0.09375,""y"":0.13281,""w"":0.8125,""h"":0.71094}"
146,train/shadows/000146.png,128,"A cleaned target silhouette shows the shadow figure from a historical hand-shadow instruction plate. Infer the expert hand-and-arm ink arrangement that produced that shadow. Submit hand_ink_rle as a 128 by 128 binary mask RLE of the hand/arm drawing, hand_bbox_json as normalized x/y/w/h of the ink mask, and confidence in [0,1].",2251:4 2379:1 2381:1 2383:1 2507:1 2509:3 2635:1 2637:1 2639:2 2763:1 2765:1 2767:1 2891:1 2893:1 3019:3 3025:1 3147:1 3152:2 3275:1 3280:2 3401:2 3528:1 3530:1 3655:1 3657:1 3670:2 3783:1 3785:1 3800:3 3910:1 3912:1 3926:7 4037:1 4040:1 4054:1 4056:2 4059:1 4061:3 4164:2 4167:1 4189:4 4292:1 4295:1 4318:1 4320:1 4419:1 4422:1 4446:1 4448:1 4546:1 4549:2 4575:1 4673:1 4677:1 4703:1 4800:1 4804:1 4831:2 4927:1 4930:2 4959:2 5054:1 5057:2 5088:2 5181:2 5218:1 5309:1 5345:2 5436:2 5474:2 5564:2 5602:2 5691:2 5730:2 5819:1 5858:2 5947:2 5985:3 6075:1 6114:1 6201:3 6235:1 6241:2 6329:3 6362:1 6457:2 6584:3 6617:1 6702:2 6705:2 6712:3 6745:1 6828:3 6832:4 6840:2 6843:1 6870:1 6873:1 6954:2 6958:2 6961:2 6964:1 6967:2 6997:2 7000:2 7079:3 7083:8 7093:1 7095:3 7125:1 7127:4 7205:2 7210:4 7215:5 7221:5 7254:5 7330:3 7334:7 7342:1 7345:1 7347:2 7350:2 7353:1 7380:7 7455:3 7459:1 7461:5 7467:1 7469:1 7472:1 7474:8 7509:6 7581:2 7585:1 7587:7 7596:1 7603:6 7634:1 7636:5 7708:1 7710:2 7713:5 7731:6 7762:9 7835:1 7837:1 7839:2 7842:1 7844:1 7860:4 7885:9 7896:1 7952:4 7959:7 7988:4 8011:9 8022:1 8083:9 8117:2 8137:4 8143:1 8145:2 8160:3 8210:1 8212:8 8245:2 8261:7 8272:1 8290:3 8347:1 8374:1 8386:7 8395:2 8419:5 8475:1 8503:1 8505:3 8512:6 8519:1 8523:1 8549:2 8552:2 8603:1 8618:6 8625:21 8679:4 8731:1 8742:30 8808:2 8811:3 8858:2 8863:7 8871:16 8889:6 8896:1 8938:5 8985:7 8997:1 8999:3 9008:3 9017:7 9025:2 9069:2 9103:1 9105:8 9117:2 9125:3 9145:9 9232:2 9245:1 9253:1 9273:8 9382:1 9401:1 9403:4 9509:2 9529:1 9531:3 9636:3 9658:5 9702:1 9764:3 9786:4 9832:3 9891:2 9894:1 9914:1 9916:1 9955:7 10020:1 10022:1 10042:1 10044:2 10083:7 10091:1 10149:1 10170:3 10211:2 10215:4 10277:1 10298:2 10340:3 10345:2 10405:1 10426:1 10428:1 10472:1 10533:1 10554:1 10556:1 10661:1 10684:1 10789:1 10835:1 10917:1 10962:2 11045:1 11088:1 11091:1 11173:1 11216:1 11301:1 11335:1 11429:1 11463:3 11468:2 11596:3 11732:2 11735:1 11856:9 11992:2 12054:1 12122:1 12132:1 12182:1 12251:2 12259:2 12310:1 12381:8 12395:1 12438:1 12511:3 12516:7 12566:2 12695:1 13328:1 13457:1 13585:1 13713:2 13842:1 13965:3 13969:2 14092:1 14096:2,"{""x"":0.09375,""y"":0.13281,""w"":0.77344,""h"":0.73438}"
148,train/shadows/000148.png,128,"A cleaned target silhouette shows the shadow figure from a historical hand-shadow instruction plate. Infer the expert hand-and-arm ink arrangement that produced that shadow. Submit hand_ink_rle as a 128 by 128 binary mask RLE of the hand/arm drawing, hand_bbox_json as normalized x/y/w/h of the ink mask, and confidence in [0,1].",4623:4 4750:1 4753:1 4755:2 4874:6 4885:2 5001:7 5014:3 5079:1 5129:1 5135:2 5141:6 5207:5 5214:4 5258:1 5264:3 5268:1 5273:4 5337:1 5341:1 5345:1 5393:4 5400:1 5402:5 5457:1 5464:1 5471:3 5515:1 5522:5 5532:6 5591:1 5594:6 5645:2 5651:6 5659:4 5665:4 5706:1 5712:19 5771:1 5774:2 5781:7 5789:1 5792:7 5836:26 5903:3 5910:6 5920:1 5926:3 5963:8 5973:1 5980:2 6027:1 6032:4 6042:3 6051:1 6055:4 6093:5 6100:1 6108:1 6112:1 6114:1 6116:2 6156:2 6160:4 6169:2 6172:3 6184:5 6228:1 6236:9 6289:4 6296:1 6298:6 6305:2 6314:3 6340:1 6349:1 6356:10 6414:1 6417:1 6419:4 6429:1 6431:3 6468:1 6478:7 6500:1 6547:6 6560:1 6564:1 6581:1 6605:1 6607:3 6620:1 6622:5 6671:1 6673:1 6678:4 6709:1 6735:1 6743:7 6751:2 6798:5 6807:5 6816:1 6837:1 6852:1 6871:7 6881:1 6926:1 6928:4 6936:1 6938:4 6966:1 6981:3 6996:6 7003:1 7006:3 7056:1 7058:4 7068:4 7110:1 7123:5 7132:2 7188:3 7198:1 7221:1 7238:2 7250:1 7252:1 7255:1 7259:2 7313:1 7315:5 7349:1 7367:1 7378:2 7385:2 7444:4 7477:1 7496:1 7499:1 7510:2 7570:1 7574:5 7580:1 7589:1 7594:1 7605:1 7636:2 7699:1 7704:5 7717:1 7722:1 7749:1 7751:1 7753:1 7763:1 7833:4 7860:2 7958:1 7963:2 7988:1 8005:1 8013:1 8017:2 8087:1 8092:1 8116:1 8142:1 8216:1 8244:1 8270:2 8346:2 8372:1 8398:1 8475:1 8524:2 8604:1 8652:2 8661:1 8733:2 8755:1 8779:2 8789:1 8862:2 8883:1 8906:2 8917:2 8992:1 9034:1 9046:1 9121:3 9161:1 9176:1 9251:2 9265:1 9288:1 9381:1 9392:1 9415:2 9520:2 9544:2 9689:1 9893:1 9916:1 10019:1 10044:1 10447:2 10576:2 10705:3 10829:1 10835:1 10958:1 10960:2 11592:1 11720:1,"{""x"":0.07031,""y"":0.28125,""w"":0.72656,""h"":0.4375}"
149,train/shadows/000149.png,128,"A cleaned target silhouette shows the shadow figure from a historical hand-shadow instruction plate. Infer the expert hand-and-arm ink arrangement that produced that shadow. Submit hand_ink_rle as a 128 by 128 binary mask RLE of the hand/arm drawing, hand_bbox_json as normalized x/y/w/h of the ink mask, and confidence in [0,1].",2127:3 2254:1 2256:4 2382:1 2385:2 2388:1 2510:1 2513:4 2638:1 2641:1 2643:2 2767:1 2769:1 2772:2 2895:1 2897:1 2900:2 3023:2 3028:2 3150:1 3156:3 3278:1 3407:1 3533:2 3660:1 3662:1 3675:5 3788:1 3790:1 3803:3 3808:2 3915:1 3917:1 3931:1 3934:2 3938:2 3941:2 4043:1 4045:1 4061:5 4067:4 4170:1 4172:1 4196:1 4198:1 4297:1 4300:1 4324:1 4424:2 4427:1 4452:2 4552:1 4555:1 4581:1 4679:2 4682:1 4710:1 4806:2 4810:1 4837:3 4932:2 4937:1 4966:2 5059:2 5064:1 5096:1 5187:1 5191:1 5223:2 5314:1 5318:1 5352:2 5441:2 5480:2 5569:1 5609:2 5696:2 5736:3 5824:1 5863:4 5951:3 5992:2 6079:2 6120:1 6206:2 6241:1 6247:2 6334:2 6369:1 6462:2 6497:1 6590:4 6625:1 6718:3 6753:1 6846:3 6881:1 6974:3 7009:1 7094:3 7102:3 7133:2 7136:2 7219:5 7225:1 7229:3 7233:1 7260:1 7262:5 7347:1 7350:2 7353:2 7357:3 7388:1 7390:5 7473:8 7482:1 7484:4 7517:6 7599:2 7603:7 7611:4 7644:7 7724:3 7728:3 7732:1 7734:1 7736:4 7741:1 7769:1 7771:6 7849:3 7855:5 7861:1 7863:8 7898:4 7904:3 7974:3 7979:7 7992:7 8023:7 8031:1 8099:3 8103:1 8105:6 8112:1 8114:1 8121:5 8150:6 8157:1 8168:2 8225:2 8229:1 8231:8 8241:1 8249:5 8275:5 8281:1 8283:1 8298:2 8352:2 8356:6 8364:1 8366:1 8369:1 8377:5 8400:6 8407:2 8426:5 8479:1 8481:11 8506:3 8525:6 8535:1 8556:5 8606:4 8612:1 8634:3 8653:4 8658:1 8685:3 8689:2 8731:6 8763:1 8779:4 8786:1 8816:4 8847:17 8891:2 8904:6 8945:2 8948:3 8981:11 9021:5 9030:7 9075:5 9111:2 9114:2 9119:1 9142:9 9152:11 9206:2 9247:1 9268:6 9275:1 9277:2 9280:7 9288:3 9375:1 9391:14 9406:1 9408:5 9414:4 9503:1 9514:14 9534:1 9536:8 9630:2 9635:8 9644:8 9662:1 9664:7 9672:1 9756:8 9769:2 9772:3 9792:7 9840:1 9883:2 9890:2 9898:4 9920:1 9922:4 9967:1 9970:3 10005:6 10018:1 10026:2 10048:1 10050:3 10092:8 10131:5 10155:2 10176:6 10221:8 10282:3 10304:5 10349:8 10409:4 10433:1 10435:2 10479:2 10482:3 10537:4 10561:1 10563:2 10608:2 10611:2 10664:3 10668:1 10689:1 10691:1 10739:1 10793:1 10795:2 10818:2 10923:2 10946:2 11052:1 11074:1 11076:1 11180:1 11202:1 11204:1 11228:1 11308:1 11332:1 11356:1 11436:1 11481:2 11564:1 11610:1 11612:1 11692:1 11820:1 11948:1 11984:3 11989:2 12076:1 12115:4 12126:3 12204:1 12247:5 12254:3 12258:1 12332:1 12381:2 12384:3 12397:2 12460:1 12515:2 12526:1 12588:1 12645:3 12662:2 12776:10 12789:2 12915:3 13085:1 13213:1 13341:1 13469:1 13597:1 14614:2 14743:1 14872:1 15000:2 15128:2 15254:4 15378:5,"{""x"":0.11719,""y"":0.125,""w"":0.82031,""h"":0.82031}"
150,train/shadows/000150.png,128,"A cleaned target silhouette shows the shadow figure from a historical hand-shadow instruction plate. Infer the expert hand-and-arm ink arrangement that produced that shadow. Submit hand_ink_rle as a 128 by 128 binary mask RLE of the hand/arm drawing, hand_bbox_json as normalized x/y/w/h of the ink mask, and confidence in [0,1].",2284:3 2411:4 2538:3 2668:2 2780:1 2797:1 2907:2 3035:2 3161:4 3289:2 3292:1 3417:2 3420:1 3545:2 3673:2 3801:2 3807:2 3929:2 3935:2 4057:2 4063:2 4185:3 4191:3 4313:3 4319:4 4447:4 4576:3 4705:2 4834:1 4962:2 5090:3 5221:3 5350:3 5480:1 5608:1 5736:2 5865:3 5988:1 5994:2 6116:2 6122:3 6243:5 6251:2 6371:5 6379:2 6499:1 6501:1 6503:1 6626:2 6754:3 6882:3 7010:3 7138:3 7225:2 7266:1 7353:2 7481:4 7609:4 7737:4 7867:2 7995:2 8123:4 8251:4 8380:3 8508:4 8638:2 8766:3 8894:3 9023:2 9139:2 9151:2 9155:1 9267:3 9280:5 9396:3 9408:6 9419:1 9525:3 9537:5 9547:2 9640:1 9655:1 9666:5 9675:2 9768:2 9783:2 9794:6 9804:5 9896:3 9912:5 9925:5 9931:10 10025:2 10042:4 10054:7 10062:8 10153:2 10170:7 10183:1 10185:5 10191:8 10282:2 10298:9 10315:5 10321:7 10340:2 10410:3 10433:4 10444:2 10447:3 10451:6 10468:2 10539:2 10563:5 10573:17 10595:3 10669:2 10696:5 10707:10 10723:2 10726:4 10797:2 10822:2 10826:5 10832:1 10837:6 10851:2 10856:4 10925:3 10947:8 10956:7 10968:4 10979:4 10985:4 11054:2 11070:1 11076:2 11089:2 11099:3 11107:1 11109:3 11115:4 11182:3 11197:9 11227:3 11239:2 11245:5 11312:2 11323:8 11356:2 11377:2 11440:3 11451:8 11484:2 11569:2 11581:3 11612:1 11697:3 11740:1 11743:7 11826:2 11865:2 11868:1 11871:13 11925:3 11993:4 11998:5 12007:7 12053:3 12111:4 12120:3 12124:8 12136:4 12181:3 12239:4 12247:4 12253:5 12259:2 12266:3 12309:3 12366:7 12375:2 12382:7 12390:2 12395:2 12493:7 12514:6 12619:9 12643:1 12645:3 12745:8 12774:1 12778:1 12864:1 12872:8 12905:2 12908:1 12992:3 12999:6 13033:4 13117:2 13120:3 13245:6,"{""x"":0.16406,""y"":0.13281,""w"":0.73438,""h"":0.67969}"
151,train/shadows/000151.png,128,"A cleaned target silhouette shows the shadow figure from a historical hand-shadow instruction plate. Infer the expert hand-and-arm ink arrangement that produced that shadow. Submit hand_ink_rle as a 128 by 128 binary mask RLE of the hand/arm drawing, hand_bbox_json as normalized x/y/w/h of the ink mask, and confidence in [0,1].",1842:5 1848:10 1865:1 1976:10 1987:1 1992:3 2116:1 2121:2 2239:2 2246:1 2250:1 2352:2 2355:1 2371:1 2379:1 2478:9 2500:2 2507:2 2602:1 2604:1 2606:14 2728:5 2739:10 2857:3 2867:1 2870:8 2985:3 3791:1 3920:1 4048:3 4179:1 5430:1 7146:1 9803:2 11755:2 11882:1 12384:1 12512:1 12640:3 12768:3 12896:5 13024:4 13152:4 13281:3 13409:3 13537:3 13665:3 13794:2 13922:2,"{""x"":0.3125,""y"":0.10938,""w"":0.53906,""h"":0.74219}"
152,train/shadows/000152.png,128,"A cleaned target silhouette shows the shadow figure from a historical hand-shadow instruction plate. Infer the expert hand-and-arm ink arrangement that produced that shadow. Submit hand_ink_rle as a 128 by 128 binary mask RLE of the hand/arm drawing, hand_bbox_json as normalized x/y/w/h of the ink mask, and confidence in [0,1].",2505:1 2632:1 2634:1 2761:1 2863:3 2885:1 2887:2 2997:2 3010:1 3014:1 3016:1 3130:1 3136:1 3141:2 3267:3 3395:2 3523:1 3916:1 4038:7 4171:2 4289:1 4291:1 4296:4 4422:2 4549:1 5546:1 5672:2 6054:1 6816:2 8741:1 8868:1 9512:1 11419:1 11547:1 11675:1 12189:2 12319:1 12321:6 12583:1 12588:1 12709:1 12716:1 12837:1 12844:1 12850:1 12967:1 12979:1 12984:1 13094:1 13107:6 13219:4 13224:1 13230:10 13347:1 13349:2 13352:1 13356:9 13366:1 13368:1 13451:1 13471:24 13579:1 13599:4 13604:10 13615:1 13619:3 13705:2 13730:5 13736:4 13742:2 13749:1 13751:1 13832:2 13862:3 13866:1 13869:2 13872:4 13877:3 13958:1 13996:1 14001:3 14005:1 14249:1 14253:4 14371:4 14495:2 14537:6 14544:2 14547:1 14652:2 14666:2 14669:2 14673:4 14767:6 14776:7 14896:6 14903:4,"{""x"":0.04688,""y"":0.14844,""w"":0.61719,""h"":0.76562}"
153,train/shadows/000153.png,128,"A cleaned target silhouette shows the shadow figure from a historical hand-shadow instruction plate. Infer the expert hand-and-arm ink arrangement that produced that shadow. Submit hand_ink_rle as a 128 by 128 binary mask RLE of the hand/arm drawing, hand_bbox_json as normalized x/y/w/h of the ink mask, and confidence in [0,1].",2651:1 2653:1 2778:2 2906:2 3034:2 3161:2 3289:1 3416:1 3421:1 3543:2 3549:1 3670:1 3676:1 3797:2 3803:1 3925:1 3931:1 4051:2 4059:1 4178:2 4187:3 4191:1 4306:2 4313:1 4323:5 4434:2 4440:1 4458:1 4562:1 4568:1 4573:8 4582:1 4584:2 4689:2 4696:1 4699:14 4817:2 4824:1 4828:4 4833:6 4945:2 4955:3 5069:6 5083:2 5195:1 5198:1 5200:2 5207:1 5210:3 5328:3 5335:1 5338:3 5342:1 5456:3 5463:1 5466:3 5470:1 5583:3 5591:2 5594:3 5599:1 5710:4 5719:3 5723:1 5729:2 5838:2 5847:4 5856:1 5860:2 5967:2 5975:4 5990:1 6095:2 6104:3 6108:2 6222:3 6231:7 6241:2 6244:1 6360:6 6369:3 6376:1 6488:7 6496:7 6616:5 6625:5 6744:5 6752:8 6762:1 6872:6 6881:7 6891:2 6999:6 7007:1 7009:6 7018:1 7020:1 7127:6 7135:1 7137:8 7147:1 7149:1 7255:5 7263:10 7275:1 7383:6 7391:1 7393:9 7512:5 7522:8 7532:1 7640:5 7650:5 7656:3 7660:2 7769:3 7778:4 7785:2 7788:2 7897:3 7906:4 7914:5 7922:1 8026:2 8035:3 8050:1 8143:1 8153:3 8163:2 8272:1 8283:1 8291:2 8307:1 8400:1 8420:1 8435:1 8539:1 8548:1 8563:1 8676:1 8692:1 8804:1 8820:1 8932:1 9060:1 9077:1 9188:1 9205:1 9316:2 9333:1 9444:9 9571:7 9579:3 9589:3 9699:9 9709:2 9718:2 9826:8 9835:2 9845:1 9847:1 9955:5 9961:1 9963:2 9972:1 9975:1 10082:6 10089:1 10092:1 10102:2 10210:1 10212:4 10230:2 10339:5 10348:2 10353:1 10357:3 10469:3 10480:1 10485:1 10487:1 10597:4 10606:1 10615:2 10725:3 10732:2 10738:1 10744:1 10838:1 10854:2 10857:4 10862:2 10865:1 10965:2 10968:1 10984:4 10989:3 10993:1 11094:2 11112:3 11116:4 11121:1 11222:3 11243:4 11249:1 11351:3 11368:1 11371:5 11480:4 11499:5 11608:5 11627:5 11737:5 11755:5 11761:1 11866:5 11877:1 11885:1 11994:6 12004:1 12123:5 12250:7 12258:1 12377:6 12384:1 12503:5 12632:1 12759:5 12765:2 12887:7 13016:7 13145:6 13274:5 13402:6 13531:5 13659:6 13789:4 13917:2 13920:3 14046:3 14176:4 14303:2 14306:3 14431:1 14433:5 14560:6 14690:3 14694:1 14817:1 14819:5,"{""x"":0.58594,""y"":0.15625,""w"":0.35938,""h"":0.75}"
154,train/shadows/000154.png,128,"A cleaned target silhouette shows the shadow figure from a historical hand-shadow instruction plate. Infer the expert hand-and-arm ink arrangement that produced that shadow. Submit hand_ink_rle as a 128 by 128 binary mask RLE of the hand/arm drawing, hand_bbox_json as normalized x/y/w/h of the ink mask, and confidence in [0,1].",1933:2 2063:2 2191:3 2318:2 2446:2 2465:1 2593:2 2721:2 2849:3 2976:5 3104:2 3107:2 3232:2 3235:2 3363:2 3484:2 3491:2 3612:2 3619:2 3740:2 3747:2 3868:2 3875:2 3995:3 4002:3 4123:3 4130:3 4251:3 4379:2 4507:2 4634:2 4761:2 4888:3 5014:5 5141:3 5267:4 5395:2 5523:1 5650:2 5777:2 5904:3 6032:2 6040:1 6160:1 6165:6 6288:1 6292:7 6421:1 6423:1 6425:2 6551:1 6553:2 6681:2 6808:3 6936:2 7064:2 7192:3 7322:1 7365:2 7493:2 7620:3 7748:3 7876:3 8004:1 8132:1 8260:1 8385:2 8388:1 8513:4 8641:4 8768:5 8896:2 9023:3 9151:3 9279:2 9403:1 9407:2 9420:2 9531:5 9548:2 9659:5 9675:3 9779:1 9786:6 9802:3 9906:2 9914:5 9929:3 10033:3 10041:5 10056:2 10073:1 10158:5 10168:6 10183:3 10200:3 10281:8 10290:2 10293:6 10308:4 10327:3 10408:8 10417:9 10434:4 10455:2 10535:15 10551:2 10559:7 10583:2 10647:2 10661:9 10671:2 10674:2 10685:9 10710:2 10775:2 10789:7 10797:6 10811:4 10837:3 10903:3 10911:18 10935:6 10964:3 11028:2 11031:3 11039:17 11060:7 11091:3 11154:5 11160:3 11169:10 11186:6 11218:3 11280:5 11288:3 11299:6 11310:1 11312:5 11319:3 11346:3 11407:4 11414:4 11426:3 11436:7 11444:8 11473:3 11533:4 11541:3 11545:1 11551:4 11564:2 11578:1 11585:1 11601:2 11656:5 11666:3 11679:3 11707:10 11728:2 11784:3 11807:3 11836:9 11856:1 11935:3 11965:6 11972:1 11983:2 12064:2 12096:3 12110:2 12183:7 12192:2 12237:3 12304:14 12320:2 12323:2 12365:3 12431:10 12443:3 12448:5 12558:8 12571:4 12577:4 12652:3 12687:5 12697:7 12705:1 12707:2 12716:4 12779:4 12816:2 12824:8 12835:4 12843:5 12907:4 12948:6 12970:7 13076:4 13081:2 13098:7 13106:2 13205:3 13228:5 13234:3 13329:1 13334:1 13358:3 13362:4 13457:2 13487:2 13490:5 13503:1 13584:3 13618:7 13629:3 13757:3 13761:2 13885:6,"{""x"":0.0625,""y"":0.11719,""w"":0.80469,""h"":0.73438}"
156,train/shadows/000156.png,128,"A cleaned target silhouette shows the shadow figure from a historical hand-shadow instruction plate. Infer the expert hand-and-arm ink arrangement that produced that shadow. Submit hand_ink_rle as a 128 by 128 binary mask RLE of the hand/arm drawing, hand_bbox_json as normalized x/y/w/h of the ink mask, and confidence in [0,1].",1747:2 1874:2 1877:1 2002:2 2005:1 2130:2 2133:1 2257:2 2261:1 2385:1 2512:3 2518:1 2640:2 2646:1 2768:2 2895:1 3022:2 3028:2 3149:2 3156:1 3170:1 3277:1 3284:1 3288:6 3296:5 3419:1 3423:1 3428:1 3532:2 3539:3 3552:4 3660:2 3666:1 3675:9 3788:1 3794:1 3800:9 3916:2 3923:1 3926:10 4044:2 4050:2 4054:5 4172:2 4178:1 4183:2 4299:2 4306:1 4310:1 4427:2 4434:1 4438:3 4552:5 4562:1 4565:3 4569:1 4678:7 4690:1 4693:3 4697:1 4805:1 4811:3 4818:1 4820:4 4826:3 4939:2 4946:1 4948:6 4955:1 4959:1 5067:2 5075:4 5084:1 5090:1 5194:3 5203:3 5212:1 5219:1 5322:3 5331:4 5348:1 5450:2 5459:7 5469:4 5577:4 5587:7 5597:5 5605:1 5706:2 5715:7 5725:5 5731:1 5834:2 5843:8 5852:8 5862:2 5971:6 5981:7 5989:1 5991:2 6100:5 6109:6 6116:1 6120:1 6122:2 6229:6 6239:8 6249:1 6252:2 6357:6 6365:1 6367:8 6381:2 6484:7 6493:11 6506:1 6510:2 6613:6 6621:1 6623:9 6634:2 6742:5 6749:1 6752:5 6758:3 6762:2 6768:1 6869:5 6878:1 6880:2 6883:2 6887:2 6891:2 6896:1 6997:6 7006:5 7016:2 7019:2 7025:1 7125:5 7136:4 7145:2 7153:1 7254:4 7265:2 7281:1 7382:4 7394:2 7511:4 7522:2 7539:1 7640:3 7651:1 7667:1 7758:1 7770:1 7779:1 7795:1 7886:1 7898:1 7907:1 8014:2 8026:1 8035:1 8052:1 8142:1 8163:1 8180:2 8291:1 8308:2 8419:1 8436:3 8547:1 8553:1 8556:2 8567:2 8676:1 8682:4 8695:2 8804:2 8807:6 8814:1 8823:1 8931:10 8953:1 9059:5 9065:2 9068:1 9071:1 9078:1 9080:2 9187:6 9194:1 9208:2 9315:1 9317:6 9325:2 9333:1 9335:3 9443:1 9445:1 9447:2 9451:1 9453:1 9460:1 9463:1 9571:6 9582:1 9587:1 9591:1 9594:1 9700:5 9714:1 9722:2 9830:5 9841:1 9959:4 9967:2 9973:1 10087:8 10098:1 10100:1 10216:6 10223:2 10228:1 10345:9 10356:1 10474:8 10483:1 10603:1 10605:4 10711:1 10713:2 10731:1 10733:6 10839:3 10858:1 10861:5 10968:3 10992:2 11096:6 11114:1 11120:3 11227:4 11241:1 11247:4 11355:6 11368:1 11484:5 11495:1 11613:5 11619:1 11622:1 11741:7 11749:1 11870:2 11873:2 11876:1 11997:6 12124:7 12251:1 12253:5 12380:4 12507:3 12516:1 12636:9 12765:7 12893:7 13022:7 13150:7 13279:7 13408:2 13411:4 13536:8 13667:3 13671:3 13795:5 13924:4 14053:2 14056:3 14183:5 14310:1 14312:5 14439:1 14441:5 14569:5,"{""x"":0.53906,""y"":0.10156,""w"":0.42969,""h"":0.78906}"
157,train/shadows/000157.png,128,"A cleaned target silhouette shows the shadow figure from a historical hand-shadow instruction plate. Infer the expert hand-and-arm ink arrangement that produced that shadow. Submit hand_ink_rle as a 128 by 128 binary mask RLE of the hand/arm drawing, hand_bbox_json as normalized x/y/w/h of the ink mask, and confidence in [0,1].",1635:1 1637:1 1765:3 1775:2 1779:4 1891:1 1893:3 1908:3 2015:1 2021:1 2023:5 2034:3 2146:1 2148:2 2152:2 2161:2 2275:2 2279:1 2287:4 2403:1 2406:1 2415:2 2532:1 2541:2 2668:3 2673:7 2799:8 2926:3 3052:3 4197:1 4282:1 4454:1 4534:2 4580:1 4583:1 4707:1 4709:1 4836:2 4840:1 4965:2 5094:1 5097:1 5100:3 5108:3 5223:1 5226:1 5229:2 5236:3 5351:2 5354:1 5358:3 5364:5 5481:1 5487:3 5491:1 5493:4 5609:2 5612:1 5617:1 5619:4 5738:1 5741:1 5745:1 5747:6 5861:1 5869:1 5874:7 5989:1 5995:1 5998:1 6003:4 6050:3 6117:2 6123:1 6127:1 6132:2 6177:4 6245:2 6251:1 6261:4 6306:1 6389:1 6434:1 6518:1 6562:1 6647:1 6690:1 6748:2 6776:1 6818:1 6877:2 6904:1 7005:2 7133:3 7148:2 7153:1 7202:1 7262:3 7268:1 7276:2 7330:1 7391:3 7400:6 7519:4 7528:5 7588:1 7647:5 7656:5 7667:1 7716:1 7775:3 7780:9 7796:1 7844:1 7903:1 7905:1 7909:2 7912:5 7918:1 8032:2 8035:1 8041:5 8054:1 8160:1 8164:1 8167:5 8173:2 8182:1 8229:1 8288:1 8292:7 8302:1 8310:2 8357:1 8421:1 8423:3 8431:1 8440:1 8485:1 8488:2 8545:1 8551:2 8559:1 8567:2 8613:2 8617:1 8678:1 8688:1 8695:3 8740:3 8744:2 8816:2 8824:2 8870:1 8872:2 8946:1 8954:1 8998:2 9081:3 9203:1 9209:3 9331:1 9338:2 9460:1 9466:2 9594:2 9717:1 9722:2 9846:1 9850:2 9975:1 10104:1 13491:3 13499:2 13502:2 13505:1 13509:2 13512:1 13613:2 13620:4 13625:1 13627:1 13630:7 13638:1 13741:2 13745:1 13748:3 13752:3,"{""x"":0.25781,""y"":0.09375,""w"":0.71094,""h"":0.75}"
158,train/shadows/000158.png,128,"A cleaned target silhouette shows the shadow figure from a historical hand-shadow instruction plate. Infer the expert hand-and-arm ink arrangement that produced that shadow. Submit hand_ink_rle as a 128 by 128 binary mask RLE of the hand/arm drawing, hand_bbox_json as normalized x/y/w/h of the ink mask, and confidence in [0,1].",2356:3 2487:1 2611:1 2616:1 2739:1 2744:1 2867:1 2872:1 2995:1 2998:1 3000:1 3122:2 3128:2 3250:2 3256:2 3373:6 3384:2 3497:5 3504:2 3507:1 3512:3 3623:3 3631:3 3644:1 3750:4 3760:1 3771:2 3774:1 3877:1 3888:1 3901:1 3903:1 4005:1 4016:1 4143:1 4146:2 4160:1 4260:1 4265:1 4271:1 4274:1 4288:1 4388:1 4392:3 4397:2 4402:2 4413:1 4416:1 4516:1 4520:1 4522:5 4530:1 4538:1 4541:1 4544:3 4643:1 4645:1 4652:3 4658:1 4669:1 4671:9 4771:1 4773:1 4781:1 4786:1 4797:1 4799:1 4810:2 4899:1 4901:1 4909:2 4927:2 4939:1 4941:3 4946:3 5029:1 5036:1 5055:2 5073:1 5076:1 5154:1 5164:1 5180:1 5183:2 5204:1 5282:1 5292:1 5308:2 5311:7 5331:1 5410:1 5439:3 5444:6 5548:1 5579:7 5665:1 5667:1 5706:1 5710:2 5793:1 5804:1 5827:2 5834:1 5922:1 5932:1 5955:4 5968:1 6050:1 6062:1 6083:7 6094:2 6177:1 6190:1 6220:1 6305:2 6315:1 6433:2 6445:1 6561:2 6570:1 6689:1 6817:2 6945:1 7073:2 7201:1 7330:1 7458:1 7586:1 7714:2 7842:2 7970:1 8098:1 8226:1 8354:1 8481:3 8610:1 8734:4 8760:1 8861:5 8880:2 8888:1 8989:4 9007:3 9112:9 9128:1 9143:1 9239:3 9245:4 9255:2 9268:1 9270:1 9366:2 9374:2 9382:1 9395:1 9494:3 9503:2 9510:1 9523:1 9621:3 9631:2 9638:1 9651:1 9749:2 9753:1 9765:1 9876:3 9881:1 9888:2 9893:1 10003:4 10017:1 10130:3 10137:1 10146:1 10254:2 10257:1 10259:3 10263:1 10265:1 10274:1 10380:2 10384:1 10386:1 10388:1 10391:1 10393:1 10403:1 10506:1 10511:2 10514:1 10516:1 10519:1 10532:1 10639:1 10650:1 10660:1 10770:1 10772:1 10778:2 10789:1 10791:1 10808:1 10892:1 10895:1 10904:1 10907:2 11025:1 11032:1 11035:2 11046:1 11065:1 11153:1 11160:1 11162:3 11190:2 11288:1 11290:3 11303:1 11319:2 11322:1 11408:1 11416:1 11418:2 11432:1 11449:1 11536:1 11544:1 11547:1 11576:1 11578:1 11672:1 11791:1 11800:1 11833:1 11835:1 11919:1 11928:1 11962:2 12056:1 12090:2 12174:1 12184:1 12209:1 12219:1 12302:1 12318:1 12337:1 12347:1 12446:1 12465:1 12476:1 12574:1 12593:1 12604:1 12714:1 12721:1 12730:1 12846:1 12849:1 12857:1 12970:1 12973:1 12977:1 13081:1 13095:1 13099:1 13101:1 13105:1 13112:1 13209:1 13222:1 13228:1 13233:1 13239:2 13337:1 13355:3 13361:1 13366:3 13465:1 13468:1 13475:1 13481:5 13489:1 13493:1 13495:2 13608:6 13617:1 13620:1 13622:2 13733:9 13745:1 13748:4 13850:1 13860:11 13873:1 13875:5 13978:2 13985:1 13989:3 13993:1 13996:1 14001:3 14005:2 14106:1 14108:3 14116:1 14118:1 14122:1 14127:1 14129:4 14243:1 14248:1 14255:1 14257:5 14383:1 14385:4 14513:3 14640:1 14642:1,"{""x"":0.07812,""y"":0.14062,""w"":0.58594,""h"":0.75781}"
159,train/shadows/000159.png,128,"A cleaned target silhouette shows the shadow figure from a historical hand-shadow instruction plate. Infer the expert hand-and-arm ink arrangement that produced that shadow. Submit hand_ink_rle as a 128 by 128 binary mask RLE of the hand/arm drawing, hand_bbox_json as normalized x/y/w/h of the ink mask, and confidence in [0,1].",2200:1 2203:1 2329:2 2332:1 2440:6 2455:4 2461:1 2568:2 2577:3 2583:5 2589:3 2697:3 2710:1 2713:3 2717:1 2720:1 2826:3 2839:2 2843:4 2956:4 2969:1 2972:2 3085:4 3098:1 3216:3 3346:2 3463:6 3592:7 3720:2 3725:6 4939:1 5019:1 5070:2 5274:1 5401:1 5532:1 5656:1 5659:3 5786:1 5911:1 6033:3 6041:2 6153:2 6161:2 6166:1 6168:2 6280:3 6288:1 6290:1 6293:1 6296:1 6407:1 6409:4 6415:1 6417:1 6421:1 6423:2 6535:6 6543:3 6551:1 6663:6 6671:2 6676:1 6679:1 6684:1 6756:1 6793:4 6799:1 6803:1 6806:1 6812:1 6884:5 6919:8 6931:1 6934:1 6940:1 7013:4 7047:7 7058:1 7062:1 7068:1 7142:1 7177:4 7185:1 7195:2 7270:1 7306:3 7317:1 7323:1 7398:1 7431:5 7445:1 7451:2 7526:2 7559:1 7562:1 7573:1 7654:1 7689:1 7782:1 7817:1 7844:2 7910:1 7944:1 7973:1 8038:1 8071:1 8099:3 8166:1 8199:1 8213:1 8226:1 8228:2 8294:1 8340:2 8351:1 8353:1 8355:3 8422:1 8464:1 8468:3 8478:1 8482:3 8596:1 8598:6 8610:3 8726:3 8737:4 8805:1 8846:1 8854:5 8864:1 8866:3 8933:1 8973:1 8981:8 8991:2 8994:3 9061:1 9100:1 9107:1 9109:10 9121:1 9123:1 9228:1 9236:5 9244:2 9249:3 9355:1 9363:7 9375:1 9378:2 9482:2 9491:1 9495:5 9502:1 9506:1 9568:1 9572:1 9610:1 9619:1 9623:8 9634:1 9696:1 9701:1 9737:2 9752:6 9762:1 9824:1 9829:1 9864:2 9874:1 9881:3 9889:1 9952:2 9992:1 10000:1 10002:1 10011:1 10015:1 10081:3 10119:3 10128:2 10141:2 10211:1 10247:2 10256:2 10375:2 10383:2 10502:3 10511:1 10629:4 10639:1 10757:4 10766:1 10885:3 10894:1 11013:3 11141:3 11149:1 11269:3 11397:3 11404:1 11526:2 11531:1 11654:1 11658:1 15061:3 15069:1 15169:5 15175:2 15178:2 15181:2 15184:2 15187:1 15189:2 15194:2 15296:1 15298:1 15300:2 15303:5 15309:5 15315:1 15318:1 15322:5 15424:1 15430:1 15432:1 15435:1 15437:2 15440:2 15443:1 15445:3 15451:4,"{""x"":0.03906,""y"":0.13281,""w"":0.78125,""h"":0.8125}"
161,train/shadows/000161.png,128,"A cleaned target silhouette shows the shadow figure from a historical hand-shadow instruction plate. Infer the expert hand-and-arm ink arrangement that produced that shadow. Submit hand_ink_rle as a 128 by 128 binary mask RLE of the hand/arm drawing, hand_bbox_json as normalized x/y/w/h of the ink mask, and confidence in [0,1].",4299:1 4302:2 4425:2 4433:3 4551:2 4565:1 4676:2 4801:1 4812:1 4814:4 4925:2 4940:2 4947:2 5052:1 5066:1 5078:1 5179:1 5191:2 5306:1 5316:2 5439:4 5561:1 5566:1 5688:1 5693:1 5815:1 5942:1 5956:1 5958:1 6069:1 6082:1 6578:1 6705:1 6727:3 6734:3 6833:1 6854:1 6960:1 7087:1 7214:1 7341:1 7378:1 7390:1 7454:5 7468:1 7518:1 7580:4 7589:1 7595:1 7647:1 7707:1 7715:2 7718:1 7720:2 7776:3 7835:1 7846:3 7974:4 8029:1 8085:7 8103:3 8209:6 8217:1 8220:1 8231:3 8335:1 8343:6 8359:3 8461:1 8474:3 8488:2 8586:2 8589:1 8593:6 8616:3 8714:5 8731:3 8745:2 8853:1 8861:1 8873:2 8980:1 8989:1 9001:1 9003:1 9020:1 9022:1 9107:1 9118:1 9130:3 9145:6 9234:1 9246:1 9258:3 9271:5 9361:1 9374:1 9387:3 9397:6 9488:1 9498:2 9516:3 9524:6 9615:1 9626:1 9628:1 9631:1 9644:3 9653:2 9742:2 9758:1 9760:1 9774:4 9779:4 9816:1 9821:1 9870:1 9882:1 9887:1 9902:1 9905:6 9945:4 9997:1 10010:1 10016:2 10030:8 10060:17 10124:1 10138:1 10144:2 10158:8 10185:10 10273:2 10286:7 10311:10 10324:1 10393:2 10415:5 10439:7 10448:1 10521:2 10543:7 10567:5 10577:1 10580:1 10586:2 10649:2 10671:3 10676:1 10689:3 10693:7 10705:9 10776:3 10800:4 10817:6 10835:1 10904:2 10912:1 10928:1 10931:1 10945:2 10963:2 11031:2 11092:1 11159:2 11286:1 12446:2,"{""x"":0.07812,""y"":0.25781,""w"":0.69531,""h"":0.50781}"
162,train/shadows/000162.png,128,"A cleaned target silhouette shows the shadow figure from a historical hand-shadow instruction plate. Infer the expert hand-and-arm ink arrangement that produced that shadow. Submit hand_ink_rle as a 128 by 128 binary mask RLE of the hand/arm drawing, hand_bbox_json as normalized x/y/w/h of the ink mask, and confidence in [0,1].",594:2 721:2 724:1 850:2 853:1 978:2 981:1 1105:2 1109:1 1233:2 1237:1 1360:2 1488:1 1493:1 1615:2 1621:1 1743:1 1748:1 1869:2 1876:1 1996:2 2003:1 2123:2 2131:1 2251:1 2263:4 2269:5 2378:2 2386:1 2388:3 2401:1 2404:1 2506:2 2514:3 2531:2 2634:1 2641:1 2649:11 2761:2 2768:1 2775:12 2889:2 2897:1 2901:1 2905:4 3018:2 3025:2 3029:1 3031:2 3146:2 3153:1 3157:3 3274:2 3281:1 3285:2 3399:5 3409:1 3413:1 3415:1 3526:2 3529:3 3537:1 3540:5 3652:3 3657:3 3668:3 3672:1 3779:1 3785:3 3793:1 3795:4 3800:4 3913:3 3921:1 3923:4 3928:2 3933:1 4039:4 4049:7 4058:1 4063:2 4167:2 4176:4 4181:1 4186:1 4295:2 4304:2 4307:2 4423:3 4433:4 4443:1 4445:1 4551:3 4561:4 4571:5 4579:1 4679:3 4689:7 4699:5 4806:3 4817:5 4827:7 4836:1 4945:6 4952:1 4955:5 4961:1 4966:1 5073:7 5084:7 5093:4 5203:5 5212:9 5223:1 5226:1 5330:7 5341:8 5352:1 5354:2 5458:7 5467:1 5469:9 5484:1 5586:7 5595:11 5609:1 5612:2 5715:6 5723:1 5726:5 5732:3 5737:1 5742:1 5844:5 5854:5 5860:3 5865:2 5871:1 5971:5 5980:1 5982:6 5989:3 5993:3 5999:1 6099:6 6109:7 6118:2 6122:2 6128:1 6227:5 6239:4 6247:5 6256:1 6356:4 6367:4 6376:1 6384:1 6484:4 6496:2 6612:4 6624:2 6641:1 6740:4 6752:2 6768:2 6869:3 6880:2 6897:1 6987:1 6997:1 6999:1 7008:2 7027:1 7110:2 7116:1 7128:1 7138:1 7155:1 7266:1 7283:1 7394:1 7522:1 7540:1 7650:1 7668:1 7777:2 7796:1 7906:1 7913:3 7924:3 8033:4 8040:5 8052:4 8161:10 8172:1 8181:3 8289:8 8298:1 8309:3 8417:8 8426:2 8429:1 8437:1 8439:1 8545:6 8552:1 8554:1 8564:1 8567:1 8672:10 8683:1 8691:1 8694:3 8800:7 8808:1 8811:1 8822:3 8929:1 8931:4 8940:1 8950:3 9057:7 9072:1 9077:1 9079:2 9082:1 9187:6 9200:1 9203:1 9210:1 9316:5 9326:1 9331:1 9446:8 9456:1 9574:7 9582:2 9586:1 9704:7 9714:1 9832:2 9835:5 9842:1 9940:1 9960:2 9963:3 9967:1 10067:2 10091:5 10196:4 10219:5 10325:2 10344:1 10348:5 10454:2 10471:1 10476:4 10481:1 10582:5 10598:1 10604:1 10606:2 10610:1 10711:6 10732:1 10734:2 10839:6 10852:1 10968:6 11097:6 11106:1 11226:5 11232:2 11354:8 11481:7 11610:5 11736:5 11864:2 11991:1 11994:3 11999:2 12120:9 12248:9 12377:7 12506:7 12635:7 12764:6 12892:6 13021:7 13150:1 13152:2 13279:3 13408:2 13411:4 13537:7 13665:3 13669:3 13794:5 13924:7 14051:1 14053:4 14058:1 14182:4,"{""x"":0.52344,""y"":0.03125,""w"":0.4375,""h"":0.83594}"
163,train/shadows/000163.png,128,"A cleaned target silhouette shows the shadow figure from a historical hand-shadow instruction plate. Infer the expert hand-and-arm ink arrangement that produced that shadow. Submit hand_ink_rle as a 128 by 128 binary mask RLE of the hand/arm drawing, hand_bbox_json as normalized x/y/w/h of the ink mask, and confidence in [0,1].",2968:2 3096:3 3224:1 3226:3 3352:2 3357:4 3481:2 3489:3 3610:3 3619:2 3632:3 3739:3 3750:2 3760:2 3763:1 3868:3 3879:2 3887:3 3891:1 3997:6 4010:1 4015:3 4020:1 4116:4 4127:5 4139:1 4141:1 4143:4 4148:1 4248:4 4258:4 4271:5 4382:2 4385:3 4389:4 4401:4 4406:1 4514:4 4519:3 4524:1 4530:4 4535:1 4648:6 4661:2 4777:5 4792:3 4910:3 4923:1 5040:4 5052:2 5172:1 5182:2 5313:1 5426:4 5442:1 5572:2 5694:1 5699:1 5702:2 5824:1 5833:1 5939:1 5963:1 6092:1 6100:7 6221:1 6225:1 6235:1 6350:1 6352:1 6364:1 6479:2 6487:2 6493:2 6607:1 6610:2 6617:3 6622:3 6735:1 6738:4 6747:7 6862:1 6865:3 6875:8 6990:1 6992:2 7003:8 7119:3 7130:10 7245:1 7247:2 7255:2 7259:2 7262:7 7341:1 7374:3 7383:1 7387:3 7393:1 7395:2 7466:8 7502:2 7509:2 7514:3 7518:1 7520:1 7522:1 7525:1 7596:6 7603:1 7630:1 7635:2 7642:3 7646:2 7649:1 7651:1 7654:2 7719:4 7724:9 7757:1 7763:2 7769:5 7776:1 7785:1 7787:1 7844:9 7855:7 7885:1 7890:1 7896:4 7901:1 7903:1 7905:2 7908:1 7914:1 7970:7 7988:3 7994:1 8012:1 8024:2 8028:1 8030:1 8034:1 8037:1 8039:1 8098:3 8118:3 8122:1 8164:1 8223:1 8225:1 8248:3 8267:1 8295:3 8351:2 8394:2 9748:1 9875:1 9880:3 10007:3 10134:3 10262:2 10437:1 10566:2 10822:1 10949:1 11076:1 11721:1 11849:1 12104:1 12612:1,"{""x"":0.14844,""y"":0.17969,""w"":0.69531,""h"":0.59375}"
167,train/shadows/000167.png,128,"A cleaned target silhouette shows the shadow figure from a historical hand-shadow instruction plate. Infer the expert hand-and-arm ink arrangement that produced that shadow. Submit hand_ink_rle as a 128 by 128 binary mask RLE of the hand/arm drawing, hand_bbox_json as normalized x/y/w/h of the ink mask, and confidence in [0,1].",2920:3 3048:2 3175:3 3305:2 3434:1 3545:1 3672:2 3800:2 3927:4 4055:1 4057:2 4183:1 4185:2 4311:1 4439:1 4445:1 4567:1 4573:1 4695:1 4701:1 4823:1 4829:1 4951:2 4957:3 5085:3 5213:3 5341:3 5471:2 5599:2 5727:3 5856:4 5986:3 6117:1 6374:1 6503:3 6631:4 6754:2 6761:2 6881:5 6889:2 7009:6 7137:1 7139:1 7141:1 7264:2 7392:3 7520:1 7522:1 7648:1 7650:1 7776:3 7904:1 7993:1 8121:1 8249:3 8377:3 8506:2 8634:2 8762:2 8890:2 8893:1 9018:4 9147:4 9277:2 9406:1 9534:2 9662:2 9779:2 9790:2 9794:1 9907:2 9920:4 10036:2 10048:5 10165:2 10176:6 10187:1 10295:2 10306:5 10315:2 10318:3 10409:1 10423:3 10434:6 10444:5 10536:3 10552:3 10563:1 10565:4 10572:9 10665:2 10681:4 10693:5 10699:1 10701:9 10793:3 10810:5 10822:7 10830:2 10833:7 10851:2 10922:2 10938:9 10955:1 10957:1 10959:2 10962:7 10979:2 11051:1 11073:4 11084:18 11107:2 11179:2 11203:5 11213:17 11235:2 11238:5 11308:2 11333:6 11342:1 11344:1 11349:5 11362:2 11367:5 11436:3 11462:2 11466:8 11480:3 11491:3 11498:4 11565:3 11587:8 11596:2 11601:1 11610:4 11620:3 11628:5 11694:3 11716:2 11738:4 11750:3 11758:4 11823:2 11838:8 11867:3 11879:2 11951:2 11964:9 11995:3 12080:2 12091:2 12094:5 12123:2 12209:3 12222:2 12251:2 12255:6 12265:2 12337:4 12377:1 12379:2 12383:14 12465:4 12505:3 12510:4 12518:5 12594:1 12623:3 12632:2 12635:1 12637:6 12648:4 12751:4 12758:4 12765:4 12770:2 12778:2 12822:4 12878:7 12886:3 12894:6 12901:2 12950:4 13006:6 13025:1 13027:5 13078:4 13133:5 13156:3 13161:1 13206:3 13258:2 13261:4 13286:1 13289:2 13292:1 13386:3 13390:3 13417:4 13505:1 13513:4 13633:3 13640:5 13759:5,"{""x"":0.17188,""y"":0.17188,""w"":0.71875,""h"":0.67188}"
168,train/shadows/000168.png,128,"A cleaned target silhouette shows the shadow figure from a historical hand-shadow instruction plate. Infer the expert hand-and-arm ink arrangement that produced that shadow. Submit hand_ink_rle as a 128 by 128 binary mask RLE of the hand/arm drawing, hand_bbox_json as normalized x/y/w/h of the ink mask, and confidence in [0,1].",4666:5 4791:2 4794:2 4798:4 4916:2 4920:8 4931:3 5040:2 5043:1 5058:3 5063:2 5071:2 5074:12 5087:1 5089:7 5168:1 5191:1 5194:5 5226:2 5233:1 5235:4 5291:5 5309:1 5357:1 5360:1 5413:1 5419:2 5425:1 5427:3 5431:8 5538:2 5543:2 5548:21 5663:2 5674:2 5678:2 5681:3 5685:1 5693:6 5745:1 5805:1 5824:3 5832:1 5873:1 5922:7 5932:3 5955:1 5959:1 6048:1 6050:3 6054:5 6083:2 6086:2 6176:5 6212:1 6214:2 6305:3 6341:4 6469:4 6479:1 6598:1 6726:2 6734:2 6842:1 6853:2 6862:1 6963:1 6965:4 6981:1 6987:1 6989:2 7089:7 7109:1 7115:3 7214:6 7221:1 7243:3 7342:5 7369:5 7469:5 7498:2 7596:5 7625:1 7627:1 7668:1 7724:5 7753:3 7796:1 7853:1 7881:2 7886:1 7924:1 7978:1 7980:1 8009:2 8014:1 8052:1 8105:1 8137:2 8180:1 8266:4 8308:1 8361:1 8395:8 8436:1 8525:2 8529:1 8531:2 8535:1 8564:1 8658:3 8692:1 8787:4 8904:2 8907:1 8911:4 8916:1 8918:1 9009:1 9033:8 9043:1 9137:1 9165:2 9168:3 9172:1 9298:3 9326:1 9390:1 9440:4 9445:1 9519:2 9569:3 9580:2 9696:1 9698:1 9703:3 9824:1 9829:2 9953:2 10080:1 13217:1 13220:3 13233:1 13235:1 13237:1 13346:1 13349:1 13351:2 13354:1 13356:3 13361:1 13363:1 13365:2 13368:1 13473:2 13477:1 13479:1 13482:2 13487:1,"{""x"":0.24219,""y"":0.28125,""w"":0.6875,""h"":0.54688}"
169,train/shadows/000169.png,128,"A cleaned target silhouette shows the shadow figure from a historical hand-shadow instruction plate. Infer the expert hand-and-arm ink arrangement that produced that shadow. Submit hand_ink_rle as a 128 by 128 binary mask RLE of the hand/arm drawing, hand_bbox_json as normalized x/y/w/h of the ink mask, and confidence in [0,1].",3253:1 3380:2 3507:1 4148:1 4275:1 4403:2 4530:1 4657:2 4785:1 4913:1 5314:3 5439:3 5443:2 5567:3 5572:1 5668:1 5695:2 5795:2 5821:1 5823:1 5923:2 5949:2 6051:3 6076:2 6179:3 6204:1 6307:1 6309:1 6331:2 6435:1 6563:1 6565:1 6691:1 6693:1 6699:3 6704:8 6819:1 6821:1 6825:1 6827:3 6833:5 6947:1 6949:1 6953:1 6957:5 7080:2 7085:5 7203:1 7206:3 7331:1 7334:3 7460:4 7514:2 7587:5 7643:5 7717:2 7772:5 7904:1 8226:2 8354:2 8517:2 8521:2 8647:2 10147:2 10274:2 10402:2 10524:2 10652:2 10655:1 10781:1 10783:2 10908:1 10910:2 11035:1 11163:2 11179:2 11291:2 11308:1 11419:2 11433:2 11437:2 11547:2 11561:4 11567:2 11675:2 11691:4 11803:1 11820:1 11822:1 12057:1 12185:2 12314:1 12330:2 12459:2 12569:1 12589:2 12615:2 12622:6 12696:2 12716:4 12743:14 12824:1 12838:3 12842:10 12869:1 12871:9 12883:3 12967:16 12991:11 13013:1 13094:5 13104:7 13116:11 13221:3 13236:13 13349:3 13367:6 13477:2 13604:3 13732:2 13859:2 13987:2 14115:2 14243:2 14370:2 14498:2 14624:3 14752:2 14880:1,"{""x"":0.1875,""y"":0.19531,""w"":0.57031,""h"":0.71875}"
170,train/shadows/000170.png,128,"A cleaned target silhouette shows the shadow figure from a historical hand-shadow instruction plate. Infer the expert hand-and-arm ink arrangement that produced that shadow. Submit hand_ink_rle as a 128 by 128 binary mask RLE of the hand/arm drawing, hand_bbox_json as normalized x/y/w/h of the ink mask, and confidence in [0,1].",1597:1 1723:3 1850:1 1852:3 1964:2 1978:1 1980:3 2091:1 2094:1 2105:1 2108:3 2219:1 2222:1 2233:2 2236:3 2346:1 2351:1 2361:1 2365:2 2474:2 2479:1 2489:1 2494:1 2602:3 2616:2 2622:1 2730:3 2736:1 2744:2 2859:1 2861:1 2872:2 2879:1 2987:3 2993:1 3001:2 3115:3 3122:1 3129:3 3135:1 3243:4 3251:1 3257:2 3264:1 3371:5 3380:1 3386:2 3500:5 3509:1 3514:2 3521:1 3629:5 3638:1 3642:2 3650:1 3758:4 3767:1 3771:3 3779:1 3887:3 3896:1 3899:2 3908:1 4015:3 4025:1 4028:2 4038:1 4144:3 4154:4 4167:1 4265:2 4273:2 4277:1 4285:2 4297:1 4400:1 4402:7 4413:2 4427:2 4538:5 4557:2 4677:1 4687:3 4807:4 4819:3 4950:3 5033:4 5082:1 5110:1 5161:7 5211:2 5239:1 5289:16 5341:3 5365:1 5367:1 5417:14 5473:1 5491:2 5496:1 5544:13 5603:1 5616:4 5672:3 5679:5 5732:2 5738:8 5753:1 5799:3 5806:5 5861:2 5865:2 5868:3 5881:1 5926:1 5932:1 5934:1 5989:6 5998:2 6001:1 6060:1 6119:2 6122:1 6129:1 6137:1 6186:2 6250:2 6265:1 6313:2 6378:1 6393:1 6521:1 6635:1 6776:1 6778:2 6891:1 6943:1 7019:1 7031:1 7033:1 7069:2 7099:1 7147:1 7158:1 7196:1 7224:1 7275:1 7286:1 7348:1 7351:4 7403:1 7475:7 7530:2 7541:2 7601:7 7658:1 7669:2 7729:5 7786:1 7797:1 7800:1 7855:5 7914:1 7927:1 7981:5 8041:2 8052:3 8108:3 8169:1 8180:2 8234:2 8239:1 8297:1 8309:1 8361:1 8390:1 8425:1 8437:1 8486:1 8517:3 8552:1 8563:3 8612:2 8645:3 8680:1 8691:2 8694:1 8739:1 8818:3 8946:3 8950:1 9074:4 9202:4 9329:4 9457:3 9585:3 9589:1 9712:2 9717:1 9840:2 9843:2 9968:4 10095:4 10223:3 10350:4 10478:3 10483:1 10601:2 10606:3 10610:1 10733:3 10737:2 10858:1 10861:2 10865:1 10989:5 10995:1 11116:1 11119:2 11248:1 11250:1 11377:2 11505:1 11635:1 11763:2 11892:1 12021:1 12149:2 13172:1 13174:1 13301:1 13424:2 13431:1 13552:2 13558:1 13681:3 13810:1 13815:1 13939:1 13944:1 14066:2,"{""x"":0.21875,""y"":0.09375,""w"":0.75,""h"":0.76562}"
171,train/shadows/000171.png,128,"A cleaned target silhouette shows the shadow figure from a historical hand-shadow instruction plate. Infer the expert hand-and-arm ink arrangement that produced that shadow. Submit hand_ink_rle as a 128 by 128 binary mask RLE of the hand/arm drawing, hand_bbox_json as normalized x/y/w/h of the ink mask, and confidence in [0,1].",2708:1 2710:1 2836:4 2965:3 3092:3 3110:1 3220:2 3238:2 3366:2 3494:2 3621:2 3624:1 3749:2 3752:1 3880:1 4008:1 4136:1 4258:1 4264:1 4386:1 4392:1 4514:1 4519:2 4641:2 4647:2 4768:3 4897:3 5025:3 5152:3 5280:2 5407:3 5535:3 5660:3 5786:4 5914:2 6042:1 6170:1 6296:2 6424:2 6551:3 6558:1 6679:2 6684:5 6807:2 6811:6 6942:4 7071:3 7200:3 7241:2 7328:1 7330:1 7369:2 7456:1 7458:1 7497:2 7585:2 7625:2 7714:1 7751:4 7879:2 8007:2 8135:2 8263:2 8389:4 8517:3 8644:4 8772:3 8900:2 9027:3 9155:2 9167:2 9280:1 9283:2 9295:2 9409:4 9423:3 9536:5 9550:3 9663:6 9677:1 9691:2 9784:2 9791:4 9804:2 9819:1 9911:3 9918:5 9930:3 9947:1 10037:4 10044:4 10049:2 10057:4 10074:2 10164:4 10169:1 10171:5 10184:3 10202:1 10288:7 10296:7 10311:4 10329:2 10416:8 10425:1 10435:7 10456:3 10541:13 10560:4 10583:3 10656:1 10668:7 10676:2 10679:1 10685:6 10711:2 10784:1 10791:17 10810:6 10838:2 10912:2 10919:16 10937:5 10965:2 11037:2 11040:2 11049:9 11064:10 11093:2 11164:4 11169:2 11178:3 11187:5 11199:2 11206:1 11220:3 11288:4 11295:3 11303:4 11315:2 11327:9 11347:3 11415:4 11422:4 11431:4 11456:9 11475:2 11540:4 11548:3 11559:3 11586:8 11602:3 11668:3 11676:2 11687:3 11718:3 11730:3 11795:3 11817:2 11858:2 11886:3 11923:1 11942:1 11945:2 12014:3 12065:6 12073:2 12076:1 12141:4 12187:12 12201:4 12269:1 12313:9 12324:4 12330:3 12440:8 12452:5 12460:4 12467:4 12570:3 12578:2 12581:3 12589:3 12593:8 12698:2 12703:2 12706:4 12722:7 12730:1 12830:5 12836:1 12850:7 12858:2 12958:6 12980:5 12986:4 12997:1 13087:3 13110:2 13114:6 13124:2 13210:1 13212:1 13252:2 13255:2 13338:3 13380:5,"{""x"":0.14844,""y"":0.16406,""w"":0.73438,""h"":0.65625}"
172,train/shadows/000172.png,128,"A cleaned target silhouette shows the shadow figure from a historical hand-shadow instruction plate. Infer the expert hand-and-arm ink arrangement that produced that shadow. Submit hand_ink_rle as a 128 by 128 binary mask RLE of the hand/arm drawing, hand_bbox_json as normalized x/y/w/h of the ink mask, and confidence in [0,1].",1991:1 2105:8 2114:1 2119:2 2226:4 2232:9 2242:2 2248:1 2360:1 2372:2 2377:1 2494:2 2506:3 2737:2 2745:1 2863:14 2987:2 2990:1 2993:12 3113:4 3124:7 3132:1 3242:3 3256:1 3371:2 3662:1 3792:1 3921:1 4050:1 4179:1 5560:2 6762:1 9423:1 10990:1 11118:1 11748:1 11876:1 12004:2 12132:5 12260:4 12387:1 12389:4 12517:2 12520:1 12645:1 12647:2 12774:3 12902:3 13030:2 13159:2,"{""x"":0.32031,""y"":0.11719,""w"":0.54688,""h"":0.6875}"
173,train/shadows/000173.png,128,"A cleaned target silhouette shows the shadow figure from a historical hand-shadow instruction plate. Infer the expert hand-and-arm ink arrangement that produced that shadow. Submit hand_ink_rle as a 128 by 128 binary mask RLE of the hand/arm drawing, hand_bbox_json as normalized x/y/w/h of the ink mask, and confidence in [0,1].",3753:6 3877:4 3887:2 4003:2 4017:1 4145:3 4277:2 4390:2 4393:1 4395:1 4407:2 4515:2 4523:2 4526:1 4539:2 4640:2 4656:1 4669:1 4768:1 4784:2 4798:1 4914:2 4927:1 5045:5 5056:1 5178:1 5184:2 5313:2 5436:1 5443:1 5565:1 5572:1 5681:5 5701:1 5815:1 5830:1 6215:1 6344:1 6441:4 6446:1 6473:1 6565:2 6578:1 6602:1 6708:1 6731:1 6860:1 6989:1 7118:1 7192:1 7205:2 7247:1 7320:1 7376:1 7384:4 7393:1 7447:1 7505:1 7510:1 7517:1 7521:1 7573:2 7634:2 7637:2 7640:2 7649:1 7700:2 7763:3 7777:1 7828:1 7833:1 7890:4 7905:8 8019:3 8039:6 8146:3 8160:10 8173:2 8274:3 8288:2 8303:1 8402:3 8416:1 8419:8 8432:1 8529:3 8543:3 8550:1 8557:3 8562:2 8657:3 8671:1 8679:1 8688:4 8785:2 8799:1 8808:1 8821:2 8912:3 8937:1 9019:1 9021:1 9039:2 9042:1 9066:1 9147:3 9151:2 9167:3 9182:1 9195:2 9278:6 9294:4 9310:1 9314:1 9325:1 9406:9 9421:4 9438:1 9441:1 9454:1 9536:7 9549:4 9569:1 9571:1 9582:1 9667:5 9676:4 9693:1 9696:1 9699:1 9711:1 9760:1 9796:11 9821:1 9823:1 9827:1 9883:1 9887:2 9926:5 9932:3 9949:1 9968:1 10011:1 10013:2 10024:1 10054:9 10077:2 10083:2 10139:21 10182:8 10204:2 10212:1 10278:12 10309:8 10331:1 10338:3 10403:1 10406:13 10439:6 10458:1 10467:1 10535:1 10538:9 10566:6 10595:2 10652:1 10663:1 10668:6 10675:1 10693:2 10696:3 10700:1 10723:2 10781:10 10800:7 10823:5 10851:3 10917:1 10928:6 10935:2 10951:1 10954:2 10980:2 11043:2 11061:4 11082:2 11100:1 11108:3 11171:1 11237:2 11367:1 11495:1 11624:1 12765:3 12894:1,"{""x"":0.15625,""y"":0.22656,""w"":0.77344,""h"":0.5625}"
174,train/shadows/000174.png,128,"A cleaned target silhouette shows the shadow figure from a historical hand-shadow instruction plate. Infer the expert hand-and-arm ink arrangement that produced that shadow. Submit hand_ink_rle as a 128 by 128 binary mask RLE of the hand/arm drawing, hand_bbox_json as normalized x/y/w/h of the ink mask, and confidence in [0,1].",1945:2 2073:1 2076:1 2183:2 2190:5 2198:4 2312:4 2326:5 2332:5 2442:3 2452:5 2458:1 2460:1 2572:4 2582:2 2586:4 2701:3 2712:1 2715:2 2830:2 2833:1 2841:1 2961:2 3080:6 3090:1 3208:9 3218:2 3342:4 3474:1 4681:3 4813:1 4890:1 5017:1 5148:1 5272:1 5275:1 5277:1 5404:1 5527:1 5530:2 5641:1 5657:2 5768:4 5777:3 5782:1 5785:1 5896:3 5905:2 5912:2 6025:4 6032:3 6037:1 6039:2 6151:6 6158:2 6164:1 6166:1 6278:7 6286:1 6291:1 6294:1 6299:1 6408:5 6414:1 6421:1 6427:1 6496:5 6535:7 6546:1 6549:1 6555:1 6624:5 6663:6 6677:1 6683:1 6754:1 6793:3 6810:2 6920:1 6922:1 6938:1 7047:2 7050:1 7060:1 7066:2 7139:1 7177:1 7188:1 7266:2 7304:1 7316:1 7331:2 7394:1 7431:1 7444:1 7458:3 7522:1 7559:1 7572:1 7585:1 7587:2 7686:1 7700:1 7712:1 7714:2 7828:1 7839:1 7842:2 7906:1 7951:1 7955:2 7966:1 7969:3 8034:1 8083:4 8090:2 8096:4 8162:1 8206:1 8211:1 8213:3 8223:1 8225:2 8333:1 8339:1 8341:5 8352:3 8467:1 8469:6 8478:1 8480:3 8545:1 8588:1 8596:10 8608:3 8673:1 8722:1 8724:6 8731:2 8736:3 8801:1 8842:1 8851:1 8853:4 8862:1 8865:1 8929:1 8969:2 8979:1 8981:5 8989:1 8993:1 9052:2 9057:1 9097:1 9110:8 9180:2 9184:2 9224:2 9233:2 9239:6 9248:1 9308:2 9312:2 9353:1 9360:2 9368:3 9375:1 9437:1 9479:2 9488:1 9498:1 9502:1 9565:3 9607:2 9615:2 9628:1 9695:1 9734:3 9743:2 9862:2 9871:1 9988:3 9999:1 10116:3 10125:1 10244:3 10253:1 10372:2 10380:1 10500:2 10628:3 10635:1 10756:3 10762:1 10885:1 10889:1 11016:1 14406:2 14526:1 14529:2 14532:1 14535:1 14537:2 14540:2 14546:1 14652:4 14657:4 14663:1 14666:6 14673:1 14680:2 14799:1 14802:1 14805:1 14808:1,"{""x"":0.03125,""y"":0.11719,""w"":0.75781,""h"":0.78906}"
175,train/shadows/000175.png,128,"A cleaned target silhouette shows the shadow figure from a historical hand-shadow instruction plate. Infer the expert hand-and-arm ink arrangement that produced that shadow. Submit hand_ink_rle as a 128 by 128 binary mask RLE of the hand/arm drawing, hand_bbox_json as normalized x/y/w/h of the ink mask, and confidence in [0,1].",4528:3 4659:3 4781:2 4792:1 4904:2 4922:2 5052:3 5168:2 5184:1 5291:5 5299:2 5313:1 5416:3 5430:2 5442:1 5542:2 5561:3 5571:1 5694:1 5700:1 5823:1 5829:1 5952:1 5958:1 6081:1 6087:1 6199:2 6204:1 6217:1 6346:1 6475:1 6604:1 6733:1 6962:1 6965:2 6968:1 6990:1 7098:1 7119:2 7213:3 7227:1 7249:1 7378:1 7508:1 7514:4 7521:1 7524:1 7637:2 7641:1 7645:1 7652:1 7767:3 7841:1 7895:3 7969:1 8023:3 8035:11 8096:1 8150:3 8163:2 8166:1 8168:5 8174:4 8222:1 8278:3 8291:4 8306:2 8349:1 8354:1 8406:3 8419:7 8432:2 8435:3 8476:1 8482:1 8533:3 8546:3 8552:1 8556:4 8564:4 8661:3 8674:1 8676:1 8681:1 8789:2 8802:1 8810:1 8916:3 8939:1 9044:3 9069:1 9171:3 9185:1 9198:1 9281:3 9299:3 9313:1 9316:1 9327:1 9410:5 9426:3 9444:2 9456:1 9540:8 9553:3 9568:1 9571:1 9573:1 9585:1 9669:7 9680:4 9696:1 9714:1 9799:5 9808:3 9824:1 9826:1 9830:1 9843:1 9929:5 9935:4 9952:2 9958:1 9972:1 10058:9 10079:2 10086:1 10152:1 10187:8 10208:1 10216:1 10276:1 10281:1 10293:2 10316:8 10335:1 10343:2 10405:3 10409:2 10412:1 10415:12 10444:7 10471:2 10535:20 10572:7 10599:3 10670:2 10673:10 10700:5 10727:3 10801:1 10805:6 10812:1 10830:4 10928:1 10935:7 10943:2 10958:1 10961:1 10985:2 11047:2 11050:1 11053:3 11068:5 11086:1 11179:1 11181:3 11243:1 11310:1 11372:1 11437:1 11565:1 12387:1 12515:1 12644:1,"{""x"":0.21875,""y"":0.27344,""w"":0.71875,""h"":0.5}"
176,train/shadows/000176.png,128,"A cleaned target silhouette shows the shadow figure from a historical hand-shadow instruction plate. Infer the expert hand-and-arm ink arrangement that produced that shadow. Submit hand_ink_rle as a 128 by 128 binary mask RLE of the hand/arm drawing, hand_bbox_json as normalized x/y/w/h of the ink mask, and confidence in [0,1].",2631:3 2761:3 2890:3 3018:1 3020:1 3144:1 3146:1 3148:2 3272:3 3276:2 3404:2 3532:3 3655:1 3782:2 3794:4 3909:3 3922:1 3926:2 4038:1 4050:1 4052:2 4056:2 4164:1 4166:1 4183:1 4185:3 4292:3 4314:1 4316:1 4420:1 4443:2 4547:3 4571:1 4674:2 4677:1 4802:1 4804:1 4827:3 4928:2 4932:1 4955:4 5055:1 5059:1 5084:3 5182:1 5186:1 5214:2 5309:1 5313:1 5342:2 5437:1 5440:1 5470:2 5564:1 5598:2 5691:2 5725:3 5819:2 5855:1 5947:2 5982:2 6075:1 6203:2 6331:1 6360:1 6459:2 6488:1 6586:2 6613:1 6616:1 6714:2 6741:1 6744:1 6842:2 6868:1 6870:3 6970:2 6997:5 7090:4 7097:3 7123:7 7216:5 7222:1 7225:2 7252:6 7342:1 7344:5 7352:3 7378:1 7380:5 7468:11 7480:3 7506:2 7509:3 7513:1 7595:6 7602:1 7604:5 7610:2 7634:4 7647:2 7721:2 7725:1 7727:3 7731:1 7734:5 7759:5 7777:1 7846:3 7850:4 7855:2 7862:5 7885:4 7906:4 7970:3 7974:8 7990:5 8011:4 8016:2 8034:5 8098:1 8101:5 8107:1 8119:3 8135:4 8140:1 8164:2 8167:2 8225:8 8234:1 8247:3 8262:5 8294:2 8297:4 8352:1 8354:1 8357:1 8376:2 8388:6 8395:2 8425:1 8427:2 8479:3 8504:1 8508:1 8514:6 8598:11 8633:3 8637:1 8640:6 8722:4 8728:1 8730:7 8761:13 8857:2 8860:5 8878:11 8891:8 8900:1 8992:1 9005:13 9020:6 9028:1 9121:1 9130:13 9148:5 9154:3 9191:2 9249:1 9252:7 9260:2 9277:5 9315:7 9376:6 9386:1 9388:2 9406:4 9443:7 9503:3 9507:2 9514:2 9534:3 9571:6 9622:6 9634:1 9642:2 9661:5 9701:2 9704:2 9770:2 9789:1 9791:2 9833:1 9897:3 9917:1 9919:2 9961:1 10025:3 10045:1 10047:1 10152:4 10174:2 10281:1 10283:1 10302:1 10304:1 10325:1 10411:1 10430:1 10432:1 10454:1 10539:1 10561:1 10579:2 10582:1 10668:1 10796:1 10924:1 11052:1 11083:3 11088:1 11096:2 11180:1 11214:3 11219:2 11223:3 11227:1 11308:1 11345:2 11355:2 11365:1 11436:1 11485:1 11493:2 11500:1 11564:1 11614:9 11692:1 11753:2 12319:1 12447:1 12575:1 12703:1 12832:1 13466:1 13594:1 13723:1 13852:2 13980:2 14107:3 14232:3 14359:1,"{""x"":0.14062,""y"":0.15625,""w"":0.71094,""h"":0.72656}"
177,train/shadows/000177.png,128,"A cleaned target silhouette shows the shadow figure from a historical hand-shadow instruction plate. Infer the expert hand-and-arm ink arrangement that produced that shadow. Submit hand_ink_rle as a 128 by 128 binary mask RLE of the hand/arm drawing, hand_bbox_json as normalized x/y/w/h of the ink mask, and confidence in [0,1].",2494:2 2622:1 2749:2 3127:1 3254:1 3275:2 3380:1 3400:3 3635:1 3763:1 4316:1 4412:4 4444:1 4540:4 4572:1 4576:3 4583:1 4585:1 4662:6 4670:2 4699:1 4704:4 4712:1 4715:1 4791:1 4796:1 4843:1 4918:5 4968:1 5061:2 5191:2 5315:4 5446:3 5572:2 6443:1 6571:1 6699:1 6807:1 6827:1 6935:1 6953:3 7064:1 7080:4 7190:3 7208:4 7315:3 7319:2 7342:1 7345:1 7442:2 7469:1 7472:1 7569:3 7596:1 7599:1 7695:4 7728:1 7823:3 7855:3 7949:3 7983:2 8077:3 8111:1 8205:2 8239:1 8366:2 8494:1 8621:1 8748:2 8875:2 9002:2 9130:1 9257:2 9266:2 9385:1 9394:1 9512:2 9521:2 9639:2 9648:2 9767:2 9894:3 10022:2,"{""x"":0.10156,""y"":0.14844,""w"":0.74219,""h"":0.46875}"
178,train/shadows/000178.png,128,"A cleaned target silhouette shows the shadow figure from a historical hand-shadow instruction plate. Infer the expert hand-and-arm ink arrangement that produced that shadow. Submit hand_ink_rle as a 128 by 128 binary mask RLE of the hand/arm drawing, hand_bbox_json as normalized x/y/w/h of the ink mask, and confidence in [0,1].",2645:3 2772:1 2775:2 2900:1 2903:1 2905:1 3028:1 3031:3 3157:1 3159:1 3161:2 3285:1 3287:1 3289:1 3413:3 3419:1 3539:2 3546:2 3667:1 3673:2 3795:1 3921:2 4048:1 4050:1 4175:2 4178:1 4303:1 4305:1 4319:4 4430:1 4433:1 4447:1 4449:1 4451:3 4556:3 4560:1 4575:1 4578:2 4582:1 4683:2 4687:1 4703:1 4705:2 4709:1 4711:1 4810:2 4813:2 4838:3 4937:2 4941:2 4967:3 5064:2 5069:1 5095:1 5097:1 5191:1 5196:1 5223:1 5225:1 5317:2 5323:1 5352:1 5445:2 5449:2 5480:1 5571:1 5577:1 5608:2 5698:2 5736:2 5825:2 5864:3 5953:3 5992:3 6081:2 6121:2 6208:2 6250:2 6336:2 6378:2 6464:2 6507:1 6591:4 6634:2 6718:3 6761:3 6846:3 6882:2 6890:2 6963:1 6966:3 6974:2 7010:1 7017:1 7089:7 7097:1 7102:2 7138:1 7144:2 7215:2 7219:1 7222:2 7225:2 7229:5 7264:2 7338:1 7340:3 7344:9 7354:1 7357:3 7392:2 7462:3 7467:1 7471:4 7476:6 7483:5 7517:1 7520:2 7584:6 7591:10 7602:1 7605:1 7607:8 7644:2 7648:2 7711:3 7717:9 7727:1 7729:1 7732:1 7734:7 7772:1 7775:3 7822:4 7838:1 7841:2 7844:2 7847:3 7851:3 7856:1 7863:7 7902:5 7954:8 7965:5 7971:6 7978:2 7981:1 7984:1 7992:6 8026:8 8084:12 8100:1 8120:5 8155:7 8214:2 8217:6 8248:5 8280:1 8282:8 8346:5 8377:4 8408:7 8477:1 8505:3 8532:1 8534:6 8541:5 8605:1 8634:1 8658:10 8670:1 8733:1 8761:2 8783:5 8789:5 8861:1 8905:8 8919:2 8988:2 8993:1 9000:3 9005:6 9012:12 9030:9 9040:1 9062:3 9106:23 9130:14 9145:1 9147:2 9150:15 9168:1 9192:2 9233:4 9247:4 9256:1 9258:19 9278:11 9320:4 9375:2 9384:5 9395:3 9404:1 9406:5 9412:1 9414:3 9449:5 9512:1 9514:1 9532:1 9534:10 9579:3 9639:2 9660:1 9662:8 9709:3 9767:2 9788:9 9798:1 9837:5 9894:3 9916:6 9967:5 10021:4 10044:5 10097:5 10149:4 10172:6 10228:2 10277:1 10280:1 10300:1 10302:3 10408:1 10431:2 10536:1 10557:1 10559:2 10663:2 10685:1 10687:1 10732:1 10791:1 10813:3 10859:1 10861:1 10919:1 10940:3 10984:5 10990:1 10992:1 11047:1 11069:1 11071:1 11112:8 11175:1 11197:1 11199:1 11239:10 11303:1 11367:1 11370:1 11373:1 11375:1 11431:1 11498:2 11501:3 11559:1 11607:1 11630:1 11687:1 11734:2 11758:1 11814:1 11860:1 11863:1 11942:1 11988:1 11991:1 12070:1 12106:1 12310:1 12363:6 12438:1 12494:4 12566:1 12625:2 12631:2 12634:1 12693:1 12755:2 12759:4 12821:1 12886:3 12890:1 12892:1 13019:2 13149:2 13279:1 13287:1 13407:2 13415:1 13537:2 13583:1 13667:8 13679:1 13806:1 13839:1 13931:3 13967:2 14094:3 14218:7 14346:1,"{""x"":0.07812,""y"":0.15625,""w"":0.84375,""h"":0.72656}"
179,train/shadows/000179.png,128,"A cleaned target silhouette shows the shadow figure from a historical hand-shadow instruction plate. Infer the expert hand-and-arm ink arrangement that produced that shadow. Submit hand_ink_rle as a 128 by 128 binary mask RLE of the hand/arm drawing, hand_bbox_json as normalized x/y/w/h of the ink mask, and confidence in [0,1].",4693:2 4750:1 4821:1 4823:4 4830:2 4880:2 4956:2 4959:1 5004:2 5010:1 5078:1 5086:2 5127:2 5130:4 5139:2 5142:1 5199:1 5206:1 5209:4 5214:1 5255:1 5257:6 5268:5 5333:12 5383:1 5387:5 5394:3 5399:4 5455:22 5512:1 5518:3 5522:1 5526:1 5528:1 5530:4 5535:1 5577:1 5580:9 5595:3 5648:1 5650:2 5659:7 5706:1 5708:6 5716:1 5723:1 5732:1 5771:1 5777:5 5783:1 5786:3 5791:5 5834:7 5843:1 5851:1 5854:6 5900:1 5903:1 5907:8 5916:1 5919:7 5964:2 5971:1 5973:9 5987:1 6026:1 6029:2 6036:7 6047:1 6053:3 6057:1 6092:1 6099:3 6107:1 6115:1 6157:4 6165:2 6169:3 6182:6 6211:1 6220:3 6224:4 6229:1 6235:1 6242:1 6282:1 6287:4 6296:6 6311:5 6339:1 6349:4 6364:5 6411:1 6416:3 6423:1 6425:6 6432:2 6452:1 6479:2 6486:9 6496:1 6544:4 6556:1 6558:4 6581:1 6607:1 6614:6 6624:1 6672:1 6674:4 6687:2 6692:1 6709:1 6724:3 6739:4 6747:2 6751:1 6799:1 6802:8 6816:1 6852:2 6866:5 6876:3 6928:1 6932:8 6965:1 6981:3 6992:5 6998:1 7001:2 7054:3 7062:8 7110:1 7121:2 7127:1 7182:1 7184:2 7187:1 7193:6 7220:2 7239:1 7249:1 7312:1 7314:1 7325:1 7337:1 7348:1 7381:1 7439:1 7442:2 7476:1 7493:1 7508:1 7568:1 7571:2 7574:2 7604:1 7621:1 7623:1 7625:1 7634:2 7699:6 7721:1 7733:1 7748:2 7754:1 7825:1 7828:6 7835:2 7845:1 7860:2 7885:1 7889:1 7955:1 7959:1 7961:3 7973:1 7988:1 8014:1 8016:1 8084:1 8090:3 8116:1 8142:2 8213:1 8244:1 8270:1 8342:1 8356:1 8473:1 8525:1 8533:1 8602:2 8652:2 8662:2 8731:2 8755:1 8780:2 8790:2 8860:1 8884:1 8907:2 8921:1 8990:2 9034:2 9120:2 9161:1 9250:1 9289:1 9379:2 9394:1 9416:2 9433:1 9508:2 9521:1 9638:1 9649:1 9766:1 9916:1 10045:1 10149:2 10276:1 10319:3 10404:1 10448:3 10577:3 10707:2 10830:1 10958:5 11594:1 11722:1,"{""x"":0.05469,""y"":0.28125,""w"":0.73438,""h"":0.4375}"
180,train/shadows/000180.png,128,"A cleaned target silhouette shows the shadow figure from a historical hand-shadow instruction plate. Infer the expert hand-and-arm ink arrangement that produced that shadow. Submit hand_ink_rle as a 128 by 128 binary mask RLE of the hand/arm drawing, hand_bbox_json as normalized x/y/w/h of the ink mask, and confidence in [0,1].",3007:1 3009:1 3134:1 3136:2 3261:1 3264:2 3377:1 3389:1 3392:2 3504:1 3506:1 3516:1 3520:2 3632:1 3635:1 3644:2 3648:2 3759:1 3772:1 3777:1 3887:3 3892:1 3900:2 4015:2 4020:1 4028:2 4144:1 4149:1 4157:2 4163:1 4273:1 4279:1 4286:2 4291:1 4401:2 4414:2 4420:1 4529:3 4537:1 4542:3 4549:1 4657:4 4666:1 4671:2 4678:1 4786:3 4795:1 4799:2 4807:1 4915:5 4924:1 4927:3 4936:2 5044:4 5053:1 5056:2 5066:1 5173:2 5182:1 5185:1 5301:3 5305:1 5313:2 5325:2 5423:1 5430:5 5436:2 5441:3 5456:2 5459:2 5553:8 5566:5 5577:1 5589:3 5622:2 5708:3 5721:3 5749:1 5752:1 5853:1 5855:1 5876:1 5880:1 5980:1 5985:2 6002:2 6116:1 6124:7 6192:6 6201:3 6246:1 6253:1 6255:1 6257:1 6265:1 6322:6 6329:6 6375:2 6378:2 6383:3 6393:1 6449:11 6505:3 6521:1 6576:10 6633:1 6635:2 6703:4 6710:3 6763:1 6777:1 6830:3 6837:4 6891:1 6904:1 6906:1 6958:1 6963:4 7020:1 7032:1 7091:1 7160:1 7216:3 7277:1 7344:2 7415:1 7533:1 7543:1 7661:1 7788:2 7798:2 7801:1 7916:1 7926:2 7977:1 7999:3 8044:1 8054:1 8056:1 8103:2 8123:1 8126:3 8172:1 8229:2 8250:7 8300:1 8309:2 8312:1 8378:5 8427:2 8437:2 8505:4 8555:1 8566:1 8632:3 8683:1 8692:3 8758:4 8810:1 8821:2 8824:1 8884:1 8886:2 8939:1 8949:2 9010:5 9035:3 9076:3 9080:1 9138:2 9163:3 9204:4 9264:2 9332:4 9390:2 9460:4 9587:2 9590:2 9715:2 9718:2 9843:4 9970:4 10098:3 10225:4 10353:3 10482:2 10486:1 10605:2 10609:3 10613:1 10734:1 10737:2 10740:1 10742:1 10865:3 10870:1 10992:3 10997:1 11123:3 11252:2 11381:1 11509:2 11638:2 11767:1 11896:1 12920:1 12922:1 13044:2 13049:1 13173:2 13178:2 13301:3 13429:2 13436:1 13558:2 13688:1,"{""x"":0.28906,""y"":0.17969,""w"":0.6875,""h"":0.65625}"
181,train/shadows/000181.png,128,"A cleaned target silhouette shows the shadow figure from a historical hand-shadow instruction plate. Infer the expert hand-and-arm ink arrangement that produced that shadow. Submit hand_ink_rle as a 128 by 128 binary mask RLE of the hand/arm drawing, hand_bbox_json as normalized x/y/w/h of the ink mask, and confidence in [0,1].",2497:1 2507:1 2614:4 2620:1 2622:7 2636:1 2748:9 2758:2 2763:3 2888:1 3011:3 3017:1 3022:1 3117:1 3121:1 3124:1 3142:1 3150:1 3244:17 3272:1 3279:1 3373:3 3380:12 3408:1 3503:1 3511:9 3630:2 3643:3 3647:1 4434:1 4562:1 4819:2 4948:1 5077:1 6072:2 8171:1 10445:1 12522:1 12649:1 13151:1 13279:1 13407:2 13535:3 13663:4 13791:4 13919:4 14047:3 14176:3 14304:3 14433:1 14561:2 14689:2,"{""x"":0.34375,""y"":0.14844,""w"":0.5,""h"":0.75}"
182,train/shadows/000182.png,128,"A cleaned target silhouette shows the shadow figure from a historical hand-shadow instruction plate. Infer the expert hand-and-arm ink arrangement that produced that shadow. Submit hand_ink_rle as a 128 by 128 binary mask RLE of the hand/arm drawing, hand_bbox_json as normalized x/y/w/h of the ink mask, and confidence in [0,1].",967:1 1094:1 1096:1 1219:3 1223:1 1350:1 1459:1 1474:1 1477:2 1589:2 1600:1 1603:1 1605:1 1720:1 1725:1 1731:1 1857:2 1985:2 2113:1 2755:1 2761:2 2882:1 2888:3 3013:3 3017:1 3139:3 4391:2 4518:1 5028:1 5409:1 5919:2 8100:1 8743:1 10907:1 11035:2 11163:1 11806:1 11935:7 12327:1 12333:1 12454:1 12462:1 12467:1 12589:1 12595:1 12600:1 12711:1 12723:6 12838:1 12840:1 12850:7 12964:5 12977:7 12985:1 13088:2 13091:4 13096:14 13111:1 13113:1 13196:1 13215:17 13233:3 13237:2 13241:2 13324:2 13343:1 13345:14 13360:2 13366:1 13368:1 13451:2 13475:3 13480:2 13484:2 13487:2 13491:1 13494:1 13496:1 13578:1 13604:4 13610:1 13615:2 13619:2 13622:1 13624:1 13742:1 13745:1 13747:2 13750:1 13832:1 13868:1 13871:2 13994:1 14126:4 14244:5 14281:2 14291:2 14369:4 14410:3 14414:8 14521:2 14526:2 14539:2 14542:3 14640:6 14648:8 14769:6 14777:4 14896:3,"{""x"":0.0625,""y"":0.05469,""w"":0.60938,""h"":0.85938}"
184,train/shadows/000184.png,128,"A cleaned target silhouette shows the shadow figure from a historical hand-shadow instruction plate. Infer the expert hand-and-arm ink arrangement that produced that shadow. Submit hand_ink_rle as a 128 by 128 binary mask RLE of the hand/arm drawing, hand_bbox_json as normalized x/y/w/h of the ink mask, and confidence in [0,1].",2499:1 2627:1 2754:1 3259:1 3282:1 3385:3 3407:3 3514:2 3639:1 3766:2 3894:2 4324:1 4452:1 4544:5 4580:2 4592:3 4597:1 4708:1 4713:4 4725:1 4796:1 4798:8 4852:1 4924:1 4979:2 5052:4 5199:1 5324:1 5454:3 5576:3 5832:3 6575:1 6703:1 6830:2 6958:2 7063:2 7086:2 7192:1 7212:3 7321:1 7339:4 7445:6 7477:1 7572:3 7601:1 7604:2 7700:2 7729:1 7732:2 7826:3 7859:4 7952:4 7987:4 8080:3 8116:1 8207:2 8244:1 8333:4 8371:1 8461:2 8498:2 8590:1 8626:2 8753:1 8881:1 9009:1 9135:2 9262:2 9390:2 9399:1 9517:2 9526:3 9645:1 9654:2 9772:2 9781:2 9899:2 10027:1 10153:3 10282:1,"{""x"":0.10156,""y"":0.14844,""w"":0.82031,""h"":0.48438}"
185,train/shadows/000185.png,128,"A cleaned target silhouette shows the shadow figure from a historical hand-shadow instruction plate. Infer the expert hand-and-arm ink arrangement that produced that shadow. Submit hand_ink_rle as a 128 by 128 binary mask RLE of the hand/arm drawing, hand_bbox_json as normalized x/y/w/h of the ink mask, and confidence in [0,1].",4798:5 4922:3 4928:1 4933:2 5047:2 5052:5 5058:5 5064:2 5068:1 5073:1 5172:1 5175:3 5197:4 5278:1 5298:4 5303:1 5327:3 5334:3 5402:6 5411:3 5415:13 5439:3 5444:2 5452:5 5460:2 5466:1 5525:3 5565:14 5580:3 5585:1 5597:1 5649:2 5692:17 5711:1 5719:1 5768:5 5775:2 5819:5 5834:1 5840:3 5846:3 5851:1 5893:1 5895:1 5898:1 5900:2 5941:1 5946:3 5972:2 5975:3 5979:2 6026:1 6028:1 6069:1 6075:1 6104:5 6154:1 6156:1 6198:1 6201:1 6235:2 6282:1 6284:1 6326:4 6412:1 6454:3 6582:3 6711:2 6832:1 6840:2 6852:1 6859:1 6960:2 6969:2 6981:1 7089:1 7097:2 7110:11 7217:3 7241:2 7244:5 7345:4 7369:1 7373:5 7474:2 7477:2 7502:5 7602:3 7606:1 7632:3 7731:4 7762:2 7860:3 7891:1 7893:1 7989:2 8022:1 8075:1 8113:1 8117:1 8203:1 8245:1 8331:1 8372:1 8459:1 8497:4 8622:1 8624:4 8747:7 8782:1 8871:1 8875:4 8886:1 8999:1 9002:3 9013:2 9128:2 9131:1 9135:1 9137:4 9168:2 9258:1 9260:1 9264:4 9294:3 9386:2 9391:2 9515:4 9626:2 9755:3 9759:2 9873:3 9886:3 10005:2 10013:1 10137:2 10268:2 10271:1 13019:3 13024:1 13132:1 13135:1 13137:1 13139:1 13141:8 13257:2 13261:1 13264:1 13266:1 13270:2 13273:5 13279:3 13385:2 13388:2 13391:1 13393:1 13396:1 13398:3 13402:1 13404:2 13407:3 13512:3,"{""x"":0.03906,""y"":0.28906,""w"":0.72656,""h"":0.53906}"
186,train/shadows/000186.png,128,"A cleaned target silhouette shows the shadow figure from a historical hand-shadow instruction plate. Infer the expert hand-and-arm ink arrangement that produced that shadow. Submit hand_ink_rle as a 128 by 128 binary mask RLE of the hand/arm drawing, hand_bbox_json as normalized x/y/w/h of the ink mask, and confidence in [0,1].",1843:2 1969:4 2097:3 2225:2 2994:3 3122:1 3124:1 3249:4 3376:4 3504:1 3632:1 3759:1 3887:1 4164:1 4166:1 4290:1 4292:1 4294:3 4417:8 4545:3 4673:2 4769:1 4799:1 4801:1 4896:2 4926:3 5024:2 5053:3 5152:2 5155:1 5181:2 5280:4 5309:1 5407:1 5409:2 5436:1 5535:1 5537:2 5663:1 5665:1 5791:1 5919:1 5921:2 5928:2 5940:4 6047:1 6049:2 6058:2 6063:6 6175:1 6177:2 6187:1 6303:1 6305:2 6310:1 6315:5 6431:1 6433:2 6438:1 6443:5 6560:2 6564:3 6625:2 6688:2 6692:3 6753:4 6816:1 6819:4 6884:5 6945:6 7016:1 7075:2 7203:2 7331:1 7712:2 7757:2 7839:3 7880:7 7967:2 8008:5 10145:2 10272:1 10274:1 10401:2 10522:1 10650:1 10653:1 10779:1 10781:2 10905:1 10907:1 10909:2 11032:3 11036:2 11161:2 11178:2 11289:1 11307:2 11417:1 11433:1 11437:1 11545:2 11561:2 11566:2 11672:2 11690:3 11695:4 11801:1 11818:4 11824:3 11929:1 11948:4 12057:1 12311:2 12438:3 12458:1 12491:2 12501:1 12566:2 12586:2 12619:4 12628:3 12715:2 12748:15 12844:2 12878:15 12972:1 12974:3 13001:8 13014:7 13078:1 13099:9 13127:8 13206:2 13222:3 13227:12 13252:9 13334:1 13352:19 13376:11 13478:6 13491:20 13606:4 13623:10 13734:4 13758:1 13861:3 13989:2 14116:3 14244:2 14372:2 14499:3 14627:2 14754:3 14882:3 15010:2 15138:2 15265:2 15393:2 15520:2 15648:2 15776:1,"{""x"":0.17188,""y"":0.10938,""w"":0.64844,""h"":0.85938}"
187,train/shadows/000187.png,128,"A cleaned target silhouette shows the shadow figure from a historical hand-shadow instruction plate. Infer the expert hand-and-arm ink arrangement that produced that shadow. Submit hand_ink_rle as a 128 by 128 binary mask RLE of the hand/arm drawing, hand_bbox_json as normalized x/y/w/h of the ink mask, and confidence in [0,1].",3251:3 3375:5 3384:3 3499:3 3508:4 3516:2 3624:2 3627:6 3636:1 3642:3 3647:3 3661:10 3673:1 3675:1 3677:2 3680:5 3687:2 3743:1 3748:2 3751:2 3772:2 3775:1 3777:10 3788:2 3791:1 3795:1 3818:1 3826:1 3870:7 3879:1 3908:1 3910:1 3912:1 3914:1 3916:1 3948:2 3951:1 3953:2 3958:1 3960:1 3998:2 4018:3 4079:2 4082:1 4120:3 4127:3 4131:1 4133:1 4138:1 4140:11 4208:1 4210:1 4246:1 4252:1 4256:1 4258:21 4338:1 4371:2 4383:1 4386:16 4404:6 4415:1 4464:1 4466:1 4504:1 4513:1 4516:4 4535:3 4544:1 4592:1 4625:1 4631:3 4635:1 4639:4 4665:3 4671:1 4756:2 4759:7 4767:1 4794:2 4799:1 4884:1 4886:2 4923:1 4926:2 5009:1 5011:2 5014:1 5051:2 5054:2 5139:3 5180:4 5266:1 5308:4 5436:2 5447:1 5564:2 5574:1 5692:1 5701:3 5806:2 5819:2 5829:2 5926:2 5930:2 5933:1 5947:2 5954:5 6048:3 6055:2 6058:2 6081:5 6177:3 6181:5 6209:5 6304:8 6313:1 6336:5 6431:7 6464:5 6560:6 6593:4 6643:1 6688:5 6694:1 6722:2 6771:1 6815:4 6849:2 6899:1 6944:1 6977:2 6982:2 7027:1 7069:1 7071:1 7105:2 7195:1 7233:2 7323:1 7362:5 7452:1 7491:6 7621:6 7629:1 7752:2 7755:4 7762:1 7882:6 8012:3 8016:1 8018:1 8128:7 8141:1 8145:1 8229:1 8257:3 8261:7 8269:2 8357:1 8390:4 8396:1 8398:1 8485:1 8520:3 8525:2 8613:1 8650:4 8668:2 8671:4 8684:2 8738:3 8796:4 8802:1 8808:3 8924:2 8927:1 9052:1 9060:3 9180:1 9185:3 9310:2 9436:1 13203:1 13206:9 13216:3 13220:2 13223:1 13225:2 13228:2 13330:2 13334:1 13337:3 13341:2 13345:1 13347:1 13349:1 13351:1 13354:2 13358:1 13459:1 13461:1 13467:2 13470:5 13476:3 13480:1 13482:2 13486:1 13488:1 13587:3,"{""x"":0.13281,""y"":0.19531,""w"":0.8125,""h"":0.64062}"
188,train/shadows/000188.png,128,"A cleaned target silhouette shows the shadow figure from a historical hand-shadow instruction plate. Infer the expert hand-and-arm ink arrangement that produced that shadow. Submit hand_ink_rle as a 128 by 128 binary mask RLE of the hand/arm drawing, hand_bbox_json as normalized x/y/w/h of the ink mask, and confidence in [0,1].",3859:3 3990:2 4109:4 4114:1 4118:1 4120:1 4236:8 4249:1 4364:1 4368:4 4378:2 4497:5 4506:3 4627:4 4634:2 4637:2 4750:1 4756:6 4763:1 4765:4 4879:1 4885:4 4894:1 4897:2 5013:1 5016:2 5021:1 5023:6 5135:1 5137:2 5143:1 5145:3 5154:5 5262:1 5265:3 5272:6 5281:1 5284:1 5287:2 5347:3 5391:1 5395:3 5402:8 5413:1 5415:3 5475:5 5519:1 5524:3 5531:6 5542:1 5544:5 5608:2 5648:1 5652:4 5662:4 5671:1 5673:6 5725:1 5736:1 5739:4 5780:1 5782:3 5790:5 5801:1 5803:6 5853:1 5860:2 5863:1 5871:1 5910:3 5918:7 5934:5 5972:1 5982:9 5992:1 5994:1 5997:3 6034:1 6040:3 6045:1 6048:7 6063:4 6101:1 6106:14 6121:6 6163:1 6169:2 6180:5 6193:3 6231:23 6292:1 6297:4 6309:4 6323:1 6357:2 6360:11 6376:9 6417:3 6426:5 6437:1 6451:1 6488:3 6493:1 6496:1 6505:1 6508:3 6512:5 6545:6 6555:5 6565:1 6589:1 6605:1 6615:3 6623:1 6633:1 6640:1 6644:1 6673:1 6676:2 6679:1 6683:6 6717:1 6733:1 6743:1 6751:11 6764:1 6767:1 6770:1 6805:2 6808:1 6812:7 6845:1 6862:1 6877:6 6884:2 6888:10 6930:1 6933:3 6944:3 6972:2 7001:5 7007:1 7016:3 7025:1 7059:1 7063:2 7073:2 7100:1 7130:2 7153:1 7188:1 7191:2 7194:1 7228:1 7245:1 7258:1 7266:8 7280:1 7316:1 7320:4 7338:1 7343:1 7356:1 7373:2 7393:15 7445:1 7449:4 7466:1 7471:1 7484:1 7502:1 7518:7 7526:4 7574:1 7577:5 7583:2 7598:2 7611:2 7631:2 7645:6 7655:1 7703:1 7707:5 7727:1 7739:2 7759:2 7772:4 7777:1 7783:1 7785:1 7788:1 7832:1 7836:2 7839:1 7849:1 7855:1 7867:2 7886:3 7900:2 7910:1 7912:4 7967:1 7995:2 8028:1 8035:1 8090:1 8095:1 8105:1 8145:1 8148:1 8156:1 8161:1 8219:1 8250:1 8269:1 8271:1 8276:1 8286:2 8348:1 8378:1 8413:1 8478:1 8506:1 8525:1 8540:2 8634:1 8662:1 8668:1 8735:1 8762:1 8791:1 8794:2 8864:2 8890:1 8919:1 8922:1 8994:1 9018:1 9048:2 9123:1 9145:1 9176:1 9252:2 9273:1 9301:3 9382:1 9401:1 9429:2 9510:1 9528:1 9538:1 9556:3 9567:1 9639:2 9683:2 9695:1 9769:1 9783:1 9811:2 9897:1 9909:1 9937:2 10037:1 10063:2 10082:1 10191:1 10210:1 10278:2 10318:3 10338:1 10446:1 10466:1 10533:1 10689:1 10817:1 11478:2 11606:3 11736:3 11865:2 11988:1 12116:3 12245:1 12750:1 12878:1 13007:1 13133:1,"{""x"":0.09375,""y"":0.23438,""w"":0.82031,""h"":0.57031}"
189,train/shadows/000189.png,128,"A cleaned target silhouette shows the shadow figure from a historical hand-shadow instruction plate. Infer the expert hand-and-arm ink arrangement that produced that shadow. Submit hand_ink_rle as a 128 by 128 binary mask RLE of the hand/arm drawing, hand_bbox_json as normalized x/y/w/h of the ink mask, and confidence in [0,1].",1857:1 1961:5 1968:1 1970:9 1986:1 2096:14 2114:3 2237:1 2243:2 2366:1 2372:1 2490:3 2501:1 2601:2 2604:2 2621:1 2630:1 2720:1 2724:9 2734:3 2750:1 2758:1 2847:22 2887:1 2973:5 2983:2 2986:11 3103:1 3105:1 3114:1 3117:9 3231:1 3233:1 4041:1 4169:2 4298:2 4427:2 4557:1 4686:1 5934:2 7912:1 8040:1 10821:1 10949:2 13160:2 13288:1 13917:1 14045:1 14173:2 14300:6 14428:6 14556:5 14684:5 14813:4 14943:2 15070:3 15198:3 15326:2 15454:3 15583:2,"{""x"":0.22656,""y"":0.10938,""w"":0.60156,""h"":0.84375}"
190,train/shadows/000190.png,128,"A cleaned target silhouette shows the shadow figure from a historical hand-shadow instruction plate. Infer the expert hand-and-arm ink arrangement that produced that shadow. Submit hand_ink_rle as a 128 by 128 binary mask RLE of the hand/arm drawing, hand_bbox_json as normalized x/y/w/h of the ink mask, and confidence in [0,1].",1829:2 1955:1 1957:2 2083:1 2085:2 2213:3 2342:2 2472:1 2595:1 2600:1 2723:1 2728:2 2851:2 2857:2 2980:1 2986:2 3110:1 3117:1 3238:1 3245:2 3366:1 3374:2 3489:2 3495:1 3503:1 3606:2 3613:4 3621:1 3623:1 3630:2 3735:5 3741:1 3751:2 3758:3 3881:1 3887:1 3989:6 3996:2 3999:1 4001:2 4009:1 4015:2 4118:10 4129:3 4133:1 4136:2 4143:2 4248:14 4265:1 4271:2 4384:2 4387:3 4393:1 4400:2 4516:2 4521:1 4527:5 4533:3 4645:2 4650:1 4657:2 4661:4 4772:1 4774:2 4778:1 4784:3 4791:2 4899:1 4902:3 4906:1 4912:3 5027:1 5029:4 5034:1 5041:3 5154:1 5157:4 5162:2 5169:5 5279:4 5284:1 5286:5 5298:3 5405:2 5414:1 5416:3 5426:3 5531:1 5537:1 5543:4 5554:4 5658:1 5665:1 5671:4 5682:4 5796:1 5798:5 5811:2 5919:2 5924:7 6040:1 6045:4 6052:1 6054:6 6171:8 6180:1 6183:5 6296:1 6299:7 6310:6 6423:1 6426:8 6438:6 6552:1 6554:8 6566:6 6678:1 6681:8 6693:7 6804:3 6808:10 6821:7 6931:1 6936:9 6946:1 6950:5 7058:1 7061:1 7064:9 7074:1 7077:6 7185:1 7191:10 7202:1 7206:5 7316:1 7319:5 7325:3 7330:1 7334:5 7439:1 7444:1 7447:2 7450:6 7457:1 7462:5 7566:1 7571:2 7574:2 7579:4 7591:4 7695:1 7700:2 7703:1 7708:4 7719:2 7722:1 7827:4 7836:4 7847:4 7950:1 7955:4 7965:2 7975:4 7988:1 8078:1 8093:2 8103:1 8105:1 8115:2 8120:1 8206:1 8222:1 8231:1 8233:1 8243:1 8333:1 8350:1 8359:1 8461:2 8487:1 8589:1 8605:1 8716:1 8733:1 8844:1 8861:1 8972:1 8989:1 9118:1 9228:1 9246:2 9356:1 9374:2 9484:1 9496:8 9621:11 9738:3 9749:5 9755:6 9865:3 9877:11 9993:3 10003:1 10005:2 10008:1 10010:6 10121:3 10131:1 10133:2 10136:1 10138:5 10144:1 10249:1 10251:2 10261:1 10264:1 10266:5 10272:1 10377:1 10381:1 10388:2 10394:6 10504:3 10517:1 10522:6 10632:3 10639:1 10645:1 10651:5 10761:4 10769:1 10778:5 10890:1 10894:1 10899:1 10905:1 10907:3 11023:1 11028:2 11032:6 11144:1 11152:1 11154:1 11157:4 11162:2 11182:1 11280:1 11283:2 11286:5 11308:4 11408:1 11412:7 11436:3 11539:5 11564:2 11667:5 11674:1 11689:1 11691:3 11795:5 11816:1 11818:3 11922:7 11931:1 11945:3 12050:5 12060:1 12071:1 12073:4 12178:1 12180:4 12190:1 12199:5 12308:2 12311:1 12319:1 12326:6 12436:2 12439:1 12448:1 12453:6 12577:1 12581:5 12706:1 12708:7 12837:7 12966:7 13097:5 13229:1 13349:2 13352:5 13476:9 13605:8 13734:7 13861:7 13989:6 14117:6 14244:6 14372:5 14498:4 14503:1 14625:1 14628:4 14756:3 14880:6 15008:6 15136:6 15265:4 15390:6 15517:2 15520:1 15522:1 15524:1 15646:4,"{""x"":0.0625,""y"":0.10938,""w"":0.38281,""h"":0.85156}"
191,train/shadows/000191.png,128,"A cleaned target silhouette shows the shadow figure from a historical hand-shadow instruction plate. Infer the expert hand-and-arm ink arrangement that produced that shadow. Submit hand_ink_rle as a 128 by 128 binary mask RLE of the hand/arm drawing, hand_bbox_json as normalized x/y/w/h of the ink mask, and confidence in [0,1].",2407:1 2409:2 2534:3 2661:4 2791:3 2920:2 3031:1 3158:2 3286:2 3412:5 3540:2 3543:2 3668:2 3671:2 3796:2 3924:2 4052:2 4058:2 4181:2 4187:2 4309:2 4315:2 4437:3 4443:3 4565:3 4571:4 4699:4 4828:4 4957:3 5086:2 5214:3 5342:5 5473:3 5604:2 5733:1 5861:1 5990:1 6118:2 6240:2 6246:3 6367:5 6375:2 6495:6 6503:2 6623:1 6625:1 6627:1 6751:1 6753:1 6878:2 7006:3 7134:1 7136:1 7262:1 7264:1 7390:2 7477:2 7518:2 7605:2 7646:1 7733:2 7861:3 7989:3 8119:1 8247:1 8375:1 8503:1 8505:2 8631:4 8759:5 8889:3 9018:2 9146:3 9274:3 9391:2 9403:2 9407:1 9519:2 9532:4 9647:2 9660:5 9776:2 9788:6 9799:1 9905:2 9917:5 9927:2 10020:1 10034:2 10045:6 10055:2 10148:2 10163:4 10174:2 10177:4 10185:5 10276:2 10292:4 10305:5 10311:10 10405:1 10422:4 10434:7 10442:8 10533:1 10550:7 10563:1 10565:5 10571:8 10592:2 10662:1 10678:8 10695:5 10701:7 10720:2 10790:3 10814:6 10825:17 10848:2 10851:2 10919:3 10945:6 10954:16 10976:1 10978:4 11048:3 11075:6 11087:10 11103:2 11108:4 11176:3 11202:2 11206:5 11212:1 11217:6 11231:4 11238:4 11305:3 11327:8 11336:7 11348:4 11361:3 11367:5 11434:2 11450:1 11456:2 11469:2 11479:3 11492:2 11500:4 11563:2 11575:10 11608:2 11629:3 11692:1 11703:8 11736:2 11820:2 11831:1 11833:5 11864:2 11948:3 11961:3 11992:2 12000:2 12076:4 12120:2 12123:13 12205:3 12246:2 12249:2 12252:4 12260:8 12374:4 12379:6 12390:3 12394:1 12433:3 12492:4 12501:3 12505:1 12507:7 12519:3 12561:4 12620:4 12628:4 12635:4 12640:2 12643:2 12648:2 12689:4 12747:7 12756:2 12763:5 12769:5 12817:4 12874:7 12895:2 12898:4 13000:9 13027:1 13031:1 13126:8 13159:1 13161:1 13245:1 13253:8 13287:3 13373:2 13380:6 13498:2 13501:2 13626:5,"{""x"":0.13281,""y"":0.14062,""w"":0.74219,""h"":0.69531}"
192,train/shadows/000192.png,128,"A cleaned target silhouette shows the shadow figure from a historical hand-shadow instruction plate. Infer the expert hand-and-arm ink arrangement that produced that shadow. Submit hand_ink_rle as a 128 by 128 binary mask RLE of the hand/arm drawing, hand_bbox_json as normalized x/y/w/h of the ink mask, and confidence in [0,1].",958:3 1089:1 1212:2 1217:1 1340:2 1345:1 1467:3 1595:2 1598:1 1723:1 1726:1 1730:1 1851:1 1857:2 1979:2 1985:2 2107:2 2121:1 2125:2 2235:2 2242:2 2248:2 2252:4 2359:5 2370:5 2383:2 2486:1 2500:2 2513:1 2615:3 2741:2 2757:1 2770:1 2868:1 2886:2 2899:1 2996:1 3010:3 3014:2 3021:2 3124:1 3139:1 3144:3 3148:1 3151:1 3155:2 3252:1 3255:1 3258:1 3266:2 3272:5 3279:1 3283:2 3380:1 3383:1 3386:1 3394:2 3400:3 3411:2 3508:1 3511:1 3523:1 3528:2 3539:2 3633:4 3639:1 3652:1 3656:2 3667:1 3669:1 3755:11 3767:1 3780:1 3784:3 3795:1 3797:1 3878:2 3892:2 3908:1 3913:2 4020:2 4024:1 4041:2 4053:2 4129:3 4148:2 4152:1 4181:2 4252:1 4256:1 4276:2 4279:2 4298:1 4309:2 4381:2 4395:1 4401:5 4427:1 4438:1 4509:1 4523:2 4527:7 4555:1 4566:1 4638:1 4646:4 4660:2 4693:3 4767:7 4776:1 4823:1 4900:2 4905:1 4951:3 5026:1 5034:1 5041:1 5066:1 5069:1 5079:3 5155:1 5162:1 5167:2 5170:1 5194:1 5208:2 5283:1 5286:1 5291:8 5326:1 5336:2 5413:1 5416:1 5451:1 5464:2 5579:1 5592:2 5720:2 5847:3 5977:1 6104:2 6232:1 6359:2 6488:1 6616:1 6744:1 6872:1 7127:1 7256:1 7384:2 7511:4 7641:2 7769:3 7773:1 7896:3 7900:2 8027:4 8127:1 8155:5 8163:2 8256:1 8264:1 8283:7 8291:3 8384:1 8391:1 8401:1 8411:4 8419:3 8513:2 8530:2 8540:2 8546:1 8548:3 8641:1 8659:2 8668:2 8674:1 8676:3 8770:1 8788:1 8795:2 8803:1 8805:3 8899:1 8901:1 8923:2 8931:1 8934:3 9029:2 9045:1 9050:2 9059:1 9063:2 9179:2 9191:4 9303:1 9306:2 9319:6 9431:1 9434:1 9447:2 9452:2 9455:2 9561:2 9574:2 9577:1 9582:1 9585:2 9689:1 9699:1 9702:2 9706:1 9708:1 9710:2 9717:1 9816:2 9827:1 9830:2 9834:1 9836:1 9840:1 9955:1 9958:2 9962:1 9965:1 9969:1 10071:1 10083:1 10093:1 10099:1 10198:1 10200:1 10210:2 10214:2 10222:1 10224:1 10325:1 10327:1 10338:2 10342:1 10350:1 10455:1 10465:3 10470:1 10478:1 10562:1 10582:1 10594:2 10598:1 10689:1 10710:1 10721:3 10726:1 10817:1 10837:1 10850:2 10854:1 10863:1 10944:1 10947:2 10964:1 10979:1 10982:1 11072:1 11074:2 11091:1 11201:1 11203:1 11238:1 11249:1 11327:1 11330:1 11367:1 11377:1 11456:1 11495:1 11584:1 11586:1 11623:1 11634:1 11712:2 11751:1 11762:1 11840:2 11872:1 11968:1 11979:1 12000:1 12096:1 12107:1 12128:1 12223:1 12235:1 12351:1 12363:1 12390:1 12479:1 12491:1 12499:1 12518:1 12608:1 12619:1 12627:1 12646:1 12737:1 12747:1 12751:2 12774:1 12866:1 12875:1 12880:2 12887:1 12902:1 12995:1 13003:1 13008:2 13016:1 13123:1 13131:1 13136:3 13145:2 13155:1 13251:3 13259:1 13263:5 13283:1 13285:1 13380:1 13387:1 13391:7 13414:1 13510:2 13516:1 13520:9 13530:1 13542:1 13637:1 13640:1 13644:1 13649:12 13670:1 13765:5 13772:1 13775:2 13778:8 13790:1 13794:2 13797:1 13893:4 13898:1 13900:1 13903:4 13908:2 13912:2 13921:2 13924:2 14021:3 14026:3 14032:1 14034:1 14037:1 14040:1 14053:1 14151:3 14155:2 14158:1 14166:1 14278:3 14282:3 14286:1 14408:5 14414:1 14538:3 14664:6 14793:3 14797:1,"{""x"":0.21875,""y"":0.05469,""w"":0.70312,""h"":0.85156}"
193,train/shadows/000193.png,128,"A cleaned target silhouette shows the shadow figure from a historical hand-shadow instruction plate. Infer the expert hand-and-arm ink arrangement that produced that shadow. Submit hand_ink_rle as a 128 by 128 binary mask RLE of the hand/arm drawing, hand_bbox_json as normalized x/y/w/h of the ink mask, and confidence in [0,1].",4925:2 4929:3 5050:2 5055:2 5060:2 5174:2 5178:5 5188:7 5198:2 5298:2 5303:2 5321:1 5323:2 5326:1 5329:1 5403:5 5411:1 5417:8 5426:1 5428:2 5454:4 5462:3 5524:3 5541:1 5544:1 5567:5 5573:1 5581:1 5584:2 5595:1 5650:1 5694:19 5715:2 5766:1 5768:2 5771:3 5775:2 5821:18 5841:1 5847:1 5899:1 5901:2 5941:2 5947:4 5964:4 5972:1 5974:4 5979:1 6027:1 6029:1 6069:1 6075:2 6096:3 6101:1 6103:2 6106:2 6109:1 6155:1 6157:1 6197:3 6201:3 6234:2 6283:1 6285:1 6326:2 6329:2 6364:1 6454:4 6582:2 6585:1 6703:1 6711:3 6832:1 6840:1 6960:1 6969:1 7088:2 7097:1 7109:1 7111:2 7114:2 7216:4 7225:1 7239:4 7248:1 7345:4 7369:7 7473:4 7499:7 7602:4 7629:5 7731:3 7756:1 7758:4 7859:3 7888:2 7988:2 8017:3 8075:1 8112:1 8116:2 8149:1 8203:1 8244:2 8277:1 8331:1 8369:4 8495:3 8499:1 8622:4 8747:5 8871:1 8874:3 8999:1 9002:2 9011:1 9013:2 9037:1 9127:1 9129:1 9131:11 9256:1 9258:2 9262:4 9293:1 9386:5 9421:1 9423:1 9515:3 9550:2 9625:2 9745:1 9754:3 9758:1 9873:4 9884:1 9886:2 10006:2 10012:1 10015:1 10136:3 10142:1 10268:2 13144:4 13150:1 13265:1 13269:6 13277:1 13384:3 13389:1 13391:2 13394:1 13397:1 13399:2 13402:2 13405:3 13510:1 13512:1 13514:1 13517:1 13519:2 13522:1 13524:3,"{""x"":0.04688,""y"":0.29688,""w"":0.70312,""h"":0.53125}"
195,train/shadows/000195.png,128,"A cleaned target silhouette shows the shadow figure from a historical hand-shadow instruction plate. Infer the expert hand-and-arm ink arrangement that produced that shadow. Submit hand_ink_rle as a 128 by 128 binary mask RLE of the hand/arm drawing, hand_bbox_json as normalized x/y/w/h of the ink mask, and confidence in [0,1].",3115:4 3242:3 3246:1 3369:2 3372:1 3374:2 3498:2 3501:1 3503:1 3625:2 3629:1 3631:1 3753:2 3757:3 3881:2 3887:1 4009:2 4015:1 4272:1 4400:2 4515:2 4528:1 4530:1 4640:3 4657:1 4659:1 4766:2 4769:4 4785:1 4788:1 4890:4 4895:4 4900:1 4914:1 4917:1 5018:3 5042:2 5045:2 5146:1 5148:1 5171:1 5174:1 5276:1 5300:1 5303:3 5404:1 5429:1 5434:1 5532:1 5558:1 5563:1 5659:1 5687:2 5692:1 5787:1 5817:1 5821:1 5914:2 5949:2 6041:1 6078:1 6169:2 6206:1 6297:2 6334:2 6425:1 6463:1 6552:1 6554:1 6591:1 6680:3 6719:1 6809:1 6847:2 6937:2 6944:1 6975:2 7065:1 7072:1 7103:2 7201:1 7233:2 7239:3 7330:1 7360:3 7368:5 7458:1 7489:2 7496:2 7500:2 7586:1 7589:1 7618:2 7622:7 7630:3 7714:2 7717:2 7745:3 7749:1 7751:8 7760:3 7841:4 7846:1 7873:5 7879:1 7881:1 7883:1 7885:4 7891:2 7895:1 7969:5 8001:1 8003:2 8006:3 8010:1 8012:1 8014:1 8016:4 8021:3 8026:2 8097:7 8129:7 8142:1 8144:3 8148:3 8152:2 8156:2 8225:6 8233:1 8259:4 8273:3 8277:8 8286:1 8355:5 8361:2 8386:5 8404:3 8409:1 8412:4 8422:8 8482:1 8484:3 8488:5 8514:5 8541:8 8550:1 8614:9 8643:4 8670:8 8679:1 8730:2 8744:4 8749:5 8772:2 8798:8 8858:1 8875:1 8879:6 8900:2 8926:1 8985:1 9008:7 9028:1 9054:1 9110:4 9135:2 9139:10 9151:1 9153:5 9160:7 9183:1 9237:4 9265:1 9270:14 9285:16 9303:4 9311:2 9364:5 9399:1 9401:10 9412:10 9423:8 9434:7 9489:2 9492:2 9532:7 9541:3 9550:1 9553:5 9563:17 9615:5 9658:9 9683:3 9692:2 9701:1 9743:2 9787:6 9794:1 9813:1 9917:6 9941:1 10045:4 10050:1 10069:1 10173:2 10176:2 10197:3 10301:5 10325:3 10389:2 10431:3 10454:2 10514:1 10516:1 10519:1 10558:4 10581:1 10643:8 10688:2 10708:2 10770:8 10836:1 10898:1 10900:6 10943:1 10964:1 11026:3 11030:2 11071:2 11093:1 11155:1 11158:1 11199:1 11201:1 11221:1 11284:1 11349:1 11433:2 11477:1 11561:1 11564:1 11605:1 11689:1 11692:1 11733:1 11861:1 11956:1 11989:1 12079:1 12081:3 12117:1 12205:4 12327:2 12330:3 12452:6 12516:1 12579:2 12644:1 12706:1 12772:1 12825:1 12832:2 12900:1 12952:2 12955:5 13029:1 13073:1 13080:3 13203:4 13675:1 13802:1 13929:2 14057:1 14185:1 14314:5 14446:1,"{""x"":0.11719,""y"":0.1875,""w"":0.75,""h"":0.69531}"
196,train/shadows/000196.png,128,"A cleaned target silhouette shows the shadow figure from a historical hand-shadow instruction plate. Infer the expert hand-and-arm ink arrangement that produced that shadow. Submit hand_ink_rle as a 128 by 128 binary mask RLE of the hand/arm drawing, hand_bbox_json as normalized x/y/w/h of the ink mask, and confidence in [0,1].",2901:4 3027:2 3032:3 3038:2 3153:3 3165:1 3278:2 3404:1 3531:1 3657:2 3669:3 3676:4 3781:3 3809:2 3907:2 3922:2 4047:3 4172:2 4290:1 4298:2 4417:1 4423:4 4545:1 4550:1 4672:1 4677:1 4798:2 4805:1 4926:1 4944:2 5053:1 5067:1 5180:1 5195:1 5308:1 5435:1 5562:1 5719:1 5817:1 5841:4 5850:4 5944:1 5966:1 6071:1 6093:1 6199:1 6325:2 6380:1 6452:1 6508:1 6581:1 6637:1 6707:1 6767:2 6834:1 6896:1 7019:1 7025:1 7071:8 7080:3 7089:1 7199:1 7202:1 7206:3 7211:1 7215:1 7327:1 7334:2 7339:4 7455:1 7467:3 7583:1 7596:3 7711:1 7725:3 7830:1 7832:8 7853:3 7958:2 7961:1 7964:2 7968:2 7982:3 8084:2 8087:7 8095:3 8110:3 8210:2 8222:1 8225:1 8238:3 8336:2 8343:8 8352:2 8367:2 8461:2 8470:2 8475:1 8481:1 8495:4 8520:1 8589:2 8592:7 8601:2 8610:1 8624:3 8646:3 8716:2 8728:1 8738:1 8752:4 8773:3 8842:3 8855:1 8866:1 8881:4 8897:1 8899:4 8995:1 9010:3 9021:3 9025:4 9120:1 9124:1 9138:4 9149:8 9195:1 9238:1 9248:1 9252:1 9268:3 9277:7 9318:1 9322:2 9365:1 9377:1 9396:3 9404:5 9442:1 9445:2 9448:3 9492:1 9503:1 9506:1 9509:1 9525:3 9529:1 9531:5 9560:1 9565:1 9567:1 9569:9 9619:1 9631:1 9634:1 9637:1 9653:2 9656:7 9686:11 9746:1 9763:1 9765:1 9781:3 9785:6 9810:15 9826:2 9873:1 9886:1 9892:1 9909:10 9939:12 9955:1 9962:1 10000:1 10014:1 10020:2 10038:9 10069:7 10077:2 10083:1 10127:1 10142:1 10150:2 10166:9 10195:7 10206:2 10209:9 10254:2 10270:2 10279:2 10295:9 10319:9 10335:6 10398:1 10408:1 10424:5 10430:2 10446:8 10464:2 10526:2 10551:6 10572:6 10594:1 10654:2 10680:5 10700:3 10781:3 10808:2 10812:1 10909:3 10936:2 10940:1 11038:1 11046:1 11164:2 11291:1 11420:1 11547:1 11675:1 12837:3 12966:1 13093:1,"{""x"":0.07812,""y"":0.17188,""w"":0.8125,""h"":0.63281}"
197,train/shadows/000197.png,128,"A cleaned target silhouette shows the shadow figure from a historical hand-shadow instruction plate. Infer the expert hand-and-arm ink arrangement that produced that shadow. Submit hand_ink_rle as a 128 by 128 binary mask RLE of the hand/arm drawing, hand_bbox_json as normalized x/y/w/h of the ink mask, and confidence in [0,1].",2232:5 2365:11 2381:1 2503:1 2510:1 2633:1 2638:2 2735:2 2738:10 2757:2 2762:1 2861:16 2887:1 2891:1 2896:1 2991:2 2998:9 3017:1 3025:1 3121:1 3128:1 3130:8 3146:1 3260:6 3410:1 4435:1 4692:2 4821:2 4950:1 5689:2 8170:1 10315:1 10442:1 12649:1 12776:1 12903:1 13404:1 13532:1 13660:2 13787:5 13915:5 14043:5 14172:3 14300:1 14302:1 14429:2 14557:2 14684:2 14812:2,"{""x"":0.35156,""y"":0.13281,""w"":0.48438,""h"":0.77344}"
198,train/shadows/000198.png,128,"A cleaned target silhouette shows the shadow figure from a historical hand-shadow instruction plate. Infer the expert hand-and-arm ink arrangement that produced that shadow. Submit hand_ink_rle as a 128 by 128 binary mask RLE of the hand/arm drawing, hand_bbox_json as normalized x/y/w/h of the ink mask, and confidence in [0,1].",2489:1 2617:1 2744:1 3141:3 3267:3 3378:1 3505:2 3632:1 3812:1 3887:1 3927:2 3931:3 3937:3 3942:1 4015:1 4055:2 4059:4 4069:2 4183:1 4196:1 4310:1 4408:3 4536:3 4668:2 4790:6 4916:2 5045:4 5059:4 5172:2 5187:1 5313:6 5570:2 6826:1 6953:2 7082:2 7210:2 7337:3 7464:4 7575:1 7592:4 7598:1 7601:1 7703:2 7726:1 7729:1 7832:1 7958:4 7981:1 7984:2 8085:2 8089:1 8113:2 8212:2 8240:2 8338:3 8368:1 8466:2 8496:1 8593:3 8624:1 8721:1 8750:2 8848:2 8878:2 8975:2 9006:1 9102:2 9133:2 9230:1 9261:1 9388:2 9517:1 9525:2 9644:2 9652:2 9772:1 9780:2 9899:2 9907:2 10026:2 10154:1 10281:2 10409:2,"{""x"":0.10938,""y"":0.14844,""w"":0.69531,""h"":0.49219}"
199,train/shadows/000199.png,128,"A cleaned target silhouette shows the shadow figure from a historical hand-shadow instruction plate. Infer the expert hand-and-arm ink arrangement that produced that shadow. Submit hand_ink_rle as a 128 by 128 binary mask RLE of the hand/arm drawing, hand_bbox_json as normalized x/y/w/h of the ink mask, and confidence in [0,1].",2831:2 2958:4 3086:1 3088:2 3216:3 3343:2 3360:2 3488:2 3616:3 3744:4 3872:1 3874:2 4003:2 4131:2 4253:2 4259:2 4381:2 4387:2 4509:2 4515:2 4637:2 4643:2 4765:2 4770:3 4891:4 5019:3 5147:3 5275:2 5403:2 5530:2 5657:3 5784:4 5911:3 6038:3 6166:1 6293:2 6420:2 6547:3 6675:2 6682:1 6802:3 6809:2 6930:2 6935:5 7063:1 7065:1 7067:1 7193:1 7195:2 7323:2 7450:4 7493:2 7579:3 7621:2 7707:3 7749:2 7837:1 7875:4 7965:1 8003:4 8131:2 8259:2 8387:2 8513:4 8641:3 8768:4 8896:3 9024:2 9152:3 9280:2 9292:2 9405:1 9408:2 9420:2 9533:4 9547:3 9660:5 9674:3 9688:1 9787:6 9801:1 9815:2 9909:1 9914:5 9928:2 9943:2 10036:2 10042:5 10055:2 10070:3 10160:5 10169:3 10173:1 10182:3 10198:2 10287:5 10296:4 10308:3 10326:2 10412:10 10423:4 10435:4 10453:2 10540:7 10548:6 10560:7 10580:2 10667:7 10675:5 10681:1 10684:4 10708:1 10794:4 10799:3 10803:2 10810:5 10836:1 10921:12 10938:3 10963:2 11036:2 11044:16 11063:3 11091:2 11164:3 11172:11 11189:7 11218:2 11290:1 11292:3 11301:8 11313:1 11315:5 11324:2 11331:1 11345:3 11416:4 11421:2 11431:6 11439:2 11452:9 11472:3 11542:4 11549:2 11556:3 11581:9 11600:2 11667:4 11674:3 11678:1 11684:3 11711:8 11727:3 11794:3 11801:2 11812:2 11839:8 11854:3 11920:3 11928:2 11940:2 11982:2 12010:3 12047:3 12068:2 12138:3 12175:2 12191:4 12197:1 12266:3 12316:7 12325:1 12327:2 12438:13 12453:4 12565:9 12575:5 12581:4 12591:5 12692:8 12703:8 12712:3 12720:4 12823:4 12831:1 12833:5 12840:4 12847:7 12950:3 12958:3 12975:9 13083:5 13104:9 13211:3 13215:1 13234:8 13250:1 13339:3 13363:8 13376:3 13380:2 13464:1 13468:1 13504:6 13590:1 13592:2,"{""x"":0.10938,""y"":0.17188,""w"":0.74219,""h"":0.66406}"
200,train/shadows/000200.png,128,"A cleaned target silhouette shows the shadow figure from a historical hand-shadow instruction plate. Infer the expert hand-and-arm ink arrangement that produced that shadow. Submit hand_ink_rle as a 128 by 128 binary mask RLE of the hand/arm drawing, hand_bbox_json as normalized x/y/w/h of the ink mask, and confidence in [0,1].",2848:2 2975:1 2977:1 3105:2 3234:2 3362:2 3491:2 3620:2 3744:1 3749:1 3872:2 3877:3 4001:1 4007:2 4130:1 4136:2 4258:1 4266:2 4387:1 4395:1 4508:1 4513:2 4516:1 4522:2 4629:5 4636:1 4644:1 4651:1 4773:1 4779:2 4883:1 4886:7 4895:4 4901:1 4907:2 5012:13 5026:1 5029:1 5035:2 5141:1 5144:11 5157:1 5163:2 5169:1 5280:2 5291:6 5298:1 5409:2 5420:3 5538:3 5548:3 5664:1 5666:3 5671:1 5677:2 5680:1 5791:2 5794:3 5799:1 5804:5 5918:7 5926:2 5935:2 6044:1 6051:1 6053:3 6062:2 6169:1 6174:1 6180:4 6190:3 6296:1 6302:1 6308:3 6318:3 6423:1 6433:6 6446:3 6554:4 6562:5 6678:1 6683:4 6691:5 6806:1 6810:6 6817:7 6937:7 6947:5 7062:1 7065:6 7075:5 7188:1 7190:9 7202:6 7315:2 7319:8 7330:6 7446:8 7455:1 7458:6 7568:1 7571:1 7574:10 7586:6 7695:1 7702:8 7711:1 7714:5 7822:1 7826:1 7829:2 7832:6 7843:5 7950:1 7958:1 7961:7 7972:4 8082:2 8085:2 8091:3 8100:3 8212:2 8218:4 8228:3 8243:2 8333:1 8338:3 8347:2 8356:3 8367:1 8461:1 8475:1 8484:3 8495:2 8589:1 8603:2 8612:1 8716:1 8731:1 8740:1 8844:2 8859:1 8972:1 8987:1 9100:1 9116:1 9228:1 9244:1 9356:1 9372:1 9500:1 9611:1 9628:1 9739:1 9748:3 9752:6 9865:2 9875:1 9877:9 9993:2 10005:1 10007:7 10121:2 10130:1 10132:1 10134:8 10248:1 10250:1 10260:2 10263:1 10265:6 10377:1 10388:2 10391:1 10393:1 10395:2 10398:1 10505:2 10508:1 10516:1 10519:1 10521:6 10633:2 10637:1 10644:1 10648:6 10761:3 10766:1 10776:5 10888:2 10891:1 10897:1 10905:3 10922:1 11016:1 11022:1 11027:1 11032:3 11050:2 11150:1 11153:2 11156:6 11177:3 11279:1 11281:3 11285:4 11305:3 11408:1 11411:5 11433:2 11538:3 11542:2 11545:1 11561:2 11666:2 11669:2 11687:3 11794:5 11802:1 11815:3 11922:4 11927:1 11931:1 11941:4 12050:5 12060:1 12067:6 12179:4 12189:1 12194:6 12318:1 12322:2 12325:2 12447:1 12449:7 12577:1 12579:5 12585:1 12709:4 12714:1 12840:2 12968:3 13092:7 13220:6 13347:6 13475:6 13602:2 13605:4 13730:3 13734:2 13858:6 13986:1 13988:2 14112:3 14116:2 14239:2 14243:2 14370:3 14494:6 14622:1 14625:2 14749:6 14877:1 14879:3 15004:5 15010:1 15133:3,"{""x"":0.0625,""y"":0.17188,""w"":0.35156,""h"":0.75781}"
201,train/shadows/000201.png,128,"A cleaned target silhouette shows the shadow figure from a historical hand-shadow instruction plate. Infer the expert hand-and-arm ink arrangement that produced that shadow. Submit hand_ink_rle as a 128 by 128 binary mask RLE of the hand/arm drawing, hand_bbox_json as normalized x/y/w/h of the ink mask, and confidence in [0,1].",2370:1 2380:1 2487:16 2509:1 2621:9 2631:2 2636:3 2761:1 2765:1 2884:3 2890:1 2895:1 2995:6 3002:1 3016:1 3024:1 3119:2 3122:12 3145:1 3152:1 3245:4 3253:12 3281:1 3374:3 3384:1 3386:8 3505:1 3516:1 3521:1 4178:1 4307:1 4435:2 4563:2 4822:1 5818:1 5946:1 7787:1 7915:1 10190:1 12266:1 12393:1 12896:1 13024:1 13152:2 13279:5 13407:5 13535:4 13664:3 13792:1 13794:1 13921:2 14049:2 14177:2 14305:2,"{""x"":0.35156,""y"":0.14062,""w"":0.49219,""h"":0.73438}"
204,train/shadows/000204.png,128,"A cleaned target silhouette shows the shadow figure from a historical hand-shadow instruction plate. Infer the expert hand-and-arm ink arrangement that produced that shadow. Submit hand_ink_rle as a 128 by 128 binary mask RLE of the hand/arm drawing, hand_bbox_json as normalized x/y/w/h of the ink mask, and confidence in [0,1].",2249:1 2377:2 2502:1 2505:1 2607:3 2614:1 2629:1 2631:2 2741:1 2754:1 2760:1 2874:1 2880:2 2886:2 3012:3 3139:2 3268:1 3784:1 3788:1 3915:2 4036:1 4042:2 4167:2 4170:1 4294:2 4420:2 5289:3 5416:3 5926:1 6306:1 8741:1 8868:1 11290:1 11418:1 11547:1 11675:1 12317:1 12446:7 12838:1 12844:1 12966:1 12972:1 13106:2 13220:2 13234:1 13237:3 13349:1 13351:1 13360:7 13473:1 13476:4 13483:11 13578:2 13597:18 13616:3 13620:3 13624:2 13707:1 13725:1 13728:14 13743:3 13747:4 13833:1 13855:4 13861:3 13865:4 13870:2 13876:2 13879:1 13960:1 13987:6 13994:1 13998:2 14005:1 14007:1 14118:3 14125:1 14128:1 14130:2 14133:1 14135:1 14214:1 14252:1 14257:3 14261:1 14377:1 14509:4 14627:4 14751:2 14794:2 14800:1 14905:2 14908:1 14920:3 14924:8 15022:6 15031:4 15036:2 15051:2 15054:1 15056:1 15058:2 15151:5 15158:3 15164:1,"{""x"":0.04688,""y"":0.13281,""w"":0.60938,""h"":0.79688}"
206,train/shadows/000206.png,128,"A cleaned target silhouette shows the shadow figure from a historical hand-shadow instruction plate. Infer the expert hand-and-arm ink arrangement that produced that shadow. Submit hand_ink_rle as a 128 by 128 binary mask RLE of the hand/arm drawing, hand_bbox_json as normalized x/y/w/h of the ink mask, and confidence in [0,1].",2242:2 2368:2 2495:2 2500:1 2623:1 2628:1 2752:1 2757:1 2880:1 2882:1 2885:1 3007:2 3010:1 3013:2 3135:2 3141:2 3148:1 3150:2 3263:2 3270:6 3279:1 3281:1 3391:2 3397:1 3399:2 3402:2 3407:4 3518:3 3527:3 3538:2 3643:2 3656:1 3668:1 3770:1 3773:1 3784:1 3796:1 3897:1 3899:1 3913:2 3920:1 3926:1 4038:2 4042:1 4048:2 4053:2 4153:1 4155:1 4167:1 4171:1 4181:1 4281:1 4283:1 4294:2 4299:1 4301:2 4309:1 4311:1 4409:1 4423:1 4427:3 4437:1 4439:1 4537:1 4543:1 4551:1 4555:2 4565:1 4567:1 4664:2 4679:1 4684:2 4693:1 4695:1 4788:6 4796:1 4813:1 4824:1 4912:1 4921:1 4924:1 4941:1 4951:2 5039:1 5049:1 5052:1 5068:1 5070:2 5081:1 5162:4 5177:2 5181:1 5198:2 5209:2 5287:3 5306:1 5310:1 5327:1 5336:3 5413:3 5426:1 5434:2 5466:1 5540:3 5554:1 5557:4 5562:2 5584:1 5594:1 5669:1 5681:4 5686:1 5712:1 5722:2 5797:1 5799:1 5807:2 5837:1 5840:1 5850:1 5929:1 5932:1 5935:1 5978:2 6058:1 6064:1 6071:1 6107:1 6186:1 6195:4 6222:1 6225:1 6235:2 6314:1 6321:6 6364:1 6444:5 6490:3 6618:1 6620:1 6747:2 6876:1 7002:2 7131:1 7259:1 7387:1 7516:1 7644:1 7772:1 7899:2 8026:3 8156:1 8283:3 8411:1 8413:2 8541:1 8543:3 8671:4 8677:3 8799:4 8806:3 8902:1 8910:1 8927:3 8934:4 9037:2 9046:3 9056:2 9061:1 9063:3 9159:2 9175:2 9184:2 9191:1 9193:2 9288:1 9290:1 9305:1 9311:2 9321:3 9417:3 9433:1 9439:2 9446:1 9450:3 9546:3 9574:1 9577:4 9675:2 9690:1 9694:2 9705:2 9708:3 9822:1 9831:1 9834:3 9839:4 9950:1 9959:1 9962:1 9968:1 9972:1 10077:2 10087:1 10090:1 10093:1 10098:1 10205:1 10218:1 10221:1 10223:1 10227:1 10332:2 10342:2 10346:1 10349:1 10356:1 10459:1 10470:2 10480:1 10482:1 10586:1 10588:1 10597:2 10608:1 10715:1 10725:2 10843:1 10853:3 10865:1 10952:1 10970:1 10981:3 10994:1 11110:3 11122:1 11208:1 11226:1 11239:1 11251:1 11338:2 11353:1 11379:1 11463:1 11465:2 11507:1 11591:2 11594:1 11719:1 11721:1 11754:1 11764:1 11882:1 11892:1 11976:1 12003:1 12010:1 12102:1 12131:2 12138:1 12230:2 12240:1 12261:1 12267:1 12358:1 12369:1 12487:1 12497:1 12870:2 12889:1 12906:1 13000:1 13013:2 13016:1 13020:1 13034:1 13129:1 13142:2 13149:1 13162:1 13258:1 13270:2 13279:1 13287:1 13290:1 13387:1 13398:3 13402:1 13408:1 13514:1 13516:1 13526:7 13546:1 13643:3 13655:9 13673:2 13771:2 13774:1 13782:2 13785:9 13799:1 13801:2 13900:2 13903:1 13911:3 13915:1 13917:1 13919:1 13923:1 13926:3 13930:1 14028:6 14037:2 14040:2 14043:1 14048:1 14156:6 14165:2 14168:1 14171:1 14174:1 14177:1 14285:2 14288:2 14415:4 14420:1 14542:5 14548:1 14671:4 14801:4 14930:1 14932:1,"{""x"":0.28125,""y"":0.13281,""w"":0.63281,""h"":0.78125}"
207,train/shadows/000207.png,128,"A cleaned target silhouette shows the shadow figure from a historical hand-shadow instruction plate. Infer the expert hand-and-arm ink arrangement that produced that shadow. Submit hand_ink_rle as a 128 by 128 binary mask RLE of the hand/arm drawing, hand_bbox_json as normalized x/y/w/h of the ink mask, and confidence in [0,1].",3050:1 3052:2 3178:4 3306:2 3418:1 3434:3 3546:1 3563:2 3674:1 3801:2 3928:4 4055:4 4183:2 4311:2 4439:2 4445:1 4567:2 4573:1 4695:2 4701:1 4823:2 4829:2 4951:2 4957:3 5085:3 5214:2 5342:3 5471:2 5599:3 5727:3 5856:3 5986:2 6116:3 6245:2 6374:1 6502:2 6631:2 6759:2 6879:5 6888:2 7007:5 7016:1 7135:2 7138:3 7144:1 7262:3 7266:2 7390:5 7518:1 7520:2 7646:1 7648:2 7734:2 7774:4 7862:2 7902:2 7990:3 8118:3 8246:3 8376:1 8504:1 8632:1 8634:2 8760:4 8888:4 9016:5 9146:3 9275:2 9403:2 9520:2 9532:1 9647:2 9659:1 9663:1 9776:2 9788:4 9905:2 9916:6 10020:1 10034:2 10044:6 10055:1 10147:3 10162:2 10173:5 10183:2 10276:2 10291:2 10301:6 10311:4 10404:3 10420:3 10430:2 10433:4 10440:4 10533:2 10548:4 10561:5 10567:1 10569:4 10662:1 10678:6 10690:2 10693:5 10699:6 10790:2 10806:8 10823:1 10825:9 10919:2 10940:5 10951:3 10955:9 10976:1 11047:3 11070:6 11081:4 11086:7 11104:2 11176:3 11201:6 11210:16 11231:3 11305:3 11330:2 11334:20 11359:3 11434:2 11455:12 11473:6 11486:6 11562:2 11578:1 11584:2 11595:3 11604:3 11615:2 11619:4 11691:2 11705:9 11724:2 11735:3 11743:1 11745:1 11749:4 11820:2 11831:10 11863:3 11873:2 11879:4 11948:3 11959:1 11961:5 11991:3 12002:3 12009:4 12076:4 12089:3 12119:3 12131:3 12139:4 12205:3 12247:2 12305:2 12375:2 12379:6 12432:3 12501:4 12507:7 12560:3 12628:4 12634:3 12639:7 12756:3 12761:4 12769:7 12873:5 12881:5 12888:4 12893:3 12897:8 13000:8 13009:3 13017:7 13029:2 13126:1 13128:7 13148:1 13150:4 13158:1 13253:2 13256:7 13277:2 13280:3 13379:4 13384:5 13408:3 13499:2 13505:6 13514:1 13537:1 13624:2 13627:2 13668:3 13752:5 13796:3,"{""x"":0.125,""y"":0.17969,""w"":0.74219,""h"":0.66406}"
208,train/shadows/000208.png,128,"A cleaned target silhouette shows the shadow figure from a historical hand-shadow instruction plate. Infer the expert hand-and-arm ink arrangement that produced that shadow. Submit hand_ink_rle as a 128 by 128 binary mask RLE of the hand/arm drawing, hand_bbox_json as normalized x/y/w/h of the ink mask, and confidence in [0,1].",3214:2 3341:1 3344:2 3464:3 3469:1 3472:1 3474:1 3591:3 3595:1 3597:1 3603:1 3722:5 3732:2 3847:1 3852:5 3861:3 3981:5 3989:2 3992:2 4110:4 4116:3 4121:3 4233:1 4239:5 4249:5 4367:1 4369:3 4378:2 4381:3 4449:1 4489:4 4495:1 4498:4 4508:1 4510:4 4577:5 4617:1 4621:1 4623:1 4626:7 4636:1 4639:5 4707:10 4745:1 4749:2 4755:7 4764:1 4768:5 4844:2 4873:1 4878:3 4886:1 4888:4 4896:7 4963:1 4973:1 5002:1 5007:3 5014:7 5027:1 5029:4 5083:1 5088:4 5093:4 5099:3 5136:3 5145:5 5157:1 5159:4 5209:1 5211:18 5260:1 5264:3 5273:1 5275:4 5284:2 5289:4 5331:1 5336:21 5389:1 5392:4 5404:5 5419:5 5460:12 5473:3 5478:1 5481:3 5485:1 5517:1 5522:4 5532:7 5547:2 5550:2 5589:7 5598:1 5607:1 5613:5 5646:1 5650:6 5665:3 5679:1 5717:1 5719:4 5726:1 5735:1 5744:1 5746:1 5775:1 5778:6 5792:1 5794:2 5835:1 5846:1 5854:1 5863:2 5868:1 5872:3 5901:3 5905:1 5908:1 5910:5 5922:1 5926:1 5946:1 5963:1 5974:1 5982:17 6001:1 6029:4 6039:5 6050:1 6074:1 6103:2 6106:5 6112:1 6119:1 6126:4 6157:1 6159:4 6167:8 6202:1 6230:6 6257:1 6288:2 6297:7 6330:1 6360:1 6362:1 6375:2 6385:1 6414:1 6417:2 6420:1 6428:4 6457:2 6475:1 6488:1 6497:13 6512:1 6546:2 6558:1 6585:1 6603:2 6606:1 6624:9 6636:1 6638:1 6671:1 6674:3 6713:1 6731:2 6750:9 6764:1 6800:1 6804:4 6823:1 6841:1 6861:2 6875:6 6886:1 6888:1 6929:1 6931:6 6955:1 6989:2 7001:1 7003:3 7008:1 7015:4 7061:5 7068:1 7083:2 7116:3 7131:2 7141:1 7186:1 7190:6 7206:1 7212:1 7245:1 7247:1 7259:1 7265:3 7320:4 7334:1 7340:1 7352:2 7375:1 7378:1 7392:2 7444:1 7451:1 7480:2 7499:1 7501:1 7504:1 7515:1 7517:2 7573:1 7579:2 7608:2 7632:1 7643:2 7702:1 7707:1 7717:1 7736:1 7755:1 7761:1 7771:1 7832:1 7845:1 7899:1 7961:1 7972:1 7991:2 8021:1 8025:2 8090:2 8119:1 8152:2 8219:2 8247:1 8278:1 8280:1 8348:2 8375:1 8405:3 8478:1 8503:1 8533:1 8607:2 8660:2 8736:1 8758:1 8787:3 8865:2 8886:1 8914:3 8926:1 8994:1 9013:1 9024:1 9041:2 9054:2 9123:2 9140:1 9168:3 9183:1 9252:3 9268:1 9296:2 9313:1 9381:2 9395:1 9423:1 9510:1 9523:1 9550:2 9570:1 9677:3 9698:1 9805:1 9826:1 9892:1 10019:1 10147:1 10274:1 10304:1 10965:3 11095:3 11224:2 11348:1 11353:2 11476:1 11604:5 12237:1 12366:1 12492:1 12494:1,"{""x"":0.05469,""y"":0.19531,""w"":0.84375,""h"":0.57031}"
209,train/shadows/000209.png,128,"A cleaned target silhouette shows the shadow figure from a historical hand-shadow instruction plate. Infer the expert hand-and-arm ink arrangement that produced that shadow. Submit hand_ink_rle as a 128 by 128 binary mask RLE of the hand/arm drawing, hand_bbox_json as normalized x/y/w/h of the ink mask, and confidence in [0,1].",2835:2 2963:4 3093:2 3221:3 3239:1 3348:2 3367:2 3495:2 3623:3 3750:5 3879:2 3882:2 4007:2 4010:2 4138:2 4266:2 4388:2 4394:2 4516:2 4522:2 4644:2 4650:2 4772:2 4778:2 4899:3 4905:3 5026:4 5033:3 5154:4 5282:3 5409:3 5537:2 5664:3 5791:4 5917:5 6045:2 6172:2 6298:3 6426:2 6554:1 6681:2 6809:2 6936:3 6944:1 7064:2 7071:2 7192:2 7197:6 7320:1 7325:1 7327:1 7329:2 7455:1 7457:3 7585:3 7712:4 7840:2 7843:1 7968:2 7971:1 8015:2 8096:4 8143:2 8226:2 8271:2 8355:1 8397:4 8525:4 8653:4 8781:2 8909:2 9037:2 9164:3 9290:4 9418:4 9545:3 9674:2 9802:2 9929:3 10057:3 10185:2 10199:2 10310:1 10313:2 10327:2 10438:4 10454:3 10565:5 10581:3 10685:1 10692:6 10708:3 10724:1 10812:2 10820:5 10835:2 10851:3 10939:3 10947:6 10962:3 10979:2 11064:5 11074:7 11088:4 11107:1 11191:5 11200:5 11206:2 11212:5 11234:2 11317:5 11323:9 11340:5 11362:1 11442:7 11450:6 11457:2 11465:8 11489:2 11569:7 11577:2 11580:2 11592:4 11616:3 11680:2 11695:7 11703:2 11706:3 11717:4 11743:3 11808:2 11822:13 11841:7 11870:3 11936:3 11945:17 11966:7 11997:3 12062:1 12064:3 12073:12 12092:6 12125:3 12189:3 12193:3 12202:11 12216:7 12225:3 12252:3 12315:3 12321:3 12332:7 12342:7 12350:9 12380:2 12441:5 12447:4 12459:4 12470:2 12484:2 12491:2 12507:3 12568:4 12574:3 12578:1 12585:3 12613:11 12635:3 12695:4 12702:2 12714:3 12742:11 12763:2 12820:5 12829:2 12842:2 12872:6 12879:2 12890:3 12946:5 12956:2 12970:2 13001:5 13018:2 13074:3 13098:2 13131:1 13145:3 13178:1 13226:2 13305:2 13345:8 13354:2 13432:3 13471:4 13477:4 13482:5 13560:3 13593:7 13605:5 13611:4 13623:3 13688:2 13720:7 13731:7 13739:1 13741:3 13750:4 13849:5 13858:3 13862:4 13869:5 13877:6 13978:2 13983:2 13986:8 13999:3 14004:8 14106:1 14111:5 14117:1 14133:7 14141:2 14238:4 14243:2 14261:1 14263:5 14269:3 14366:4 14393:3 14397:4 14496:1 14522:2 14525:5 14538:1 14619:1 14653:7 14665:2 14669:1 14747:2 14793:2 14796:2 14874:3 14921:4,"{""x"":0.14062,""y"":0.17188,""w"":0.82031,""h"":0.74219}"
211,train/shadows/000211.png,128,"A cleaned target silhouette shows the shadow figure from a historical hand-shadow instruction plate. Infer the expert hand-and-arm ink arrangement that produced that shadow. Submit hand_ink_rle as a 128 by 128 binary mask RLE of the hand/arm drawing, hand_bbox_json as normalized x/y/w/h of the ink mask, and confidence in [0,1].",3402:2 3531:2 3660:1 4300:1 4427:1 4555:3 4685:2 4814:1 4943:1 5071:1 5437:1 5562:3 5566:2 5690:3 5694:2 5823:2 5851:2 5953:1 5980:1 6082:3 6106:1 6108:1 6211:2 6234:3 6340:1 6362:3 6468:1 6490:4 6619:3 6738:3 6746:4 6857:7 6866:4 6874:4 6987:5 6994:2 6998:1 7002:4 7119:4 7126:2 7130:4 7247:3 7254:2 7259:1 7383:3 7388:1 7512:3 7589:2 7640:5 7713:5 7769:2 7841:4 7897:2 7968:1 8284:1 8412:2 8506:2 8630:6 8760:2 10332:2 10461:1 10589:2 10593:1 10596:1 10719:3 10723:1 10849:1 10851:1 10853:1 10977:1 10979:3 11093:1 11107:2 11219:2 11236:1 11347:1 11363:2 11476:3 11492:2 11599:3 11603:3 11620:1 11727:2 11731:2 11748:1 11857:3 12006:1 12134:1 12246:2 12263:1 12373:1 12475:1 12500:2 12594:1 12602:1 12629:1 12719:12 12754:4 12775:1 12844:13 12859:2 12879:11 12903:2 12972:3 12982:9 13001:17 13113:12 13128:12 13143:3 13246:14 13272:2 13380:4 13400:3 13510:1 13529:3 13659:2 13787:2 13916:2 14044:2 14173:2 14301:2 14429:2 14557:2 14686:2 14815:1 14943:2 15072:1,"{""x"":0.25,""y"":0.20312,""w"":0.57031,""h"":0.71875}"
212,train/shadows/000212.png,128,"A cleaned target silhouette shows the shadow figure from a historical hand-shadow instruction plate. Infer the expert hand-and-arm ink arrangement that produced that shadow. Submit hand_ink_rle as a 128 by 128 binary mask RLE of the hand/arm drawing, hand_bbox_json as normalized x/y/w/h of the ink mask, and confidence in [0,1].",4461:1 4587:2 4590:3 4714:1 4718:1 4721:1 4723:3 4840:3 4848:3 4852:3 4904:1 4966:3 4976:4 4982:1 5029:4 5092:2 5099:1 5101:5 5151:8 5217:5 5223:1 5227:5 5278:1 5287:1 5294:1 5344:3 5348:1 5354:5 5364:1 5407:2 5410:1 5413:2 5416:1 5470:4 5480:5 5535:5 5542:8 5596:3 5600:1 5602:1 5605:6 5615:1 5618:3 5662:19 5686:1 5722:4 5727:1 5732:5 5744:2 5786:5 5792:3 5796:1 5798:12 5812:1 5848:7 5859:4 5871:2 5876:1 5923:1 5931:1 5934:6 5974:4 5986:3 5990:1 5996:4 6042:1 6051:1 6059:1 6065:2 6100:3 6112:6 6119:1 6123:5 6170:3 6174:8 6185:1 6193:2 6203:1 6227:3 6237:4 6242:1 6244:1 6249:4 6254:1 6258:1 6298:1 6306:1 6309:4 6314:3 6320:2 6364:4 6375:8 6385:1 6426:1 6444:4 6457:1 6473:1 6490:1 6493:2 6502:5 6511:1 6555:1 6560:3 6574:2 6601:1 6622:1 6627:7 6637:2 6685:12 6703:1 6753:5 6759:1 6764:5 6814:1 6819:7 6841:1 6857:1 6880:6 6892:1 6895:2 6942:1 6946:2 6952:5 6969:2 6985:1 7009:2 7019:2 7022:1 7071:4 7080:1 7082:5 7095:3 7113:2 7137:1 7146:3 7151:1 7204:1 7208:1 7212:2 7224:1 7242:1 7253:1 7271:5 7334:2 7341:1 7352:2 7370:1 7398:5 7405:1 7465:1 7479:1 7498:1 7509:2 7523:1 7525:3 7595:1 7609:1 7626:1 7637:1 7642:1 7651:5 7659:1 7724:2 7734:1 7736:1 7738:1 7754:2 7770:1 7779:3 7786:1 7861:1 7866:2 7883:1 7913:1 7982:1 8011:1 8111:1 8114:1 8139:1 8155:1 8166:1 8240:2 8292:2 8369:1 8419:2 8497:1 8547:1 8618:1 8626:1 8652:1 8673:2 8746:1 8754:2 8780:1 8800:1 8873:1 8883:2 8900:1 8909:1 8927:1 9001:1 9012:3 9053:2 9127:1 9141:2 9166:1 9180:2 9271:1 9307:2 9399:2 9423:1 9434:1 9528:1 9551:1 9639:1 9924:1 9947:1 10052:1 10077:1 10415:1 10542:3 10668:3 10796:1 10926:2 10930:1 11056:2 11185:1 11703:1,"{""x"":0.20312,""y"":0.26562,""w"":0.72656,""h"":0.45312}"
215,train/shadows/000215.png,128,"A cleaned target silhouette shows the shadow figure from a historical hand-shadow instruction plate. Infer the expert hand-and-arm ink arrangement that produced that shadow. Submit hand_ink_rle as a 128 by 128 binary mask RLE of the hand/arm drawing, hand_bbox_json as normalized x/y/w/h of the ink mask, and confidence in [0,1].",2623:1 2751:1 2879:2 3375:1 3399:1 3502:4 3527:2 3530:1 3634:2 3655:1 3658:1 3786:1 3914:2 4043:1 4379:1 4489:1 4507:1 4617:1 4620:1 4628:3 4635:1 4669:4 4745:2 4749:3 4755:4 4763:2 4798:5 4874:1 4893:1 4925:2 5005:1 5053:8 5190:1 5315:4 5557:1 5681:4 5687:2 5814:1 5943:3 6070:1 6995:1 7124:2 7252:2 7380:2 7508:2 7532:1 7636:4 7659:1 7764:4 7787:1 7884:2 7888:1 7914:1 7916:3 8013:1 8016:2 8041:3 8045:2 8140:3 8145:1 8169:2 8174:3 8268:3 8303:3 8397:1 8399:1 8432:4 8525:2 8561:3 8654:1 8691:2 8782:1 8819:3 8910:2 8949:2 9039:1 9077:2 9168:1 9297:2 9425:2 9554:1 9683:2 9811:2 9929:2 9939:2 10058:2 10068:2 10187:2 10197:1 10315:2 10325:2 10454:2 10583:1 10711:2 10839:2,"{""x"":0.07031,""y"":0.15625,""w"":0.85938,""h"":0.50781}"
216,train/shadows/000216.png,128,"A cleaned target silhouette shows the shadow figure from a historical hand-shadow instruction plate. Infer the expert hand-and-arm ink arrangement that produced that shadow. Submit hand_ink_rle as a 128 by 128 binary mask RLE of the hand/arm drawing, hand_bbox_json as normalized x/y/w/h of the ink mask, and confidence in [0,1].",3605:2 3734:4 3866:3 3990:1 3997:1 4118:4 4127:4 4146:1 4247:4 4259:2 4272:1 4275:1 4376:4 4390:1 4399:3 4403:1 4507:3 4517:1 4519:3 4527:4 4533:1 4636:4 4641:1 4652:1 4656:3 4661:1 4754:2 4766:6 4781:2 4784:4 4882:5 4889:3 4896:1 4898:4 4910:7 4918:1 5020:2 5025:1 5027:4 5040:6 5047:1 5150:3 5155:6 5162:1 5169:1 5172:2 5175:2 5280:1 5282:1 5284:9 5303:2 5408:1 5415:7 5433:1 5435:1 5549:2 5554:1 5565:2 5679:3 5684:2 5695:1 5814:1 5824:2 5827:1 5954:1 5956:1 6067:4 6086:1 6213:3 6336:1 6343:2 6465:1 6474:4 6607:1 6612:5 6621:2 6736:1 6740:1 6746:3 6751:1 6881:1 6993:1 7002:1 7010:1 7123:1 7131:5 7250:1 7254:2 7263:2 7266:4 7378:1 7381:4 7392:8 7505:1 7508:4 7521:8 7634:1 7637:2 7647:10 7764:1 7773:2 7776:1 7778:7 7889:1 7891:2 7903:4 7909:1 7911:2 8017:4 8027:1 8030:4 8035:2 8040:2 8145:2 8153:2 8158:5 8166:1 8170:2 8237:1 8272:3 8280:2 8285:6 8292:1 8296:1 8300:4 8364:5 8400:2 8406:3 8413:4 8418:2 8423:1 8425:1 8491:8 8500:1 8528:1 8533:2 8541:4 8546:1 8549:3 8553:1 8616:14 8656:1 8663:1 8669:1 8675:1 8680:1 8683:1 8685:1 8687:1 8741:4 8746:1 8750:9 8784:1 8810:1 8814:1 8867:8 8881:3 8887:2 8890:1 8892:1 8911:1 8941:1 8995:6 9015:1 9017:1 9020:1 9039:1 9120:4 9146:3 9166:1 9247:4 9375:2 11032:1 11153:2 11159:4 11287:3 11337:1 11414:3 11464:1 11541:3 11594:1 11722:1 11849:1 11976:1 11990:1 11992:1 12103:1 12230:1 13006:1 13134:1 13262:1 13768:1,"{""x"":0.13281,""y"":0.21875,""w"":0.74219,""h"":0.625}"
218,train/shadows/000218.png,128,"A cleaned target silhouette shows the shadow figure from a historical hand-shadow instruction plate. Infer the expert hand-and-arm ink arrangement that produced that shadow. Submit hand_ink_rle as a 128 by 128 binary mask RLE of the hand/arm drawing, hand_bbox_json as normalized x/y/w/h of the ink mask, and confidence in [0,1].",1856:3 1967:1 1969:1 1981:3 1985:2 2094:1 2098:1 2109:2 2112:1 2222:1 2226:1 2240:1 2350:2 2364:2 2368:1 2478:1 2483:1 2492:2 2496:1 2606:3 2620:2 2625:1 2734:3 2740:1 2748:1 2862:3 2876:2 2882:1 2989:3 3004:2 3118:3 3132:1 3138:1 3246:2 3249:1 3253:1 3260:2 3374:5 3382:1 3388:2 3395:1 3503:5 3511:1 3516:2 3523:1 3632:4 3640:1 3645:2 3652:1 3761:3 3769:1 3773:2 3890:2 3901:3 3909:1 4018:3 4027:1 4030:2 4038:1 4138:2 4146:3 4156:1 4158:2 4167:1 4268:6 4275:3 4286:2 4294:3 4402:1 4404:4 4413:4 4424:1 4532:7 4543:2 4554:1 4671:2 4683:2 4797:3 4813:2 4906:1 4909:1 5036:5 5066:1 5072:3 5163:8 5195:1 5201:1 5204:2 5289:11 5301:1 5417:17 5455:1 5463:2 5544:15 5593:2 5671:2 5675:1 5680:7 5721:1 5723:2 5806:5 5812:1 5854:2 5933:3 5983:1 6057:2 6060:2 6113:2 6136:2 6185:4 6243:1 6263:1 6372:1 6390:1 6499:1 6502:1 6517:1 6522:1 6631:1 6636:5 6642:3 6760:5 6769:3 6812:2 6889:3 6897:1 6939:1 7016:1 7018:2 7034:1 7098:1 7147:1 7153:2 7162:1 7225:3 7275:1 7290:1 7352:3 7403:1 7418:1 7477:1 7479:3 7531:2 7545:1 7600:9 7659:2 7673:2 7726:9 7787:2 7803:2 7853:9 7915:2 7928:2 7980:4 8042:1 8058:1 8105:5 8182:1 8231:2 8234:2 8237:1 8298:1 8310:1 8357:2 8426:1 8483:2 8554:1 8565:2 8609:1 8682:1 8693:2 8696:1 8773:1 8809:2 8821:1 8823:1 8899:2 8937:1 8948:1 9028:2 9064:2 9076:3 9191:2 9204:1 9319:2 9331:2 9446:2 9458:3 9574:2 9587:2 9715:1 9717:1 9842:1 9844:1 9969:4 10097:3 10225:3 10229:1 10351:2 10354:1 10478:3 10483:1 10606:3 10610:2 10734:6 10861:3 10865:1 10989:4 10994:1 11117:3 11121:1 11244:2 11249:1 11372:3 11376:1 11498:6 11622:1 11626:2 11629:2 11751:1 11754:2 11757:1 11879:1 11881:4 11886:1 12009:3 12013:3 12137:1 12140:3 12269:2 12397:2 12527:1 12654:1 12912:1 13040:1 13169:1 13298:1 14190:1 14192:1 14319:1 14321:1 14443:3 14448:1 14450:1 14571:3 14577:1 14699:3 14705:1 14828:1 14833:1 14957:1 14962:1 15085:1 15213:1 15341:1,"{""x"":0.21094,""y"":0.10938,""w"":0.76562,""h"":0.82812}"
221,train/shadows/000221.png,128,"A cleaned target silhouette shows the shadow figure from a historical hand-shadow instruction plate. Infer the expert hand-and-arm ink arrangement that produced that shadow. Submit hand_ink_rle as a 128 by 128 binary mask RLE of the hand/arm drawing, hand_bbox_json as normalized x/y/w/h of the ink mask, and confidence in [0,1].",908:2 924:1 927:1 1035:7 1053:2 1056:1 1164:2 1173:3 1179:4 1185:1 1293:2 1304:1 1306:5 1312:4 1422:2 1433:1 1436:3 1440:1 1551:4 1562:2 1566:4 1680:4 1692:1 1695:2 1811:2 1821:1 1931:2 2058:6 2070:1 2187:7 2320:5 2454:1 3742:1 3869:1 4045:2 4124:1 4127:1 4176:2 4254:1 4378:1 4381:2 4508:1 4619:2 4627:2 4633:1 4746:3 4755:2 4763:2 4873:1 4875:2 4882:2 4887:2 4890:2 5001:6 5009:1 5011:1 5015:1 5018:1 5130:5 5138:1 5142:1 5145:2 5259:4 5264:2 5273:1 5385:6 5393:1 5397:1 5400:2 5406:1 5513:8 5524:1 5528:1 5534:1 5643:4 5656:1 5662:1 5771:3 5782:1 5788:2 5896:6 5910:1 5916:1 6024:1 6027:2 6038:1 6044:1 6117:2 6120:1 6154:1 6166:1 6172:2 6246:3 6282:1 6293:1 6374:1 6409:1 6421:1 6536:1 6549:1 6565:2 6663:1 6677:2 6692:1 6694:1 6758:1 6805:2 6818:2 6821:2 6886:2 6933:2 6945:1 6948:3 7014:1 7057:1 7061:1 7072:1 7076:2 7142:1 7187:2 7190:1 7197:2 7202:4 7315:1 7317:5 7328:5 7438:1 7443:1 7445:4 7456:5 7526:1 7565:1 7571:1 7573:6 7583:1 7585:4 7654:1 7692:1 7699:12 7713:3 7781:1 7820:1 7828:11 7841:3 7946:2 7955:6 7964:1 7969:3 8073:3 8083:1 8087:3 8095:1 8098:1 8164:1 8201:2 8211:1 8215:5 8221:2 8225:2 8292:1 8328:1 8338:1 8343:4 8348:2 8420:1 8456:2 8466:1 8473:5 8481:1 8548:1 8582:4 8593:1 8602:3 8676:1 8710:2 8719:2 8730:2 8799:2 8803:2 8837:3 8846:2 8927:2 8931:2 8965:3 8974:2 9055:2 9059:2 9092:4 9102:1 9183:3 9220:2 9230:1 9312:2 9348:3 9357:1 9476:3 9485:1 9604:3 9732:3 9740:1 9860:3 9866:2 9989:1 9993:1 10119:1 14142:1 14144:3 14155:1 14268:2 14271:1 14273:4 14278:2 14281:3 14285:1 14287:1 14289:3 14404:5 14410:7 14418:2 14422:2 14425:2 14544:4 14550:2 14553:1,"{""x"":0.03125,""y"":0.05469,""w"":0.78906,""h"":0.83594}"
222,train/shadows/000222.png,128,"A cleaned target silhouette shows the shadow figure from a historical hand-shadow instruction plate. Infer the expert hand-and-arm ink arrangement that produced that shadow. Submit hand_ink_rle as a 128 by 128 binary mask RLE of the hand/arm drawing, hand_bbox_json as normalized x/y/w/h of the ink mask, and confidence in [0,1].",2637:1 2739:3 2764:1 2766:1 2873:2 2889:1 2893:1 3014:1 3019:2 3134:1 3140:1 3145:2 3148:1 3271:4 3398:2 3526:1 4046:1 4168:7 4291:1 4293:1 4301:2 4426:4 4551:3 5417:3 5799:1 6561:2 8485:1 8612:1 9255:1 10905:1 11033:1 11161:1 11931:2 12061:1 12063:6 12325:1 12451:1 12458:1 12579:1 12586:1 12708:1 12714:1 12720:1 12808:1 12835:1 12848:1 12853:1 12936:1 12960:4 12965:1 12976:6 13061:2 13087:1 13089:2 13092:1 13098:10 13188:2 13211:22 13234:1 13236:1 13314:1 13339:4 13344:19 13470:5 13476:6 13483:1 13487:3 13602:3 13606:1 13610:2 13617:1 13619:1 13737:2 13740:4 13745:3 13864:1 13869:3 13873:1 13989:1 14111:4 14121:4 14235:2 14634:6 14643:4 14648:2 14661:6 14668:2 14671:1 14763:6 14770:8 14789:2 14792:2 14796:4,"{""x"":0.01562,""y"":0.15625,""w"":0.60938,""h"":0.75}"
225,train/shadows/000225.png,128,"A cleaned target silhouette shows the shadow figure from a historical hand-shadow instruction plate. Infer the expert hand-and-arm ink arrangement that produced that shadow. Submit hand_ink_rle as a 128 by 128 binary mask RLE of the hand/arm drawing, hand_bbox_json as normalized x/y/w/h of the ink mask, and confidence in [0,1].",2123:4 2251:1 2253:1 2255:1 2379:1 2381:3 2507:1 2509:1 2511:1 2635:1 2637:1 2639:2 2763:3 2767:2 2891:1 2896:1 3019:1 3024:2 3146:1 3273:2 3400:3 3413:4 3527:1 3529:1 3541:1 3543:1 3545:2 3654:1 3656:1 3669:1 3671:2 3674:1 3676:3 3782:1 3784:1 3804:3 3909:2 3932:1 3934:1 4036:2 4039:1 4061:1 4163:2 4166:1 4189:1 4290:2 4294:1 4318:1 4417:1 4421:1 4445:2 4544:1 4548:1 4573:3 4671:1 4675:1 4704:1 4799:1 4802:1 4831:2 4926:1 4960:2 5053:2 5088:2 5181:2 5216:2 5308:2 5344:2 5436:1 5472:2 5564:2 5600:1 5692:1 5722:1 5727:2 5820:2 5850:1 5947:2 5977:1 6075:2 6105:1 6203:2 6230:1 6233:1 6323:4 6330:3 6358:1 6361:1 6448:6 6455:1 6458:3 6485:1 6487:3 6575:1 6578:4 6583:1 6586:3 6613:6 6699:3 6703:8 6712:4 6740:7 6825:2 6829:4 6834:1 6836:5 6842:1 6869:6 6950:3 6954:4 6959:1 6961:1 6963:2 6966:6 6994:1 6996:5 7076:2 7079:8 7088:1 7094:6 7123:8 7201:2 7204:6 7211:2 7222:5 7247:7 7328:1 7330:7 7338:1 7351:4 7373:4 7378:1 7391:2 7455:4 7460:1 7479:3 7499:4 7504:2 7521:2 7570:7 7578:7 7608:2 7624:5 7632:1 7649:4 7704:8 7736:1 7748:7 7779:5 7833:2 7836:4 7865:1 7868:1 7874:8 7884:1 7908:5 7993:3 7997:1 8000:8 8038:2 8041:2 8112:9 8122:11 8134:1 8168:5 8224:1 8233:17 8251:8 8260:1 8300:1 8351:2 8355:7 8363:9 8373:1 8379:6 8387:1 8477:7 8489:1 8491:2 8507:5 8513:3 8598:7 8609:3 8617:3 8636:5 8642:1 8737:1 8745:2 8765:4 8873:2 8893:3 8934:2 9000:3 9021:4 9059:4 9064:1 9128:3 9148:4 9186:7 9255:4 9276:1 9278:2 9314:6 9321:1 9386:1 9404:1 9406:1 9442:1 9444:2 9447:3 9514:1 9533:2 9573:2 9576:1 9642:1 9661:2 9704:1 9770:1 9789:1 9791:1 9898:1 9919:1 9940:1 10026:1 10068:1 10154:1 10193:2 10196:1 10282:1 10410:1 10538:1 10569:2 10666:1 10699:5 10794:1 10832:4 10837:3 10841:1 10922:1 10964:3 10968:2 11098:2 11107:1 11228:1 11292:1 11357:8 11371:1 11420:1 11488:2 11493:6 11548:1 11676:1 11804:1 12567:1 12695:1 12824:1 12952:1 13079:2 13204:4,"{""x"":0.14062,""y"":0.125,""w"":0.71094,""h"":0.6875}"
227,train/shadows/000227.png,128,"A cleaned target silhouette shows the shadow figure from a historical hand-shadow instruction plate. Infer the expert hand-and-arm ink arrangement that produced that shadow. Submit hand_ink_rle as a 128 by 128 binary mask RLE of the hand/arm drawing, hand_bbox_json as normalized x/y/w/h of the ink mask, and confidence in [0,1].",2831:2 2958:4 3086:4 3214:4 3341:4 3470:3 3570:2 3597:4 3697:5 3724:4 3825:5 3852:4 3951:4 3980:2 3983:1 4078:5 4107:3 4205:6 4234:3 4282:2 4333:3 4337:2 4361:3 4409:3 4461:1 4466:1 4489:2 4537:3 4617:2 4666:1 4915:3 5042:3 5167:2 5170:4 5294:4 5299:2 5420:6 5547:4 5674:4 5800:3 5928:3 6056:3 6184:2 6311:2 9790:2 9918:5 10047:5 10176:11 10281:4 10298:21 10400:20 10425:22 10525:53 10650:59 10778:40 10824:1 10829:9 10905:16 10925:12 10960:7 11033:7 11060:4 11090:8 11221:7 11351:6 11480:6 11487:2 11610:7 11739:5 11753:1 11868:6 11878:4 11996:8 12005:5 12126:7 12134:3 12255:6 12386:6 12515:5 12643:6 12771:8 12785:3 12901:7 12912:4 13029:8 13040:4 13158:15 13290:11 13419:9 13549:6 13679:1,"{""x"":0.07031,""y"":0.17188,""w"":0.85156,""h"":0.66406}"
228,train/shadows/000228.png,128,"A cleaned target silhouette shows the shadow figure from a historical hand-shadow instruction plate. Infer the expert hand-and-arm ink arrangement that produced that shadow. Submit hand_ink_rle as a 128 by 128 binary mask RLE of the hand/arm drawing, hand_bbox_json as normalized x/y/w/h of the ink mask, and confidence in [0,1].",2914:1 3041:3 3169:3 3298:4 3426:3 3554:4 3683:4 3811:1 3813:2 3941:4 4071:3 4200:3 4329:2 4457:2 4797:1 4874:2 4925:2 5001:4 5053:2 5129:4 5259:4 5314:3 5387:5 5443:3 5447:2 5515:6 5571:3 5575:4 5643:2 5646:3 5700:2 5703:6 5771:1 5776:1 5836:3 5966:3 6094:3 6223:2 6352:1 9791:2 9917:4 9940:8 10044:4 10064:15 10170:5 10186:24 10296:12 10311:13 10332:5 10421:27 10545:9 10558:12 10670:10 10798:6 10925:4 11052:4 11178:5 11305:5 11432:5 11559:5 11683:2 11686:5 11811:7 11940:5 12066:6 12188:2 12193:7 12316:3 12320:6 12445:2 12448:6 12576:3 12702:4 12830:4 12958:3 13077:1 13084:4 13203:4 13211:5 13331:11 13459:11 13587:10 13716:7 13848:1,"{""x"":0.07031,""y"":0.17188,""w"":0.76562,""h"":0.67969}"
229,train/shadows/000229.png,128,"A cleaned target silhouette shows the shadow figure from a historical hand-shadow instruction plate. Infer the expert hand-and-arm ink arrangement that produced that shadow. Submit hand_ink_rle as a 128 by 128 binary mask RLE of the hand/arm drawing, hand_bbox_json as normalized x/y/w/h of the ink mask, and confidence in [0,1].",1227:1 1354:1 1479:2 1482:1 1592:1 1605:1 1610:1 1731:1 1736:2 1851:1 1857:1 1862:2 1865:1 1988:4 2115:2 2244:1 2891:2 3014:7 3137:1 3139:1 3147:1 3272:3 3397:3 3524:1 4393:2 4520:1 4902:1 5282:1 5793:1 7845:1 7972:1 10143:1 10650:1 10778:1 10906:1 11034:1 11677:2 11804:1 11815:1 12070:1 12197:1 12324:1 12331:1 12452:1 12459:1 12578:2 12593:1 12597:2 12709:2 12724:2 12829:2 12832:5 12838:1 12847:7 12938:2 12957:11 12970:12 12983:1 13065:2 13087:15 13103:3 13107:3 13111:2 13192:1 13212:1 13215:4 13221:5 13227:2 13230:7 13238:1 13319:1 13346:5 13352:4 13357:2 13363:2 13366:1 13445:1 13477:3 13481:1 13485:2 13492:3 13612:2 13615:4 13620:1 13739:1 13744:3 13748:1 13864:1 13989:2 13997:1 13999:1 14110:5 14123:1 14390:2 14413:2 14416:2 14509:2 14517:5 14523:2 14535:3 14539:3 14543:4 14638:5 14646:7 14664:2 14667:2 14765:7,"{""x"":0.03906,""y"":0.07031,""w"":0.60938,""h"":0.83594}"
231,train/shadows/000231.png,128,"A cleaned target silhouette shows the shadow figure from a historical hand-shadow instruction plate. Infer the expert hand-and-arm ink arrangement that produced that shadow. Submit hand_ink_rle as a 128 by 128 binary mask RLE of the hand/arm drawing, hand_bbox_json as normalized x/y/w/h of the ink mask, and confidence in [0,1].",1755:2 1883:1 1885:1 2010:2 2137:2 2264:2 2392:2 2519:2 2646:2 2652:1 2774:2 2779:2 2901:1 2907:1 3028:1 3155:2 3162:1 3282:2 3290:1 3297:1 3410:1 3417:1 3419:2 3425:1 3428:5 3538:2 3545:1 3562:1 3666:1 3672:1 3681:9 3794:1 3800:1 3805:12 3921:2 3928:1 3931:1 3933:9 4049:2 4056:1 4059:4 4173:6 4188:2 4299:1 4302:1 4304:3 4315:2 4432:2 4439:1 4442:3 4558:1 4560:3 4567:1 4570:3 4574:1 4687:4 4695:1 4698:3 4702:2 4814:4 4823:2 4826:3 4831:1 4833:2 4942:2 4945:1 4951:3 4955:1 4964:2 5071:2 5079:4 5088:1 5094:1 5199:2 5207:4 5326:3 5336:3 5345:1 5463:7 5473:3 5480:1 5592:6 5601:6 5720:7 5728:6 5847:6 5857:7 5866:1 5977:4 5985:6 5995:2 6104:6 6114:6 6123:1 6125:1 6231:6 6239:1 6241:8 6251:1 6253:1 6359:6 6367:10 6379:1 6381:2 6487:6 6495:1 6497:5 6503:2 6511:1 6616:5 6623:1 6625:5 6631:3 6636:1 6640:1 6743:6 6752:1 6754:2 6757:2 6760:3 6764:1 6872:5 6882:4 6889:2 6892:2 6897:1 7001:3 7011:3 7018:2 7022:1 7129:3 7139:3 7148:1 7154:1 7257:3 7267:2 7282:1 7371:2 7385:3 7396:1 7504:1 7513:3 7523:2 7539:1 7632:1 7643:1 7652:1 7666:2 7780:1 7795:1 7908:1 7924:1 8036:1 8052:1 8164:1 8180:1 8292:1 8420:1 8437:1 8548:1 8554:3 8565:1 8675:9 8685:1 8694:2 8803:7 8811:1 8822:2 8931:8 8940:1 8942:1 8950:2 9059:6 9066:1 9068:2 9078:1 9080:1 9187:6 9194:1 9196:2 9206:1 9208:1 9315:1 9317:6 9325:1 9333:1 9335:2 9443:7 9453:1 9460:1 9463:2 9572:4 9577:1 9582:1 9587:1 9591:2 9701:5 9714:1 9718:1 9720:1 9831:3 9839:3 9846:1 9849:1 9958:8 9971:1 10090:3 10095:2 10099:1 10199:1 10201:1 10217:4 10222:1 10226:1 10326:2 10346:6 10354:1 10454:2 10475:4 10481:1 10582:3 10600:1 10603:5 10609:1 10711:5 10727:1 10731:4 10840:4 10854:1 10859:5 10968:5 10987:6 11097:5 11109:1 11117:1 11121:1 11226:5 11236:1 11354:6 11483:6 11490:1 11610:7 11737:6 11864:5 11993:2 12120:3 12248:7 12377:7 12506:6 12634:6 12763:3 12767:2 12892:2 12895:3 13020:7 13150:4 13278:2 13283:2 13407:3 13535:4 13664:2 13667:3 13794:3 13921:2 13924:4 14051:4 14056:1 14181:3,"{""x"":0.58594,""y"":0.10156,""w"":0.36719,""h"":0.76562}"
232,train/shadows/000232.png,128,"A cleaned target silhouette shows the shadow figure from a historical hand-shadow instruction plate. Infer the expert hand-and-arm ink arrangement that produced that shadow. Submit hand_ink_rle as a 128 by 128 binary mask RLE of the hand/arm drawing, hand_bbox_json as normalized x/y/w/h of the ink mask, and confidence in [0,1].",1860:3 1989:1 2117:1 2119:1 2245:1 2247:1 2373:1 2376:1 2388:1 2500:1 2503:2 2515:1 2517:1 2627:1 2632:1 2646:1 2755:1 2760:1 2770:1 2774:1 2888:2 2902:1 3009:1 3015:2 3024:1 3029:2 3137:1 3142:2 3151:2 3155:3 3265:2 3270:2 3278:1 3283:3 3392:1 3398:2 3411:3 3520:1 3525:3 3533:1 3538:3 3647:1 3653:2 3660:1 3666:3 3774:1 3780:3 3793:4 3899:1 3901:1 3908:3 3914:1 3919:5 4025:1 4035:2 4040:1 4047:4 4151:1 4161:3 4165:2 4174:4 4235:1 4274:2 4277:2 4290:2 4301:3 4362:1 4364:1 4399:3 4416:3 4427:5 4493:1 4520:2 4524:2 4538:1 4545:5 4551:1 4553:6 4565:1 4617:1 4622:1 4646:1 4650:1 4662:1 4664:1 4681:1 4687:4 4745:1 4772:2 4775:1 4879:2 4896:4 5006:9 5021:2 5026:1 5134:1 5137:1 5142:2 5147:2 5270:2 5273:3 5325:1 5328:5 5398:1 5401:1 5446:15 5512:1 5526:1 5528:1 5575:14 5639:1 5653:2 5705:12 5769:1 5781:1 5835:11 5896:2 5909:1 5965:3 5971:3 6025:1 6095:2 6102:1 6154:1 6164:1 6224:2 6282:1 6354:2 6410:1 6420:1 6483:2 6538:1 6548:1 6611:1 6664:1 6666:1 6677:1 6792:2 6795:1 6805:1 6923:1 6933:1 7051:1 7061:1 7178:3 7189:2 7235:3 7260:1 7305:3 7317:1 7363:2 7366:1 7390:1 7434:2 7445:1 7493:4 7520:1 7562:2 7573:1 7621:8 7690:3 7702:1 7750:7 7818:3 7830:1 7879:1 7881:5 7947:2 8011:3 8073:1 8075:2 8141:2 8201:5 8246:3 8269:4 8330:1 8332:2 8374:3 8400:2 8458:3 8530:2 8586:1 8588:1 8661:1 8715:3 8844:2 8919:2 8970:1 8972:3 9098:2 9101:2 9227:1 9229:2 9355:1 9358:2 9484:1 9486:2 9610:2 9613:3 9618:2 9739:5 9868:1 9870:2 9874:1 9996:4 10122:1 10124:2 10127:2 10250:3 10378:3 10505:1 10633:1 10760:1 10887:1 11909:1 11911:1 12036:1 12038:1 12165:1 12169:2 12296:4 12420:1 12424:3 12547:1 12553:1 12680:1 12808:1 12935:1,"{""x"":0.02344,""y"":0.10938,""w"":0.73438,""h"":0.6875}"
233,train/shadows/000233.png,128,"A cleaned target silhouette shows the shadow figure from a historical hand-shadow instruction plate. Infer the expert hand-and-arm ink arrangement that produced that shadow. Submit hand_ink_rle as a 128 by 128 binary mask RLE of the hand/arm drawing, hand_bbox_json as normalized x/y/w/h of the ink mask, and confidence in [0,1].",5077:3 5134:1 5206:1 5208:4 5214:3 5264:2 5341:1 5344:1 5388:2 5394:1 5464:1 5471:2 5511:2 5514:4 5523:2 5526:1 5584:1 5590:2 5593:4 5598:1 5640:1 5642:6 5653:1 5655:3 5714:1 5716:14 5768:1 5772:1 5774:3 5779:3 5784:1 5786:3 5832:1 5839:16 5857:4 5897:1 5903:3 5907:1 5914:2 5917:3 5961:1 5965:9 5979:1 5982:1 5988:1 6026:1 6032:4 6043:7 6091:5 6097:3 6107:1 6111:1 6115:1 6155:1 6161:7 6170:3 6175:5 6218:1 6220:1 6222:2 6227:1 6234:11 6284:2 6287:1 6291:3 6295:4 6304:6 6356:1 6358:9 6410:1 6413:3 6421:3 6425:2 6437:3 6441:1 6468:1 6477:1 6484:2 6500:1 6538:1 6542:3 6549:2 6553:3 6562:1 6566:7 6596:1 6606:7 6620:1 6623:4 6666:1 6671:4 6680:3 6684:3 6688:1 6696:1 6699:2 6733:1 6735:3 6743:8 6752:1 6796:1 6800:4 6808:1 6811:1 6814:5 6837:1 6863:1 6871:5 6880:1 6925:1 6929:4 6935:1 6944:1 6948:1 6965:1 6980:1 6997:4 7002:1 7007:1 7055:1 7059:6 7076:1 7093:1 7109:1 7123:4 7131:4 7184:1 7189:5 7200:1 7221:1 7237:1 7250:5 7258:2 7311:1 7313:1 7318:6 7365:2 7377:1 7379:1 7384:2 7438:5 7448:1 7450:4 7476:1 7494:1 7506:2 7510:2 7566:1 7568:4 7579:4 7604:1 7624:1 7695:1 7697:4 7709:1 7733:1 7755:1 7764:2 7826:4 7861:1 7877:1 7881:1 7891:1 7953:1 7955:5 7978:1 8084:7 8092:1 8101:1 8106:1 8116:2 8133:1 8145:2 8210:1 8214:1 8216:5 8229:1 8244:1 8269:2 8272:1 8339:1 8345:4 8372:1 8398:3 8475:2 8500:1 8526:2 8599:1 8604:1 8628:1 8728:1 8781:2 8790:1 8858:2 8867:1 8909:1 8918:2 8987:2 9012:1 9036:2 9046:2 9117:1 9140:1 9163:2 9177:1 9246:1 9290:3 9375:3 9395:1 9506:1 9545:1 9635:1 9650:1 9672:2 9689:1 9764:2 9778:1 9800:1 9893:1 9905:1 10022:1 10173:1 10301:1 10405:2 10532:1 10575:3 10660:1 10704:3 10833:3 10963:3 11087:2 11216:1 11850:1 11978:1,"{""x"":0.05469,""y"":0.30469,""w"":0.73438,""h"":0.42969}"
234,train/shadows/000234.png,128,"A cleaned target silhouette shows the shadow figure from a historical hand-shadow instruction plate. Infer the expert hand-and-arm ink arrangement that produced that shadow. Submit hand_ink_rle as a 128 by 128 binary mask RLE of the hand/arm drawing, hand_bbox_json as normalized x/y/w/h of the ink mask, and confidence in [0,1].",2747:2 2875:1 2877:2 3004:1 3132:1 3135:1 3146:2 3260:1 3262:2 3273:1 3276:1 3387:1 3391:1 3515:1 3519:1 3528:1 3531:1 3642:1 3647:2 3659:2 3775:2 3783:1 3787:2 3903:2 3914:3 4025:1 4030:2 4038:1 4042:3 4158:2 4165:1 4169:4 4286:2 4293:1 4297:4 4409:1 4415:1 4420:1 4424:5 4536:1 4541:3 4547:1 4551:5 4663:1 4669:2 4674:1 4679:4 4790:1 4797:2 4801:1 4807:3 4916:1 4924:2 4928:1 4935:3 5043:1 5052:4 5062:3 5169:2 5179:2 5189:3 5197:3 5295:2 5307:2 5313:6 5320:1 5420:2 5436:3 5544:3 5548:1 5670:2 5682:1 5794:3 5805:1 5839:1 5961:4 5967:1 6023:1 6048:1 6081:14 6150:1 6153:1 6173:2 6210:13 6278:1 6282:2 6299:1 6340:12 6411:3 6426:1 6470:4 6477:4 6540:8 6552:1 6555:1 6600:3 6608:2 6667:1 6675:2 6678:2 6730:3 6799:1 6803:2 6806:1 6860:2 6931:1 6933:1 6990:2 7059:1 7119:1 7187:1 7301:2 7314:1 7442:1 7558:2 7570:1 7698:1 7742:1 7769:1 7816:1 7870:4 7899:1 7944:1 7999:7 8083:1 8128:7 8199:1 8201:1 8211:1 8258:6 8328:2 8339:1 8388:6 8467:1 8518:6 8585:1 8595:1 8649:3 8711:1 8713:2 8723:2 8779:3 8841:2 8852:1 8884:1 8910:2 8969:1 8980:1 9011:3 9041:1 9097:3 9109:1 9139:3 9171:2 9225:1 9227:1 9237:1 9353:1 9480:1 9482:2 9608:2 9611:2 9737:1 9739:2 9865:1 9867:2 9993:2 9996:2 10121:2 10124:2 10250:5 10379:4 10508:4 10636:4 10764:5 10893:4 11021:4 11027:1 11147:1 11149:4 11155:1 11275:1 11278:4 11404:1 11407:1 11409:1 11532:3 11660:2 11788:1 11915:2 12042:2 12171:1 12298:1 13321:1 13323:1 13448:1 13450:1 13577:1 13581:3 13705:1 13710:1 13832:1 13837:2 13959:1 13964:2 14092:1,"{""x"":0.03906,""y"":0.16406,""w"":0.67969,""h"":0.70312}"
235,train/shadows/000235.png,128,"A cleaned target silhouette shows the shadow figure from a historical hand-shadow instruction plate. Infer the expert hand-and-arm ink arrangement that produced that shadow. Submit hand_ink_rle as a 128 by 128 binary mask RLE of the hand/arm drawing, hand_bbox_json as normalized x/y/w/h of the ink mask, and confidence in [0,1].",2722:2 2849:1 2851:1 2979:2 3107:2 3236:2 3365:2 3494:3 3618:1 3623:3 3746:2 3753:1 3875:1 3882:1 4004:1 4010:2 4132:1 4139:2 4249:10 4267:2 4373:4 4381:1 4387:3 4396:1 4503:1 4507:1 4518:1 4524:1 4629:2 4633:5 4639:2 4646:2 4652:2 4757:15 4774:1 4780:2 4888:1 4895:4 4902:1 4908:2 5025:3 5036:6 5154:2 5165:2 5168:1 5171:1 5282:3 5287:1 5292:4 5409:1 5411:3 5416:1 5421:3 5425:1 5536:2 5539:3 5544:1 5549:5 5661:1 5664:6 5671:2 5678:4 5786:2 5796:1 5798:3 5808:2 5913:1 5919:1 5925:4 5935:2 6053:3 6063:2 6171:1 6173:2 6178:2 6181:4 6192:1 6300:3 6306:6 6423:1 6426:5 6434:6 6550:1 6553:7 6561:7 6681:6 6691:5 6804:1 6806:1 6809:6 6819:5 6931:2 6935:8 6946:6 7062:8 7071:1 7074:6 7184:1 7187:1 7190:10 7202:6 7311:1 7318:9 7328:1 7331:6 7439:1 7443:1 7446:8 7455:1 7460:5 7566:1 7571:1 7574:2 7578:4 7587:5 7698:2 7701:2 7706:3 7716:3 7821:1 7825:1 7828:2 7834:3 7844:3 7949:1 7955:1 7963:2 7972:3 8091:2 8100:3 8111:1 8115:2 8204:1 8219:2 8228:1 8239:1 8332:2 8347:1 8460:1 8475:1 8587:1 8603:1 8715:1 8731:2 8859:1 8970:1 8987:1 9098:1 9114:2 9226:1 9242:2 9354:1 9364:10 9481:3 9491:3 9495:7 9609:2 9618:2 9621:9 9736:1 9738:1 9747:2 9750:7 9864:1 9866:2 9875:2 9878:1 9880:6 9992:2 9996:1 10003:1 10006:1 10008:6 10120:2 10125:1 10131:1 10135:6 10248:2 10254:1 10258:1 10263:1 10265:3 10376:1 10378:1 10383:2 10391:3 10503:1 10506:1 10509:1 10513:1 10519:3 10640:1 10643:7 10766:1 10769:1 10772:5 10791:1 10793:2 10894:1 10898:5 10919:3 11024:3 11028:2 11047:3 11152:2 11155:2 11159:1 11175:2 11280:6 11288:1 11301:4 11409:4 11414:1 11417:2 11429:4 11536:4 11547:1 11555:1 11557:3 11665:2 11668:1 11676:1 11684:4 11794:1 11805:1 11809:6 11934:1 11936:3 11940:2 12063:7 12193:5 12199:1 12323:4 12328:1 12454:2 12582:3 12706:7 12833:7 12961:6 13089:5 13216:7 13344:6 13471:6 13600:4 13725:1 13727:3 13853:6 13980:3 13984:2 14107:5 14113:1 14235:6 14362:1 14364:3 14489:5 14618:1,"{""x"":0.05469,""y"":0.16406,""w"":0.35938,""h"":0.73438}"
236,train/shadows/000236.png,128,"A cleaned target silhouette shows the shadow figure from a historical hand-shadow instruction plate. Infer the expert hand-and-arm ink arrangement that produced that shadow. Submit hand_ink_rle as a 128 by 128 binary mask RLE of the hand/arm drawing, hand_bbox_json as normalized x/y/w/h of the ink mask, and confidence in [0,1].",1995:4 2126:1 2250:2 2378:2 2506:1 2508:1 2633:2 2636:1 2639:1 2761:2 2767:1 2889:2 2895:1 3017:2 3023:2 3029:1 3033:1 3142:5 3151:4 3156:2 3160:3 3269:1 3271:1 3281:1 3290:2 3396:1 3398:1 3420:1 3523:1 3525:1 3538:1 3548:1 3651:1 3653:1 3663:2 3666:1 3672:1 3779:1 3781:1 3791:1 3795:1 3799:2 3804:2 3907:1 3909:1 3918:2 3923:1 3925:1 3929:1 3932:2 4033:3 4037:1 4040:1 4047:1 4051:4 4060:2 4155:4 4161:3 4165:1 4176:1 4180:1 4188:2 4279:2 4291:1 4304:1 4308:1 4316:1 4318:1 4400:4 4419:1 4437:1 4446:1 4527:4 4547:1 4550:1 4565:1 4574:1 4656:1 4675:1 4678:1 4693:1 4703:1 4795:2 4799:5 4821:1 4830:2 4914:8 4931:2 4950:1 4959:1 5045:1 5086:2 5172:1 5178:1 5214:2 5300:1 5310:3 5343:2 5429:2 5435:6 5460:1 5471:2 5560:1 5588:1 5591:1 5600:1 5717:1 5728:1 5845:1 5856:1 5984:1 6111:2 6240:1 6368:1 6495:2 6624:1 6752:1 7134:1 7263:1 7391:1 7518:3 7647:2 7775:3 7779:1 7904:4 8011:1 8033:4 8139:1 8145:2 8161:4 8167:3 8268:2 8281:2 8290:3 8296:3 8397:1 8411:1 8418:2 8423:1 8425:2 8526:2 8546:2 8551:1 8553:3 8655:2 8668:1 8673:2 8680:1 8682:2 8784:1 8801:1 8808:1 8811:2 8925:1 8936:1 8939:2 9056:1 9066:4 9184:1 9194:2 9197:3 9311:1 9322:1 9324:1 9326:2 9330:1 9438:2 9447:1 9450:1 9454:1 9456:1 9460:2 9575:1 9578:1 9581:1 9692:1 9694:1 9703:1 9709:1 9711:1 9715:1 9819:1 9831:1 9834:1 9844:1 9932:1 9949:1 9958:2 9962:1 9968:1 9970:1 10059:1 10076:1 10086:2 10090:1 10096:1 10189:1 10214:2 10218:1 10314:1 10316:2 10331:1 10342:2 10346:1 10442:2 10458:1 10471:1 10474:1 10481:1 10570:1 10572:1 10602:1 10699:1 10730:1 10738:1 10866:1 10953:2 11081:2 11209:1 11218:1 11236:1 11241:1 11364:1 11369:1 11464:1 11497:1 11593:1 11609:1 11625:1 11733:2 11737:1 11753:1 11851:1 11862:2 11980:1 11991:1 12108:2 12119:2 12126:1 12238:1 12246:4 12255:1 12262:1 12364:1 12366:1 12374:6 12392:1 12493:3 12502:8 12520:1 12621:3 12629:3 12633:7 12648:1 12750:1 12753:1 12757:3 12761:2 12764:1 12769:1 12773:1 12775:1 12877:5 12886:1 12890:1 12900:4 13007:4 13012:1 13136:3 13140:1 13263:4 13392:3 13523:1,"{""x"":0.36719,""y"":0.11719,""w"":0.55469,""h"":0.71094}"
238,train/shadows/000238.png,128,"A cleaned target silhouette shows the shadow figure from a historical hand-shadow instruction plate. Infer the expert hand-and-arm ink arrangement that produced that shadow. Submit hand_ink_rle as a 128 by 128 binary mask RLE of the hand/arm drawing, hand_bbox_json as normalized x/y/w/h of the ink mask, and confidence in [0,1].",1315:1 1317:1 1443:1 1445:1 1573:2 1701:2 1830:2 1958:2 2083:1 2087:2 2211:1 2216:2 2345:2 2469:1 2475:1 2598:1 2604:1 2726:1 2732:2 2839:14 2861:2 2967:5 2975:1 2981:3 2990:1 3094:2 3112:1 3118:1 3223:10 3246:2 3352:14 3368:1 3374:2 3487:4 3492:2 3496:1 3502:2 3619:3 3630:2 3747:2 3759:1 3876:2 3886:7 4004:3 4014:3 4021:1 4130:1 4132:3 4137:1 4142:3 4256:3 4260:3 4265:1 4271:2 4274:1 4382:1 4385:6 4392:2 4398:5 4507:1 4512:1 4517:1 4519:3 4529:2 4634:1 4640:1 4646:4 4656:2 4761:1 4774:3 4784:3 4892:1 4894:2 4899:2 4902:3 4912:2 5016:1 5021:3 5027:7 5041:1 5143:1 5147:5 5155:6 5275:6 5282:7 5398:1 5401:7 5412:5 5524:2 5529:8 5540:5 5651:1 5653:1 5656:8 5667:6 5778:1 5780:1 5783:8 5792:1 5795:6 5908:1 5911:8 5920:1 5923:6 6038:11 6052:5 6163:1 6166:8 6176:1 6179:6 6291:1 6293:3 6297:2 6300:2 6303:1 6307:6 6414:1 6418:2 6421:2 6426:4 6435:5 6546:4 6554:4 6564:3 6669:1 6673:1 6682:3 6692:3 6797:1 6811:2 6820:3 6939:2 6948:3 7052:1 7067:2 7076:1 7087:1 7091:2 7180:2 7195:1 7204:1 7215:1 7308:1 7323:1 7435:1 7451:1 7563:1 7579:2 7707:1 7835:1 7946:1 7963:1 8074:1 8083:3 8089:3 8200:3 8210:1 8212:9 8328:2 8340:1 8342:7 8456:2 8467:1 8469:8 8583:1 8585:1 8593:3 8597:1 8599:6 8711:1 8722:2 8725:1 8727:6 8839:2 8842:1 8850:1 8853:6 8860:1 8967:2 8971:1 8978:1 8983:6 9095:3 9100:1 9110:6 9222:2 9225:1 9238:5 9350:1 9353:1 9358:2 9366:3 9484:1 9488:1 9490:7 9615:1 9619:3 9741:1 9744:1 9747:4 9766:1 9768:1 9869:1 9873:1 9875:3 9896:2 9997:1 9999:5 10023:2 10128:4 10134:1 10150:3 10255:5 10263:1 10275:5 10384:4 10392:1 10403:4 10510:5 10529:5 10637:1 10639:3 10649:1 10657:5 10769:1 10778:1 10784:5 10911:6 11037:1 11039:5 11166:7 11296:6 11426:5 11556:2 11684:3 11808:7 11935:7 12063:6 12191:6 12318:2 12321:3 12445:3 12449:2 12572:7 12701:4 12826:2 12831:2 12957:3 13084:4 13209:3 13213:2 13338:3 13463:7 13590:1 13592:4 13719:3,"{""x"":0.04688,""y"":0.07812,""w"":0.375,""h"":0.76562}"
239,train/shadows/000239.png,128,"A cleaned target silhouette shows the shadow figure from a historical hand-shadow instruction plate. Infer the expert hand-and-arm ink arrangement that produced that shadow. Submit hand_ink_rle as a 128 by 128 binary mask RLE of the hand/arm drawing, hand_bbox_json as normalized x/y/w/h of the ink mask, and confidence in [0,1].",2278:1 2404:4 2531:3 2535:1 2657:3 2662:1 2783:2 2789:2 2909:2 2915:3 3034:3 3042:4 3161:2 3169:3 3273:2 3287:2 3297:2 3400:1 3402:2 3412:1 3414:1 3422:3 3527:1 3531:2 3538:2 3548:4 3561:3 3655:1 3658:3 3665:2 3675:4 3686:4 3691:1 3783:1 3785:4 3791:2 3800:1 3802:3 3810:3 3913:4 3918:1 3927:5 3936:2 4038:1 4041:5 4054:4 4059:4 4165:1 4167:5 4179:5 4185:3 4293:1 4295:4 4307:6 4314:1 4420:1 4422:4 4432:6 4547:2 4559:4 4674:2 4686:2 4801:1 4810:5 4927:2 4937:5 5054:1 5063:2 5179:2 5305:2 5320:2 5432:1 5447:1 5449:2 5559:2 5685:1 5812:1 5819:2 5938:2 5947:1 5962:1 6065:1 6191:1 6317:1 6435:5 6444:1 6557:2 6560:2 6568:1 6684:1 6696:1 6699:1 6810:1 6817:2 6825:1 6937:1 6943:3 6954:1 7065:1 7068:3 7078:1 7082:1 7191:6 7203:5 7211:1 7318:7 7334:3 7339:1 7445:8 7463:3 7572:9 7592:3 7632:4 7700:8 7709:2 7720:3 7724:1 7757:11 7827:11 7839:2 7849:4 7883:1 7885:7 7893:5 7955:4 7961:6 7970:1 7979:3 8010:19 8083:2 8086:1 8088:1 8090:1 8092:3 8099:2 8108:2 8137:8 8151:9 8210:2 8215:1 8217:1 8219:1 8221:2 8228:3 8236:2 8265:5 8283:3 8287:4 8337:1 8344:1 8346:2 8349:3 8357:3 8365:2 8389:5 8413:6 8461:3 8468:1 8471:1 8474:1 8477:4 8487:3 8494:1 8515:4 8587:2 8595:3 8600:2 8603:2 8606:3 8615:1 8623:1 8643:3 8724:1 8726:2 8730:1 8751:1 8771:1 8848:1 8850:1 8853:1 8880:1 8974:1 8976:1 8979:1 9008:1 9101:1 9103:1 9968:1 10097:1 10217:5 10226:1 10346:4 10475:3 10604:2 10733:2 11192:1 11320:1 11575:1 11704:1 11833:1 11947:1 11962:2 12073:1 12092:1 12852:1 13237:1 13627:1 13755:1,"{""x"":0.08594,""y"":0.13281,""w"":0.8125,""h"":0.71094}"
240,train/shadows/000240.png,128,"A cleaned target silhouette shows the shadow figure from a historical hand-shadow instruction plate. Infer the expert hand-and-arm ink arrangement that produced that shadow. Submit hand_ink_rle as a 128 by 128 binary mask RLE of the hand/arm drawing, hand_bbox_json as normalized x/y/w/h of the ink mask, and confidence in [0,1].",2793:2 2920:4 3048:4 3176:4 3306:4 3434:4 3562:3 3690:5 3819:4 3947:1 3949:3 4077:4 4207:3 4336:2 4464:2 4486:3 4613:5 4670:3 4741:5 4798:4 4871:5 4926:4 4999:6 5056:1 5127:7 5189:3 5255:3 5259:3 5318:3 5383:2 5389:1 5446:3 5450:2 5575:2 5578:4 5706:6 5837:3 5965:5 6094:1 6096:4 6225:4 6355:3 6484:1 10174:4 10301:5 10428:4 10556:4 10578:14 10680:7 10704:19 10805:17 10828:25 10929:54 11057:33 11104:7 11181:11 11198:18 11307:8 11336:4 11434:7 11561:7 11687:6 11814:6 11941:5 12068:5 12192:2 12195:5 12320:7 12449:5 12567:3 12575:6 12695:4 12701:8 12823:3 12827:8 12955:7 13083:7 13209:6 13337:5 13464:6 13590:5 13709:3 13717:6 13837:4 13844:6 13965:4 13970:7 14093:11 14222:10 14351:7 14480:2 14483:1,"{""x"":0.03906,""y"":0.16406,""w"":0.85156,""h"":0.72656}"
241,train/shadows/000241.png,128,"A cleaned target silhouette shows the shadow figure from a historical hand-shadow instruction plate. Infer the expert hand-and-arm ink arrangement that produced that shadow. Submit hand_ink_rle as a 128 by 128 binary mask RLE of the hand/arm drawing, hand_bbox_json as normalized x/y/w/h of the ink mask, and confidence in [0,1].",3355:2 3483:4 3611:1 3613:3 3739:2 3745:1 3868:2 3874:2 3997:3 4004:3 4126:3 4135:1 4255:3 4264:1 4375:2 4385:3 4393:2 4404:2 4503:4 4514:4 4524:1 4531:2 4534:1 4637:3 4644:3 4653:1 4659:3 4663:1 4768:2 4773:2 4776:1 4783:1 4787:3 4791:1 4899:3 4903:3 4912:2 4915:3 5027:7 5041:4 5047:1 5160:3 5170:5 5176:1 5289:5 5299:4 5304:1 5418:5 5430:4 5549:2 5561:2 5679:3 5691:1 5809:4 5821:1 5941:2 5950:1 6080:2 6197:1 6209:2 6339:2 6467:1 6469:1 6592:1 6597:1 6599:1 6721:1 6727:2 6857:2 6987:2 7117:1 7246:1 7250:5 7375:1 7377:1 7504:2 7516:1 7632:1 7639:2 7645:1 7760:1 7774:1 7887:1 7890:5 7897:3 7903:1 8015:1 8018:4 8029:4 8108:1 8145:3 8155:3 8159:3 8235:4 8272:3 8285:7 8357:13 8398:3 8413:7 8483:7 8491:9 8526:3 8536:3 8540:1 8542:7 8607:7 8615:3 8621:8 8653:3 8662:1 8667:3 8672:5 8734:5 8751:6 8781:2 8789:2 8795:3 8800:1 8802:3 8862:2 8884:5 8909:1 8915:2 8922:6 8929:1 8932:1 9014:5 9036:1 9041:4 9049:6 9056:1 9058:1 9062:1 9144:3 9164:1 9177:4 9182:2 9185:1 9187:1 9191:2 9273:1 9291:1 9305:3 9309:1 9311:1 9314:3 9322:2 9438:1 9441:1 9572:2 9575:1 9577:1 9702:1 9705:2 9831:1 10130:1 10256:2 10262:1 10384:1 10388:1 10390:3 10517:3 10644:3 10771:3 10900:1 11458:1 11586:1 11843:1 12096:2 12223:1 12870:1 13253:1 13632:1 13760:1,"{""x"":0.125,""y"":0.20312,""w"":0.71875,""h"":0.64062}"
243,train/shadows/000243.png,128,"A cleaned target silhouette shows the shadow figure from a historical hand-shadow instruction plate. Infer the expert hand-and-arm ink arrangement that produced that shadow. Submit hand_ink_rle as a 128 by 128 binary mask RLE of the hand/arm drawing, hand_bbox_json as normalized x/y/w/h of the ink mask, and confidence in [0,1].",4655:1 4665:2 4668:2 4671:1 4673:1 4782:1 4785:1 4788:6 4799:2 4803:3 4910:2 4915:1 4917:1 4930:3 5027:2 5031:3 5038:4 5062:1 5064:2 5163:2 5167:2 5178:1 5191:2 5195:3 5282:1 5294:1 5297:11 5311:2 5324:1 5326:1 5328:2 5412:1 5416:1 5425:3 5429:14 5458:8 5472:5 5538:1 5541:6 5549:4 5555:3 5563:9 5667:3 5671:2 5674:2 5697:4 5739:2 5795:4 5827:3 5870:1 5962:1 6001:1 6085:2 6090:1 6131:1 6133:1 6136:2 6139:1 6213:2 6216:2 6259:2 6342:4 6388:1 6470:3 6598:3 6708:1 6714:2 6726:3 6771:1 6831:1 6834:1 6836:6 6854:2 6863:2 6959:8 6982:1 6990:2 7086:6 7094:1 7110:1 7116:1 7118:2 7213:6 7243:4 7341:6 7370:5 7467:3 7498:4 7593:3 7625:4 7720:1 7753:3 7848:1 7881:2 8009:2 8013:2 8137:2 8265:2 8394:3 8524:5 8564:1 8653:4 8692:1 8784:3 8791:1 8820:1 8876:2 8905:1 8913:4 8948:1 9005:1 9031:6 9041:5 9076:1 9134:2 9161:7 9170:2 9173:1 9204:1 9293:5 9299:1 9301:1 9331:1 9423:1 9426:2 9459:1 9552:4 9587:1 9681:2 9823:1 9951:5 10079:1 10081:2 10093:1 10207:1 10209:1 10218:2 10335:1 10339:2 10342:3 10464:2 12701:1 12704:2 12832:3 12955:3 12960:2 12963:6 12970:4 13090:5 13098:1 13100:1 13103:2 13106:3 13231:2 13234:3,"{""x"":0.21094,""y"":0.28125,""w"":0.75781,""h"":0.53125}"
244,train/shadows/000244.png,128,"A cleaned target silhouette shows the shadow figure from a historical hand-shadow instruction plate. Infer the expert hand-and-arm ink arrangement that produced that shadow. Submit hand_ink_rle as a 128 by 128 binary mask RLE of the hand/arm drawing, hand_bbox_json as normalized x/y/w/h of the ink mask, and confidence in [0,1].",1994:2 2121:4 2249:2 2252:2 2376:3 2380:2 2504:2 2508:2 2521:3 2632:2 2636:2 2760:2 2765:1 2776:1 2888:1 2893:1 2908:1 3021:2 3031:1 3036:1 3143:1 3149:2 3159:1 3163:2 3271:1 3277:2 3286:1 3291:2 3398:1 3405:1 3418:3 3526:2 3531:3 3541:1 3548:1 3652:1 3658:3 3668:1 3674:3 3779:1 3786:2 3794:1 3800:3 3915:1 3921:1 3927:4 4034:1 4041:3 4053:5 4160:2 4168:3 4174:1 4180:6 4287:2 4296:3 4301:1 4308:5 4413:2 4423:3 4428:1 4436:4 4538:4 4551:5 4564:1 4566:1 4663:2 4678:4 4692:2 4747:1 4784:6 4806:3 4816:1 4818:4 4874:1 4876:1 4909:2 4916:1 4926:1 4934:6 4941:14 5001:1 5005:1 5034:2 5051:1 5054:1 5064:1 5083:2 5129:1 5134:1 5157:2 5160:2 5163:1 5174:1 5264:2 5282:4 5392:2 5409:1 5413:1 5512:1 5519:1 5522:7 5535:1 5593:1 5640:1 5648:2 5656:2 5659:4 5708:2 5711:2 5718:5 5768:1 5778:2 5783:7 5837:4 5842:9 5852:1 5910:3 5914:2 5917:1 5965:15 6023:1 6038:2 6096:12 6149:2 6152:1 6167:1 6224:12 6280:1 6294:1 6352:5 6362:3 6409:1 6422:1 6483:3 6491:2 6536:2 6550:1 6612:4 6620:2 6666:1 6677:2 6743:2 6749:2 6872:2 6934:1 7002:2 7051:1 7062:1 7130:2 7178:1 7190:1 7259:1 7305:2 7317:2 7433:1 7445:2 7563:1 7573:2 7623:1 7690:2 7702:1 7751:1 7753:1 7816:2 7819:1 7830:1 7880:2 7883:1 7947:2 7958:2 8008:6 8015:1 8037:1 8073:4 8087:1 8137:7 8166:2 8202:3 8215:1 8267:6 8330:3 8343:1 8398:4 8459:3 8472:1 8527:5 8586:2 8599:2 8656:6 8712:5 8786:3 8790:1 8841:5 8889:2 8916:4 8970:4 9017:4 9042:1 9047:2 9097:5 9146:3 9177:1 9225:1 9228:3 9356:3 9435:2 9482:5 9566:2 9611:5 9695:1 9740:4 9868:4 9994:2 9997:3 10123:1 10126:2 10251:1 10254:3 10380:5 10509:4 10637:5 10644:1 10763:2 10767:3 10772:1 10892:2 10896:2 10899:1 11020:3 11024:2 11148:2 11153:2 11274:3 11402:2 11529:2 11657:1 11785:1 12038:2 13062:1 13064:1 13188:2 13191:1 13318:1 13322:3 13449:4 13572:2 13577:3 13699:1 13706:2 13832:1 13959:2 14087:1 14215:1,"{""x"":0.02344,""y"":0.11719,""w"":0.78906,""h"":0.75781}"
245,train/shadows/000245.png,128,"A cleaned target silhouette shows the shadow figure from a historical hand-shadow instruction plate. Infer the expert hand-and-arm ink arrangement that produced that shadow. Submit hand_ink_rle as a 128 by 128 binary mask RLE of the hand/arm drawing, hand_bbox_json as normalized x/y/w/h of the ink mask, and confidence in [0,1].",1899:3 2026:4 2154:2 2281:3 2393:1 2412:1 2520:2 2648:2 2775:3 2902:5 3030:2 3033:2 3158:2 3161:2 3286:2 3414:2 3542:2 3549:2 3670:2 3677:2 3798:2 3805:2 3926:2 3933:2 4054:3 4061:3 4189:3 4318:2 4446:2 4575:2 4703:2 4831:3 4959:4 5088:5 5219:3 5348:4 5479:2 5608:1 5737:2 5865:3 5987:1 5994:2 6115:2 6122:3 6241:6 6251:2 6369:7 6379:2 6497:2 6500:1 6502:1 6624:3 6628:1 6752:3 6880:4 7008:1 7010:2 7136:1 7138:2 7264:4 7392:1 7476:2 7604:2 7732:4 7860:4 7988:4 8118:2 8246:2 8374:2 8502:2 8505:1 8630:4 8759:3 8887:4 9018:1 9146:2 9274:2 9402:2 9517:2 9530:2 9535:1 9645:2 9659:5 9773:3 9787:6 9902:3 9915:7 9927:1 10031:3 10044:6 10055:2 10161:2 10173:6 10183:3 10273:1 10289:3 10301:7 10312:6 10400:3 10418:4 10430:2 10433:5 10441:6 10529:2 10547:5 10561:5 10567:2 10570:9 10657:3 10677:7 10691:2 10694:5 10700:8 10709:1 10723:2 10786:2 10805:9 10823:2 10826:3 10830:9 10851:2 10915:3 10941:5 10953:3 10957:3 10961:13 10979:3 11044:3 11071:7 11083:19 11107:3 11111:2 11173:3 11202:6 11212:16 11234:3 11238:5 11302:3 11333:5 11346:8 11362:3 11368:5 11431:3 11459:3 11463:6 11470:1 11476:1 11479:4 11491:4 11498:4 11559:3 11584:8 11593:8 11610:4 11619:1 11621:3 11628:4 11688:3 11713:2 11727:2 11738:4 11751:3 11758:5 11817:3 11834:9 11867:3 11880:3 11888:5 11945:4 11960:10 11995:3 12018:3 12074:3 12087:9 12123:3 12203:3 12215:2 12218:5 12251:2 12255:7 12332:3 12376:2 12379:2 12383:14 12461:2 12504:5 12511:3 12516:10 12632:4 12638:4 12647:8 12759:3 12763:1 12765:7 12777:4 12813:3 12877:4 12886:4 12893:4 12898:3 12907:3 12941:4 13005:5 13013:3 13022:7 13030:2 13036:2 13069:4 13132:8 13141:1 13153:1 13155:6 13197:4 13259:8 13282:2 13285:4 13384:2 13387:8 13413:3 13511:3 13515:6 13542:1 13547:1 13639:3 13643:4 13674:2 13677:1 13756:1 13766:4 13771:3 13802:4 13884:3 13892:6 14010:5,"{""x"":0.10156,""y"":0.10938,""w"":0.8125,""h"":0.75}"
248,train/shadows/000248.png,128,"A cleaned target silhouette shows the shadow figure from a historical hand-shadow instruction plate. Infer the expert hand-and-arm ink arrangement that produced that shadow. Submit hand_ink_rle as a 128 by 128 binary mask RLE of the hand/arm drawing, hand_bbox_json as normalized x/y/w/h of the ink mask, and confidence in [0,1].",3407:1 3533:1 3535:1 3537:1 3661:1 3663:3 3789:1 3791:1 3793:2 3917:1 3919:1 3921:1 4045:3 4049:3 4173:1 4178:2 4300:2 4306:2 4427:2 4554:1 4556:1 4681:2 4695:4 4809:1 4811:1 4823:1 4825:1 4827:2 4936:1 4938:1 4951:1 4954:1 4957:2 5063:2 5066:1 5086:3 5191:1 5193:1 5216:1 5317:2 5343:1 5445:1 5448:1 5471:1 5571:2 5576:1 5600:1 5698:2 5703:1 5727:2 5825:2 5829:1 5855:3 5953:1 5986:1 6080:1 6113:1 6208:1 6242:2 6335:2 6370:2 6463:1 6499:1 6590:1 6626:2 6717:2 6753:2 6845:2 6973:2 7003:1 7008:2 7100:3 7131:1 7228:3 7258:1 7350:1 7356:2 7386:1 7474:6 7484:3 7511:1 7514:1 7599:2 7602:5 7608:1 7612:2 7639:1 7642:1 7725:2 7728:8 7737:1 7739:3 7768:3 7850:3 7855:3 7859:5 7865:4 7894:6 7976:2 7980:10 7991:2 7994:2 8023:5 8100:2 8104:4 8109:1 8111:5 8118:7 8150:6 8226:2 8230:2 8233:2 8236:1 8238:1 8248:4 8275:1 8277:5 8355:9 8376:4 8403:6 8410:1 8467:7 8481:3 8486:1 8504:4 8528:6 8601:9 8632:4 8652:1 8655:5 8661:1 8672:2 8731:7 8761:2 8776:8 8785:1 8802:2 8858:1 8862:4 8890:1 8902:8 8931:3 8993:1 9018:2 9021:1 9028:7 9060:3 9121:1 9135:4 9146:3 9150:2 9153:5 9159:2 9165:2 9190:3 9249:1 9259:18 9278:9 9293:1 9318:4 9377:1 9381:13 9395:8 9404:1 9406:4 9411:1 9447:2 9450:2 9495:3 9500:10 9514:3 9525:2 9532:1 9534:8 9578:4 9626:2 9635:2 9642:2 9661:6 9709:1 9761:2 9769:2 9789:6 9898:1 9916:4 9921:1 10024:3 10044:5 10152:3 10172:1 10174:2 10280:2 10302:2 10338:3 10342:2 10408:1 10410:1 10429:3 10466:7 10539:1 10557:2 10594:8 10667:1 10685:1 10722:1 10725:3 10729:1 10795:1 10813:1 10815:1 10853:1 10855:3 10923:1 10942:2 10984:1 11051:1 11070:2 11112:1 11179:1 11220:1 11307:1 11348:1 11435:1 11474:1 11476:1 11563:1 11691:1 11722:2 11819:1 11854:2 11980:3 11990:2 12112:4 12118:4 12249:2 12379:1 12388:1 12508:1 12515:2 12637:8 12779:1 12829:1 12903:3 13334:1 13463:1 13591:1 13720:1 13848:1 13974:3 14099:4,"{""x"":0.14844,""y"":0.20312,""w"":0.71094,""h"":0.66406}"
250,train/shadows/000250.png,128,"A cleaned target silhouette shows the shadow figure from a historical hand-shadow instruction plate. Infer the expert hand-and-arm ink arrangement that produced that shadow. Submit hand_ink_rle as a 128 by 128 binary mask RLE of the hand/arm drawing, hand_bbox_json as normalized x/y/w/h of the ink mask, and confidence in [0,1].",2082:3 2211:2 2337:1 2339:1 2465:1 2468:2 2593:2 2597:2 2722:1 2726:2 2850:1 2854:2 2978:1 2983:3 3112:2 3235:1 3240:1 3242:1 3363:1 3370:2 3492:1 3499:2 3620:1 3629:2 3750:1 3758:1 3873:3 3878:1 3886:1 3993:1 3995:6 4005:2 4014:1 4117:5 4126:1 4135:1 4143:1 4245:4 4264:1 4270:2 4372:2 4377:6 4385:2 4392:1 4398:2 4501:16 4520:1 4526:3 4630:3 4634:11 4648:1 4655:3 4769:1 4771:3 4777:1 4784:1 4786:1 4788:3 4900:3 4912:2 4919:1 5028:2 5033:1 5039:3 5156:4 5161:2 5167:4 5282:1 5285:3 5289:2 5296:5 5410:1 5412:4 5417:2 5424:4 5537:1 5539:4 5545:2 5553:3 5661:2 5665:1 5669:6 5682:4 5787:2 5798:1 5800:4 5810:3 5915:1 5921:1 5927:4 5939:2 6042:1 6055:4 6067:2 6181:6 6297:1 6300:5 6310:5 6428:5 6436:7 6552:1 6556:5 6563:8 6682:8 6693:6 6807:1 6810:7 6822:6 6935:2 6938:8 6950:5 7061:2 7066:7 7075:1 7078:6 7188:1 7190:1 7194:8 7203:1 7205:7 7315:1 7321:8 7330:1 7334:5 7442:1 7445:1 7448:11 7461:6 7572:1 7576:9 7586:1 7589:6 7697:1 7700:1 7703:9 7714:1 7718:5 7824:1 7828:1 7831:9 7847:4 7951:1 7955:3 7959:3 7964:5 7975:4 8079:1 8083:1 8087:2 8092:4 8103:1 8105:2 8211:5 8221:3 8231:4 8244:2 8340:2 8349:3 8359:4 8372:1 8462:1 8477:3 8487:4 8499:1 8590:1 8606:2 8615:3 8718:1 8734:1 8743:1 8845:1 8861:2 8871:1 8973:1 8990:1 9118:1 9246:2 9357:1 9374:2 9485:1 9502:1 9630:2 9740:1 9757:3 9868:1 9884:1 9886:2 9995:2 10005:12 10123:1 10135:2 10138:8 10251:3 10263:11 10378:3 10388:1 10391:1 10393:9 10506:3 10518:2 10521:1 10523:5 10529:1 10634:1 10636:1 10646:1 10649:1 10651:5 10657:1 10762:1 10765:1 10773:2 10777:8 10890:2 10894:1 10901:1 10906:7 11017:3 11023:1 11029:1 11035:5 11145:4 11152:2 11164:4 11274:2 11282:1 11284:1 11291:4 11403:1 11413:2 11420:2 11439:1 11536:1 11544:5 11566:3 11657:1 11665:1 11667:3 11672:5 11694:2 11793:1 11796:9 11821:2 11921:1 11924:7 11948:3 12052:5 12075:1 12077:2 12182:4 12188:2 12202:5 12308:6 12329:1 12331:3 12436:5 12442:1 12446:1 12457:4 12564:6 12575:1 12585:4 12691:4 12696:1 12704:1 12713:4 12822:1 12824:1 12833:1 12837:7 12962:1 12965:3 12969:3 13091:1 13093:8 13223:8 13352:8 13483:3 13487:1 13614:2 13734:9 13863:7 13990:8 14119:7 14248:6 14375:7 14502:7 14630:6 14758:6 14884:6 15011:1 15014:4 15142:1 15144:1 15267:7 15395:6 15522:4 15527:1 15652:3 15776:6 15903:1 15906:1 15908:1 15910:1 16032:4,"{""x"":0.07031,""y"":0.125,""w"":0.36719,""h"":0.85938}"
251,train/shadows/000251.png,128,"A cleaned target silhouette shows the shadow figure from a historical hand-shadow instruction plate. Infer the expert hand-and-arm ink arrangement that produced that shadow. Submit hand_ink_rle as a 128 by 128 binary mask RLE of the hand/arm drawing, hand_bbox_json as normalized x/y/w/h of the ink mask, and confidence in [0,1].",3022:2 3148:1 3276:2 3280:1 3403:3 3408:1 3531:1 3533:1 3536:1 3659:1 3661:1 3664:1 3787:1 3790:3 3915:1 3920:2 4043:1 4049:6 4056:2 4167:1 4170:2 4176:1 4178:2 4181:2 4187:1 4296:2 4307:1 4314:2 4421:1 4423:1 4435:1 4548:1 4550:1 4563:1 4572:2 4676:1 4678:1 4690:3 4803:1 4805:1 4815:2 4819:1 4825:1 4830:1 4931:1 4936:1 4943:2 4947:1 4952:2 4957:1 5056:4 5071:2 5076:4 5085:1 5174:2 5178:2 5187:2 5190:1 5200:1 5204:3 5213:1 5296:4 5304:1 5315:2 5318:1 5328:1 5333:1 5341:2 5424:2 5443:2 5446:1 5460:2 5469:2 5552:1 5571:2 5574:1 5588:3 5597:1 5681:1 5692:1 5697:4 5702:1 5718:1 5727:1 5811:4 5818:5 5826:3 5845:2 5855:1 5941:1 5943:3 5974:1 5983:1 6074:1 6112:1 6208:2 6231:1 6238:1 6240:1 6326:1 6334:4 6359:1 6368:1 6455:11 6484:1 6487:1 6496:1 6613:1 6624:1 6741:1 6744:1 6752:1 6872:1 6880:2 6998:1 7009:1 7137:1 7264:1 7391:2 7519:2 7647:2 7775:1 7903:1 8031:1 8158:2 8286:2 8415:1 8543:1 8671:1 8798:2 8926:3 9034:1 9056:2 9169:2 9184:1 9186:2 9291:1 9297:2 9313:4 9419:1 9433:2 9441:4 9447:3 9547:1 9549:1 9562:1 9568:4 9575:2 9676:1 9678:1 9690:1 9697:2 9702:1 9704:2 9805:3 9825:1 9830:1 9832:2 9934:2 9952:2 9959:1 9961:2 10075:1 10090:2 10207:2 10217:3 10335:1 10345:4 10462:1 10473:2 10476:1 10601:1 10603:3 10717:2 10726:1 10734:1 10736:1 10844:2 10854:1 10857:1 10861:1 10863:1 10867:2 10955:1 10970:2 10982:1 11100:1 11109:2 11113:1 11118:1 11122:1 11237:2 11246:1 11251:1 11337:1 11340:1 11355:1 11364:3 11375:1 11482:1 11492:3 11503:1 11592:1 11594:2 11609:1 11621:2 11719:1 11750:1 11847:1 11849:1 11887:2 11976:1 12103:1 12358:1 12368:1 12400:1 12486:1 12496:1 12513:1 12528:1 12614:1 12624:1 12642:1 12647:1 12752:1 12770:1 12775:1 12880:1 12887:1 12903:1 13008:1 13011:2 13014:1 13031:1 13136:1 13140:2 13159:1 13258:1 13264:1 13268:2 13274:1 13386:2 13392:1 13396:3 13403:1 13414:1 13514:3 13520:1 13524:5 13532:1 13542:1 13642:1 13644:2 13648:1 13652:6 13668:1 13670:1 13770:5 13776:1 13779:3 13783:4 13798:1 13898:5 13904:1 13908:3 13912:1 13914:4 14028:1 14031:2 14037:1 14040:1 14043:1 14047:1 14053:1 14154:1 14156:4 14161:1 14167:1 14170:2 14177:1 14179:2 14283:5 14300:1 14308:1 14414:3 14541:4 14669:3,"{""x"":0.375,""y"":0.17969,""w"":0.53906,""h"":0.71875}"
253,train/shadows/000253.png,128,"A cleaned target silhouette shows the shadow figure from a historical hand-shadow instruction plate. Infer the expert hand-and-arm ink arrangement that produced that shadow. Submit hand_ink_rle as a 128 by 128 binary mask RLE of the hand/arm drawing, hand_bbox_json as normalized x/y/w/h of the ink mask, and confidence in [0,1].",1715:3 1841:1 1844:2 1969:1 1972:3 2100:3 2228:3 2352:1 2355:1 2358:1 2480:2 2485:2 2608:1 2613:2 2726:1 2735:2 2742:4 2852:4 2858:1 2861:4 2875:1 2981:1 2990:1 3002:1 3004:1 3107:1 3245:1 3259:1 3261:1 3362:1 3373:1 3375:1 3387:1 3389:1 3490:1 3495:1 3500:2 3512:1 3517:1 3618:1 3622:1 3624:1 3628:1 3632:2 3645:2 3745:1 3753:4 3760:1 3772:6 3873:1 3882:3 3888:1 3898:1 3900:1 3911:2 3914:3 4001:1 4011:1 4015:1 4026:1 4028:2 4040:1 4046:4 4138:2 4143:1 4153:2 4156:2 4176:2 4256:1 4266:2 4283:1 4285:2 4385:1 4395:2 4410:2 4413:7 4432:1 4513:1 4523:1 4541:3 4546:6 4554:6 4681:1 4685:1 4768:1 4770:1 4778:1 4807:1 4813:1 4896:1 4929:1 4935:1 4941:1 5024:1 5057:3 5067:2 5152:1 5164:1 5185:6 5280:1 5289:1 5292:1 5407:1 5535:2 5544:1 5547:1 5663:1 5791:2 5919:1 6047:2 6175:2 6303:2 6431:2 6561:1 6688:1 6816:2 6945:2 7073:1 7201:1 7329:1 7457:2 7585:2 7712:1 7735:1 7837:4 7965:4 7983:1 7990:1 8092:4 8103:1 8109:2 8117:1 8215:9 8230:2 8244:2 8342:3 8348:4 8357:1 8372:1 8470:2 8473:1 8477:2 8485:1 8498:1 8597:3 8601:1 8606:1 8625:2 8724:3 8728:1 8734:2 8740:1 8753:1 8852:2 8856:1 8868:1 8980:2 8984:1 8991:2 9107:4 9120:2 9233:3 9237:2 9249:1 9358:2 9361:1 9364:1 9366:1 9378:1 9488:1 9494:1 9497:1 9506:2 9612:1 9614:2 9618:1 9620:1 9623:1 9626:1 9635:1 9637:1 9742:1 9748:1 9751:1 9754:1 9764:1 9766:1 9869:1 9873:1 9876:1 9879:1 9882:1 9911:1 9999:1 10001:1 10007:1 10010:2 10021:1 10135:1 10138:2 10168:1 10256:1 10263:1 10266:2 10278:1 10293:1 10295:1 10384:1 10391:1 10394:2 10407:1 10422:1 10424:2 10512:1 10519:1 10522:2 10551:1 10553:1 10647:1 10650:1 10679:1 10681:1 10767:1 10775:1 10808:2 10895:1 10903:1 10936:2 11065:1 11150:1 11278:1 11294:1 11312:1 11322:1 11421:2 11440:1 11450:1 11549:1 11577:1 11689:1 11704:1 11800:1 11817:1 11820:1 11831:1 11928:1 11947:2 11958:1 12056:1 12069:1 12075:1 12184:1 12203:2 12329:5 12342:1 12444:1 12456:6 12469:2 12570:1 12572:1 12582:5 12588:2 12596:1 12598:1 12698:1 12708:7 12717:1 12723:1 12726:1 12826:1 12837:2 12840:2 12843:4 12850:5 12955:1 12961:1 12964:3 12968:4 12973:2 12978:5 13083:2 13086:1 13091:1 13096:1 13108:2 13211:1 13231:1 13233:4 13359:1 13361:2 13489:4 13616:4,"{""x"":0.09375,""y"":0.10156,""w"":0.54688,""h"":0.73438}"
255,train/shadows/000255.png,128,"A cleaned target silhouette shows the shadow figure from a historical hand-shadow instruction plate. Infer the expert hand-and-arm ink arrangement that produced that shadow. Submit hand_ink_rle as a 128 by 128 binary mask RLE of the hand/arm drawing, hand_bbox_json as normalized x/y/w/h of the ink mask, and confidence in [0,1].",3091:1 3218:3 3346:4 3474:4 3600:6 3729:3 3856:4 3983:4 4111:2 4114:1 4238:3 4364:3 4492:2 4620:2 4841:3 4920:2 4969:3 5047:3 5095:4 5175:3 5222:5 5304:1 5349:6 5426:2 5477:3 5481:2 5550:2 5553:2 5605:1 5610:1 5676:4 5681:2 5803:5 5809:2 5930:3 6057:3 6183:3 6309:3 6438:1 9912:2 10012:13 10041:4 10137:21 10169:6 10263:26 10291:15 10390:48 10518:6 10536:33 10670:12 10687:12 10820:8 10951:6 11081:5 11210:5 11340:3 11469:3 11597:4 11726:4 11731:2 11855:6 11984:6 11994:2 12112:8 12121:3 12242:7 12250:2 12371:6 12502:5 12631:4 12759:4 12889:4 12899:3 13017:5 13026:4 13146:5 13154:4 13275:11 13403:11 13532:9 13662:6 13792:1,"{""x"":0.09375,""y"":0.1875,""w"":0.75,""h"":0.65625}"
256,train/shadows/000256.png,128,"A cleaned target silhouette shows the shadow figure from a historical hand-shadow instruction plate. Infer the expert hand-and-arm ink arrangement that produced that shadow. Submit hand_ink_rle as a 128 by 128 binary mask RLE of the hand/arm drawing, hand_bbox_json as normalized x/y/w/h of the ink mask, and confidence in [0,1].",1738:2 1867:2 1996:1 2635:1 2762:3 2890:1 2892:1 3018:3 3149:1 3277:2 3405:2 3535:2 3664:2 4024:5 4152:3 4156:3 4280:2 4284:3 4414:2 4445:1 4542:2 4572:3 4671:3 4701:2 4800:3 4829:2 4929:2 4956:3 5058:2 5084:1 5086:1 5186:2 5212:1 5214:1 5341:1 5343:1 5461:1 5469:1 5471:1 5577:8 5587:4 5597:1 5599:1 5707:5 5715:2 5725:1 5727:1 5843:2 5848:1 5853:1 5855:1 5967:6 5976:1 5981:1 5983:1 6104:2 6109:1 6232:3 6237:2 6361:3 6366:1 6430:3 6489:5 6555:5 6617:6 6683:3 6746:3 6809:2 6875:1 7262:2 7390:3 7475:2 7519:2 7603:6 7733:4 9566:2 9696:1 9823:1 9829:2 9957:1 10081:3 10085:1 10210:2 10213:1 10215:1 10338:2 10342:2 10466:2 10469:2 10581:1 10597:2 10707:2 10725:2 10834:2 10838:2 10854:3 10962:2 10966:1 10982:2 11087:3 11092:3 11110:2 11218:4 11239:1 11346:1 11348:2 11496:1 11624:1 11735:1 11753:1 11862:1 11989:1 12077:1 12086:2 12116:2 12203:12 12242:3 12265:1 12327:14 12366:8 12393:1 12455:4 12461:11 12474:1 12491:11 12503:4 12521:2 12583:3 12597:10 12616:17 12726:12 12744:7 12760:4 12856:2 12861:15 12889:3 12995:6 13018:3 13125:1 13146:3 13275:2 13403:3 13532:2 13661:2 13789:2 13917:3 14045:3 14174:3 14302:3 14431:2 14559:2 14689:1 14818:1 14946:1,"{""x"":0.19531,""y"":0.10156,""w"":0.64062,""h"":0.8125}"
258,train/shadows/000258.png,128,"A cleaned target silhouette shows the shadow figure from a historical hand-shadow instruction plate. Infer the expert hand-and-arm ink arrangement that produced that shadow. Submit hand_ink_rle as a 128 by 128 binary mask RLE of the hand/arm drawing, hand_bbox_json as normalized x/y/w/h of the ink mask, and confidence in [0,1].",694:1 821:1 950:2 1078:1 1080:2 1211:1 1224:1 1335:2 1341:1 1463:1 1465:2 1471:1 1477:1 1593:4 1723:2 1851:1 2355:1 2483:4 2611:2 2615:3 2740:3 2748:3 2869:2 2999:3 3130:2 4182:2 4697:1 5598:1 7771:1 8536:1 10853:1 10981:1 11736:1 11738:2 11745:3 11871:1 11993:1 12122:1 12243:1 12249:1 12371:1 12488:1 12492:2 12506:2 12617:2 12621:1 12632:1 12634:1 12745:7 12760:4 12872:1 12874:11 12888:7 13002:1 13004:23 13044:2 13127:2 13130:19 13150:4 13173:1 13256:1 13259:3 13265:1 13267:6 13276:6 13302:2 13385:1 13387:1 13393:2 13399:6 13406:1 13431:2 13515:1 13518:3 13522:2 13529:1 13561:1 13643:1 13646:3 13651:2 13771:1 13774:1 13778:1 13781:2 13912:1 14033:3 14043:2 14173:2 14256:1 14304:2 14381:12 14404:1 14406:3 14509:4 14514:3 14518:1 14531:2 14534:4 14541:6 14645:3 14650:1 14660:1 14662:2 14665:2 14669:5 14795:7,"{""x"":0.35156,""y"":0.03906,""w"":0.60156,""h"":0.86719}"
259,train/shadows/000259.png,128,"A cleaned target silhouette shows the shadow figure from a historical hand-shadow instruction plate. Infer the expert hand-and-arm ink arrangement that produced that shadow. Submit hand_ink_rle as a 128 by 128 binary mask RLE of the hand/arm drawing, hand_bbox_json as normalized x/y/w/h of the ink mask, and confidence in [0,1].",1223:2 1351:1 1353:2 1478:3 1482:2 1497:1 1606:3 1611:2 1624:1 1627:1 1734:3 1739:2 1755:1 1862:3 1868:1 1879:1 1884:1 1990:2 1995:2 2006:1 2010:1 2012:1 2118:1 2123:2 2134:1 2138:3 2246:1 2251:2 2265:1 2267:2 2373:1 2380:1 2389:1 2393:3 2501:1 2507:2 2516:1 2521:3 2629:1 2635:2 2644:1 2649:3 2756:1 2762:3 2771:1 2776:4 2884:3 2890:2 2898:1 2904:4 3012:1 3018:2 3025:1 3031:4 3139:1 3146:3 3153:1 3159:5 3267:1 3275:1 3280:1 3285:6 3401:3 3413:5 3521:2 3528:4 3534:1 3541:4 3648:1 3656:3 3660:2 3669:3 3775:2 3784:2 3788:1 3797:3 3902:1 3912:2 3923:4 4028:1 4039:4 4052:2 4060:4 4154:2 4167:2 4173:8 4182:1 4280:2 4294:3 4304:1 4405:3 4423:6 4530:3 4543:1 4657:1 4667:4 4783:2 4825:1 4908:3 4917:2 4951:8 5032:3 5070:2 5073:14 5128:1 5158:2 5198:17 5257:1 5283:2 5328:14 5383:1 5386:1 5409:2 5412:1 5457:15 5511:1 5515:1 5535:1 5587:6 5596:4 5638:1 5644:2 5662:1 5716:5 5726:4 5766:1 5774:2 5788:2 5847:4 5857:1 5902:9 5914:3 5977:3 6032:5 6038:5 6108:2 6158:5 6166:4 6237:2 6286:2 6289:1 6294:3 6366:1 6422:1 6534:1 6550:1 6663:1 6678:2 6789:2 6806:2 6890:1 6916:1 6920:1 6934:2 7019:1 7063:1 7116:1 7149:2 7175:1 7177:1 7190:2 7245:2 7318:2 7372:5 7434:1 7447:1 7500:7 7562:1 7574:1 7630:2 7633:5 7690:1 7702:2 7760:8 7818:1 7831:1 7890:7 7944:1 7946:2 7959:1 8020:6 8073:3 8087:1 8152:4 8204:1 8215:1 8281:4 8332:1 8343:2 8409:1 8412:3 8457:1 8459:2 8472:2 8542:2 8587:1 8600:2 8639:1 8673:2 8715:2 8728:2 8767:3 8803:2 8841:1 8843:3 8856:2 8894:4 8933:2 8971:2 8985:2 9098:1 9100:1 9102:1 9114:1 9227:1 9229:1 9355:4 9482:1 9485:2 9610:2 9613:3 9739:5 9867:4 9999:2 10124:1 10127:3 10252:6 10382:5 10510:5 10638:1 10640:3 10766:2 10769:3 10895:5 11024:5 11153:4 11161:1 11279:1 11281:4 11407:2 11410:4 11416:1 11536:2 11539:3 11544:1 11663:1 11666:4 11792:1 11795:4 11920:3 12049:1 12175:3 12303:2 12431:1 12558:1 12686:1 12812:2 12939:2 14092:1 14094:1 14219:1 14222:1 14353:3 14476:1 14480:4 14603:1 14608:3 14730:1 14737:1 14857:1 14864:1 14992:1 15119:2,"{""x"":0.03125,""y"":0.07031,""w"":0.83594,""h"":0.85938}"
260,train/shadows/000260.png,128,"A cleaned target silhouette shows the shadow figure from a historical hand-shadow instruction plate. Infer the expert hand-and-arm ink arrangement that produced that shadow. Submit hand_ink_rle as a 128 by 128 binary mask RLE of the hand/arm drawing, hand_bbox_json as normalized x/y/w/h of the ink mask, and confidence in [0,1].",1862:2 1989:4 2117:2 2120:2 2245:3 2249:2 2262:3 2373:2 2377:2 2501:2 2505:2 2517:1 2521:1 2629:2 2634:1 2649:1 2757:1 2762:1 2772:1 2777:1 2890:2 2900:1 2904:2 3012:1 3018:2 3027:1 3032:2 3140:1 3146:2 3159:3 3274:1 3282:1 3289:1 3394:2 3399:3 3408:1 3414:2 3522:1 3527:3 3535:1 3541:3 3649:1 3655:2 3662:1 3668:4 3776:1 3784:1 3794:5 3910:3 3921:6 4031:1 4037:3 4043:1 4049:5 4157:2 4165:3 4170:1 4177:4 4284:2 4292:3 4297:1 4305:1 4307:1 4410:2 4420:5 4433:2 4537:2 4548:3 4559:4 4663:2 4675:3 4685:14 4788:2 4803:6 4810:4 4912:3 4924:1 4934:1 5038:2 5042:1 5052:1 5163:2 5177:1 5257:1 5288:2 5300:1 5335:1 5384:1 5386:1 5414:2 5417:1 5460:5 5466:1 5511:1 5515:1 5539:2 5578:2 5581:2 5584:10 5639:1 5644:1 5664:4 5707:15 5774:2 5791:1 5795:1 5835:15 5902:9 5917:1 5966:13 6022:1 6029:1 6038:2 6041:1 6043:2 6095:5 6104:4 6150:1 6158:4 6165:7 6226:3 6235:2 6278:1 6293:2 6296:4 6355:4 6364:2 6406:1 6421:2 6486:2 6550:1 6615:4 6662:2 6677:1 6745:2 6788:2 6791:1 6805:1 6874:1 6920:1 6933:1 7047:2 7060:2 7177:1 7317:1 7395:1 7445:1 7495:1 7525:1 7562:1 7573:1 7623:1 7625:1 7690:1 7701:2 7752:2 7755:1 7782:2 7817:2 7829:2 7880:6 7887:1 7945:1 7957:2 8009:8 8075:1 8086:1 8139:7 8202:2 8214:1 8270:6 8328:2 8331:1 8342:2 8400:6 8459:2 8471:1 8530:3 8534:1 8585:4 8599:1 8660:4 8714:3 8727:1 8787:1 8792:2 8842:3 8856:1 8922:1 8971:3 8984:2 9018:4 9052:2 9099:2 9146:4 9183:2 9225:5 9312:1 9354:5 9483:4 9610:5 9738:1 9741:3 9869:3 9995:5 10124:5 10253:4 10382:4 10508:2 10511:3 10637:1 10640:2 10765:1 10768:3 10894:5 11023:5 11030:1 11151:5 11158:1 11277:2 11281:3 11285:1 11406:2 11410:2 11534:3 11539:2 11663:1 11789:3 11917:2 12044:2 12172:1 12300:1 12553:2 13577:1 13579:1 13704:1 13706:1 13831:1 13833:1 13837:3 13964:4 14088:1 14092:3 14215:1 14221:2 14342:1 14348:1 14475:2 14603:1 14731:1,"{""x"":0.03125,""y"":0.10938,""w"":0.78125,""h"":0.79688}"
261,train/shadows/000261.png,128,"A cleaned target silhouette shows the shadow figure from a historical hand-shadow instruction plate. Infer the expert hand-and-arm ink arrangement that produced that shadow. Submit hand_ink_rle as a 128 by 128 binary mask RLE of the hand/arm drawing, hand_bbox_json as normalized x/y/w/h of the ink mask, and confidence in [0,1].",1455:1 1581:3 1709:2 2479:1 2606:1 2733:3 2861:3 2989:1 3244:1 3371:2 3499:2 3647:2 3650:1 3774:3 3778:2 3901:3 3905:3 4029:2 4156:3 4284:2 4410:3 4537:2 4637:1 4665:2 4765:1 4792:2 4893:1 4895:1 5021:3 5149:3 5276:4 5404:3 5421:7 5532:4 5542:3 5548:6 5596:1 5660:4 5669:4 5724:1 5788:5 5801:1 5805:1 5853:4 5917:4 5925:1 5929:4 5983:6 6045:4 6052:2 6113:5 6175:1 6179:3 6303:1 6307:3 6434:3 6559:6 6687:5 6818:1 6946:1 7243:1 7366:5 7454:2 7581:2 9759:2 9888:1 10015:2 10136:2 10265:6 10393:4 10521:4 10649:1 10651:1 10667:3 10777:3 10796:3 10905:2 10926:2 11033:2 11049:2 11053:1 11056:3 11161:2 11179:4 11289:2 11307:3 11311:1 11417:2 11436:1 11545:2 11732:2 11850:2 11859:9 11928:1 11946:1 11980:16 12055:2 12075:3 12109:9 12121:3 12204:3 12235:8 12334:3 12360:8 12460:1 12462:9 12484:8 12567:1 12587:15 12608:11 12695:2 12711:33 12822:3 12839:7 12850:20 12950:2 12968:4 12989:1 13095:3 13222:3 13350:3 13477:2 13604:3 13732:3 13860:3 13988:2 14116:1 14243:2 14371:2 14498:2 14626:2 14753:3 14881:2 15008:3 15136:2 15264:1,"{""x"":0.17188,""y"":0.08594,""w"":0.625,""h"":0.85156}"
262,train/shadows/000262.png,128,"A cleaned target silhouette shows the shadow figure from a historical hand-shadow instruction plate. Infer the expert hand-and-arm ink arrangement that produced that shadow. Submit hand_ink_rle as a 128 by 128 binary mask RLE of the hand/arm drawing, hand_bbox_json as normalized x/y/w/h of the ink mask, and confidence in [0,1].",3431:2 3558:4 3686:4 3814:4 3944:3 4072:2 4200:3 4329:3 4457:3 4587:3 4716:3 4752:2 4845:2 4879:4 4973:2 5007:4 5057:2 5137:3 5185:3 5265:4 5313:3 5393:5 5442:1 5521:2 5524:2 5575:3 5649:1 5653:1 5704:3 5832:3 5836:1 5961:2 5964:3 6092:6 6223:4 6354:3 6483:3 6612:1 10048:3 10175:3 10194:12 10300:6 10321:17 10425:15 10446:22 10549:48 10675:32 10719:6 10801:11 10817:16 10928:7 10954:4 11056:4 11183:4 11309:5 11436:4 11563:5 11690:5 11814:2 11817:5 11943:5 12063:3 12069:6 12191:4 12196:7 12319:3 12323:6 12451:5 12577:4 12705:4 12832:5 12950:2 12958:5 13078:3 13085:6 13206:3 13212:6 13334:11 13462:10 13590:9 13719:6,"{""x"":0.11719,""y"":0.20312,""w"":0.75,""h"":0.64062}"
264,train/shadows/000264.png,128,"A cleaned target silhouette shows the shadow figure from a historical hand-shadow instruction plate. Infer the expert hand-and-arm ink arrangement that produced that shadow. Submit hand_ink_rle as a 128 by 128 binary mask RLE of the hand/arm drawing, hand_bbox_json as normalized x/y/w/h of the ink mask, and confidence in [0,1].",1824:1 1826:1 1952:1 1954:1 2082:2 2210:2 2339:2 2467:2 2592:1 2597:2 2721:1 2726:2 2849:2 2855:2 2978:1 2984:1 3107:1 3113:1 3235:1 3241:3 3359:3 3370:2 3476:11 3490:3 3498:2 3606:1 3612:1 3621:1 3627:2 3731:2 3755:2 3860:10 3871:1 3873:2 3877:1 3883:2 3990:12 4005:1 4011:2 4125:2 4128:2 4133:1 4139:2 4257:2 4268:7 4385:3 4397:2 4403:1 4512:1 4514:3 4519:1 4525:2 4640:1 4642:3 4647:1 4653:4 4767:1 4770:3 4774:2 4781:4 4893:3 4899:1 4901:3 4909:3 5018:2 5028:4 5038:3 5150:1 5156:3 5167:2 5278:1 5284:3 5294:3 5399:1 5410:5 5423:2 5526:1 5532:3 5539:4 5656:1 5658:4 5664:1 5667:4 5781:1 5784:7 5794:6 5908:1 5912:7 5923:4 6035:2 6041:6 6051:5 6163:2 6167:8 6179:5 6290:1 6295:8 6306:6 6417:1 6419:1 6422:10 6434:6 6544:2 6550:2 6553:5 6559:1 6562:5 6671:1 6677:3 6681:5 6687:1 6690:6 6798:1 6802:1 6804:3 6808:2 6811:2 6814:1 6818:5 6925:1 6930:1 6932:2 6937:4 6947:3 7057:4 7065:3 7075:3 7180:1 7184:1 7193:3 7203:3 7308:1 7314:1 7322:2 7331:3 7342:1 7346:2 7450:2 7459:1 7471:1 7563:1 7579:2 7692:2 7707:1 7820:1 7835:1 7947:1 7963:1 8075:1 8091:2 8219:1 8330:1 8347:1 8458:1 8474:2 8586:1 8596:2 8601:3 8712:3 8723:10 8840:3 8850:5 8856:5 8967:3 8977:3 8981:8 9095:1 9097:1 9105:1 9107:1 9109:1 9111:6 9223:1 9235:1 9238:1 9240:6 9352:2 9363:1 9366:1 9368:1 9370:2 9373:1 9480:2 9484:1 9491:1 9495:6 9608:3 9619:1 9624:3 9628:1 9735:2 9738:1 9743:1 9751:4 9863:1 9868:1 9880:3 9997:1 10002:5 10008:2 10025:1 10126:1 10128:2 10131:5 10152:3 10254:1 10256:3 10260:4 10279:4 10382:1 10385:4 10407:3 10514:3 10519:1 10534:3 10640:5 10660:4 10768:5 10788:5 10897:5 10916:4 11023:1 11025:5 11035:1 11042:6 11154:2 11164:1 11169:6 11293:1 11296:6 11422:1 11424:7 11552:1 11554:6 11684:5 11814:2 11942:3 12066:7 12193:7 12321:6 12450:5 12577:2 12580:3 12705:2 12708:2 12832:6 12960:4 13086:3 13090:2 13216:3 13341:4 13346:1 13468:6 13596:1 13599:3 13723:6 13850:1 13852:3 13977:5 13983:1,"{""x"":0.05469,""y"":0.10938,""w"":0.35156,""h"":0.75}"
265,train/shadows/000265.png,128,"A cleaned target silhouette shows the shadow figure from a historical hand-shadow instruction plate. Infer the expert hand-and-arm ink arrangement that produced that shadow. Submit hand_ink_rle as a 128 by 128 binary mask RLE of the hand/arm drawing, hand_bbox_json as normalized x/y/w/h of the ink mask, and confidence in [0,1].",1249:1 1251:2 1377:5 1505:3 1632:4 1762:3 1891:2 2128:1 2255:2 2383:2 2510:3 2637:6 2766:2 2769:2 2894:2 2897:2 3022:2 3150:2 3158:1 3278:2 3285:2 3406:2 3413:2 3534:2 3541:2 3662:2 3669:3 3790:3 3797:4 3927:3 4055:3 4184:3 4313:2 4441:3 4569:4 4698:4 4829:2 4832:1 4957:4 5089:1 5217:2 5346:2 5474:3 5603:2 5725:1 5731:3 5853:1 5860:2 5979:6 5988:2 6107:5 6236:2 6363:3 6491:4 6619:1 6621:2 6747:1 6749:2 6875:4 7003:2 7131:1 7597:2 7726:2 7854:2 7982:4 8110:4 8238:4 8368:2 8496:2 8624:2 8627:2 8752:5 8880:6 9010:4 9140:2 9269:1 9397:2 9525:2 9654:1 9782:5 9897:1 9910:7 9923:1 10024:3 10038:8 10052:3 10154:3 10168:7 10180:7 10283:3 10297:7 10309:7 10413:2 10425:3 10429:5 10439:9 10541:3 10554:2 10557:6 10564:3 10568:9 10593:1 10653:1 10670:4 10675:1 10686:10 10697:10 10721:1 10780:3 10799:7 10815:2 10818:4 10823:3 10827:9 10841:1 10848:2 10851:2 10909:2 10929:7 10948:4 10953:3 10957:13 10976:7 11037:3 11057:9 11068:1 11077:1 11079:18 11104:3 11109:5 11166:2 11185:2 11192:9 11209:16 11232:4 11239:7 11294:3 11323:2 11326:7 11334:1 11342:1 11344:7 11361:1 11363:2 11369:8 11424:3 11457:9 11467:1 11476:4 11481:2 11489:1 11492:3 11502:5 11553:2 11583:3 11588:10 11607:4 11621:3 11632:3 11682:2 11709:8 11724:2 11735:4 11811:2 11836:3 11864:3 11939:2 11959:1 11965:2 11992:2 12067:3 12086:8 12120:2 12124:14 12196:2 12212:9 12248:2 12252:18 12324:3 12340:8 12374:2 12377:2 12381:4 12389:8 12453:3 12467:1 12470:3 12502:4 12508:5 12519:4 12583:2 12586:1 12630:4 12635:9 12649:3 12712:4 12757:3 12761:1 12763:5 12769:5 12778:2 12840:4 12875:4 12883:5 12892:11 12969:1 13003:4 13008:1 13011:3 13024:1 13026:1 13028:3 13130:6 13153:2 13156:2 13257:7 13284:1 13289:1 13383:1 13385:7 13417:2 13420:1 13510:2 13513:6 13545:4 13577:3 13638:3 13642:4 13705:4 13765:4 13770:3 13833:4 13892:5 13962:4 14010:1 14018:5 14138:3 14264:5 14392:5,"{""x"":0.07031,""y"":0.07031,""w"":0.82812,""h"":0.8125}"
267,train/shadows/000267.png,128,"A cleaned target silhouette shows the shadow figure from a historical hand-shadow instruction plate. Infer the expert hand-and-arm ink arrangement that produced that shadow. Submit hand_ink_rle as a 128 by 128 binary mask RLE of the hand/arm drawing, hand_bbox_json as normalized x/y/w/h of the ink mask, and confidence in [0,1].",2450:3 2577:5 2705:2 2710:3 2835:2 2841:2 2963:4 2971:3 3093:3 3101:3 3222:3 3232:1 3351:3 3361:3 3375:3 3480:3 3492:2 3503:1 3506:1 3610:3 3619:1 3622:1 3630:3 3634:1 3726:2 3732:1 3739:5 3752:1 3758:3 3763:1 3854:1 3856:4 3861:3 3869:3 3873:1 3881:2 3886:3 3891:1 3992:3 3998:5 4011:1 4014:4 4020:1 4122:5 4128:4 4140:6 4148:1 4252:4 4257:5 4269:7 4277:1 4383:1 4385:8 4399:2 4402:3 4406:1 4516:6 4533:2 4646:6 4662:2 4776:3 4792:2 4907:3 4922:1 5037:4 5042:1 5052:1 5171:1 5181:2 5311:2 5425:3 5441:1 5552:1 5570:2 5698:3 5822:1 5827:2 5830:1 5951:1 5958:2 6088:2 6191:2 6218:2 6349:2 6356:2 6479:1 6484:1 6487:8 6608:1 6611:1 6623:1 6737:1 6752:1 6866:1 6874:1 6881:1 6994:1 7003:3 7010:2 7121:1 7125:4 7135:5 7249:1 7252:5 7263:7 7376:1 7379:4 7392:7 7504:1 7506:4 7521:7 7632:1 7634:2 7648:9 7720:1 7759:1 7761:2 7772:5 7778:8 7847:5 7887:4 7898:2 7903:4 7908:6 7971:8 7980:3 8014:3 8025:1 8030:4 8035:2 8038:4 8097:5 8103:4 8108:1 8110:3 8142:3 8151:2 8157:6 8165:1 8168:2 8222:5 8228:14 8270:2 8278:3 8285:4 8290:2 8293:1 8297:1 8299:1 8347:9 8363:8 8398:1 8404:4 8412:4 8417:1 8420:1 8422:1 8426:1 8429:2 8472:3 8477:3 8493:7 8501:2 8531:2 8540:4 8545:2 8548:2 8552:1 8559:3 8600:6 8628:5 8653:1 8660:1 8667:4 8672:1 8675:1 8679:3 8758:3 8781:1 8802:1 8805:2 8808:1 8812:1 8908:1 8935:1 8938:1 8940:1 8942:1 9036:1 9065:1 9069:1 9071:1 9163:1 10251:1 10378:1 10505:1 10510:3 10638:4 10766:4 10894:2 11020:3 11588:1 11717:1 11844:2 11971:2 12098:2 12114:2 12224:2 12352:1 13128:1 13256:1 13511:1 13890:1 14018:1,"{""x"":0.07031,""y"":0.14844,""w"":0.82031,""h"":0.71094}"
268,train/shadows/000268.png,128,"A cleaned target silhouette shows the shadow figure from a historical hand-shadow instruction plate. Infer the expert hand-and-arm ink arrangement that produced that shadow. Submit hand_ink_rle as a 128 by 128 binary mask RLE of the hand/arm drawing, hand_bbox_json as normalized x/y/w/h of the ink mask, and confidence in [0,1].",824:1 950:4 1077:1 1080:2 1208:2 1317:3 1332:1 1336:2 1445:1 1448:1 1460:2 1464:2 1573:1 1577:1 1587:3 1592:2 1700:1 1705:1 1715:1 1720:2 1828:2 1843:2 1956:2 1962:1 1971:2 2085:1 2087:1 2090:1 2099:2 2106:1 2213:1 2215:1 2219:1 2227:2 2234:1 2341:3 2348:1 2355:3 2363:1 2469:2 2477:1 2484:2 2490:2 2597:4 2612:2 2619:1 2725:5 2734:1 2741:2 2748:1 2854:5 2869:3 2877:1 2983:4 2992:1 2997:3 3112:5 3122:1 3126:3 3134:2 3240:4 3254:3 3264:1 3370:2 3380:1 3383:3 3392:2 3498:3 3509:1 3511:3 3522:2 3627:4 3638:4 3651:2 3746:15 3768:3 3781:2 3887:1 3889:3 3893:1 3895:4 3912:3 4022:2 4042:3 4164:1 4174:3 4291:4 4304:3 4435:3 4516:3 4521:1 4567:2 4598:1 4643:8 4653:1 4697:2 4725:1 4727:1 4771:9 4782:6 4827:3 4852:1 4899:15 4955:1 4959:1 4978:2 4984:1 5026:15 5088:2 5105:2 5112:1 5154:4 5161:5 5217:2 5226:8 5240:1 5281:4 5288:6 5347:2 5352:6 5360:1 5408:2 5414:1 5416:3 5475:2 5478:3 5485:2 5488:2 5497:1 5542:2 5605:1 5607:3 5614:4 5625:1 5669:2 5734:2 5737:1 5795:2 5865:1 5923:1 5993:1 6008:1 6121:1 6136:2 6249:2 6267:1 6377:2 6391:1 6505:2 6518:1 6520:2 6552:1 6633:2 6679:1 6761:2 6773:1 6805:1 6835:1 6901:1 6960:1 6962:4 7017:1 7029:1 7086:8 7145:1 7157:1 7211:9 7273:1 7285:1 7287:1 7338:1 7340:7 7401:1 7412:1 7414:1 7466:6 7528:2 7540:2 7591:2 7594:3 7657:1 7718:5 7784:1 7795:2 7798:2 7845:4 7923:2 7971:2 7977:1 8039:1 8052:3 8098:2 8130:1 8167:1 8180:1 8224:1 8256:4 8294:2 8306:3 8350:2 8384:4 8422:2 8434:4 8562:2 8689:3 8693:1 8817:4 8945:3 8949:1 9072:4 9077:1 9200:3 9204:1 9328:2 9331:2 9456:4 9583:4 9710:3 9715:1 9838:3 9842:2 9966:5 10093:5 10221:4 10349:3 10354:1 10472:1 10476:3 10480:2 10600:2 10604:3 10608:2 10729:1 10732:2 10736:2 10859:5 10866:1 10987:3 10993:1 11118:1 11120:2 11247:2 11376:1 11378:1 11505:2 11633:1 11763:2 11891:1 12020:1 13171:1 13173:1 13300:1 13422:3 13431:1 13551:3 13557:1 13679:2 13686:1 13808:2 13815:1 13937:1 14066:1 14194:1,"{""x"":0.16406,""y"":0.04688,""w"":0.80469,""h"":0.82031}"
269,train/shadows/000269.png,128,"A cleaned target silhouette shows the shadow figure from a historical hand-shadow instruction plate. Infer the expert hand-and-arm ink arrangement that produced that shadow. Submit hand_ink_rle as a 128 by 128 binary mask RLE of the hand/arm drawing, hand_bbox_json as normalized x/y/w/h of the ink mask, and confidence in [0,1].",2229:1 2355:2 2358:1 2482:2 2485:1 2610:2 2613:1 2737:2 2741:1 2852:2 2865:1 2869:1 2979:1 2982:1 2993:2 2997:2 3107:1 3110:3 3122:2 3127:1 3235:1 3250:2 3256:1 3363:3 3369:1 3378:2 3491:3 3497:1 3506:2 3513:1 3619:3 3626:1 3634:2 3641:1 3748:3 3754:1 3762:3 3769:2 3876:2 3883:1 3891:2 3898:1 4004:3 4019:2 4027:1 4132:5 4141:1 4147:2 4157:1 4260:7 4271:1 4277:2 4286:1 4390:5 4400:1 4405:3 4415:1 4519:5 4530:1 4534:2 4544:1 4648:4 4659:2 4662:3 4673:3 4778:2 4789:1 4791:3 4804:2 4906:3 4918:4 4935:3 4940:1 4980:2 5035:4 5047:3 5066:2 5069:2 5107:1 5160:8 5169:4 5175:2 5184:1 5187:1 5201:2 5205:2 5234:1 5238:1 5282:1 5284:4 5296:1 5302:1 5317:1 5332:1 5335:1 5449:2 5460:1 5462:1 5465:2 5488:1 5594:4 5599:1 5614:2 5728:1 5736:8 5751:1 5857:2 5863:1 5872:1 5879:1 5926:1 5930:1 5986:3 5990:3 5996:1 6007:1 6052:3 6056:7 6065:3 6116:1 6118:3 6126:1 6136:1 6180:1 6182:12 6246:1 6249:1 6308:14 6377:1 6391:2 6394:1 6437:12 6505:1 6519:1 6521:1 6563:6 6570:6 6633:1 6692:3 6698:4 6761:1 6774:3 6819:2 6825:2 6889:2 6901:1 6952:1 7080:1 7145:1 7206:3 7273:1 7284:1 7333:2 7402:1 7413:1 7461:1 7530:1 7541:1 7543:2 7658:1 7669:1 7671:1 7785:2 7796:1 7913:1 7924:2 7990:3 8052:2 8055:1 8092:1 8116:5 8169:1 8179:2 8218:2 8242:6 8296:1 8307:4 8344:2 8369:3 8373:2 8424:1 8435:3 8494:7 8553:1 8564:3 8621:6 8680:1 8691:3 8749:6 8808:1 8819:3 8874:2 8877:4 8936:1 8947:2 8950:2 9003:3 9029:1 9074:5 9130:3 9156:3 9202:4 9257:1 9261:1 9284:3 9331:3 9383:2 9412:1 9458:4 9509:2 9586:2 9635:2 9714:2 9718:1 9761:2 9842:2 9845:2 9969:5 10097:3 10224:4 10352:3 10480:3 10484:1 10607:3 10611:1 10730:2 10735:2 10739:2 10860:2 10864:5 10989:1 10992:2 10997:1 11119:4 11124:1 11247:1 11249:1 11251:2 11378:2 11507:3 11637:1 11765:1 11894:2 12024:1 12153:1 13305:2 13436:1 13556:3 13562:1 13684:4 13691:1 13813:3 13820:2 13943:1 14071:2 14199:1 14329:1,"{""x"":0.1875,""y"":0.13281,""w"":0.79688,""h"":0.74219}"
270,train/shadows/000270.png,128,"A cleaned target silhouette shows the shadow figure from a historical hand-shadow instruction plate. Infer the expert hand-and-arm ink arrangement that produced that shadow. Submit hand_ink_rle as a 128 by 128 binary mask RLE of the hand/arm drawing, hand_bbox_json as normalized x/y/w/h of the ink mask, and confidence in [0,1].",1435:1 1549:5 1562:3 1566:1 1675:2 1691:2 1803:3 1812:2 1818:3 1822:1 1933:4 1944:1 1947:1 1949:1 1951:4 2063:3 2073:1 2077:1 2079:1 2192:3 2203:1 2205:1 2207:1 2322:2 2334:1 2443:1 2450:1 2452:1 2461:1 2570:3 2574:3 2698:8 2834:2 2964:2 4379:2 4633:1 4637:1 4683:3 4760:1 4764:1 4766:1 4888:1 4891:1 4893:1 5002:2 5015:1 5018:3 5129:4 5138:3 5143:1 5146:1 5257:1 5259:2 5266:2 5273:1 5385:5 5394:2 5398:1 5400:2 5514:4 5520:3 5528:1 5640:7 5648:2 5653:1 5655:2 5768:8 5783:1 5897:4 5902:1 5907:1 5915:1 6026:4 6034:1 6043:1 6152:5 6161:1 6282:2 6293:1 6298:3 6409:2 6421:1 6426:2 6496:3 6538:1 6549:1 6555:1 6624:4 6665:1 6792:1 6882:1 6947:2 7010:1 7047:1 7061:1 7074:3 7138:1 7189:1 7201:1 7203:2 7266:1 7311:1 7315:2 7327:1 7329:3 7443:1 7445:1 7453:1 7457:3 7571:1 7573:4 7579:1 7584:3 7650:1 7693:1 7700:5 7711:1 7713:2 7777:1 7820:1 7828:7 7838:1 7840:3 7947:1 7954:1 7956:7 7965:1 7967:4 8074:2 8082:1 8084:5 8090:3 8096:3 8160:1 8201:2 8211:6 8219:2 8225:1 8288:1 8329:2 8338:2 8341:5 8352:2 8416:1 8456:2 8466:1 8470:3 8474:1 8477:1 8480:2 8583:1 8598:4 8603:2 8608:1 8671:1 8710:2 8720:1 8727:5 8735:1 8799:1 8838:2 8847:2 8856:2 8862:1 8927:1 8966:1 8974:2 8989:1 9051:1 9055:1 9093:2 9102:1 9114:2 9178:1 9181:2 9220:3 9229:2 9306:1 9309:3 9348:3 9357:1 9434:2 9437:1 9476:2 9484:2 9563:3 9604:2 9612:1 9693:1 9732:2 9739:1 9859:2 9866:2 9987:3 9993:1 10116:1 10120:1 10247:1 14139:2 14142:2 14145:1 14157:1 14270:4 14275:2 14278:2 14281:1 14284:1 14286:2 14293:1 14395:1 14397:4 14402:2 14405:11 14418:2 14421:2 14531:1 14533:2 14536:7 14545:1 14549:1 14670:1 14673:6,"{""x"":0.02344,""y"":0.08594,""w"":0.75781,""h"":0.8125}"
271,train/shadows/000271.png,128,"A cleaned target silhouette shows the shadow figure from a historical hand-shadow instruction plate. Infer the expert hand-and-arm ink arrangement that produced that shadow. Submit hand_ink_rle as a 128 by 128 binary mask RLE of the hand/arm drawing, hand_bbox_json as normalized x/y/w/h of the ink mask, and confidence in [0,1].",1250:1 1253:1 1377:1 1379:2 1391:1 1394:3 1507:4 1523:3 1632:1 1634:5 1641:3 1649:3 1757:4 1762:3 1767:1 1776:3 1889:3 1894:2 1903:3 2016:3 2021:1 2030:3 2148:1 2158:2 2284:1 2286:1 2290:1 2411:1 2416:1 2418:2 2421:2 2538:1 2543:8 2668:3 2795:1 3939:1 4196:1 4274:3 4325:1 4450:1 4578:2 4582:1 4708:1 4839:1 4964:2 4971:2 4979:1 4981:1 5093:2 5096:1 5099:3 5107:4 5222:1 5228:2 5234:4 5350:2 5353:1 5357:1 5363:5 5480:1 5486:2 5490:6 5603:1 5608:2 5611:1 5615:9 5731:1 5737:1 5746:4 5859:1 5865:1 5868:1 5873:4 5878:2 5987:2 5997:1 6002:6 6045:2 6116:1 6131:3 6171:1 6244:1 6260:1 6262:2 6298:3 6378:1 6390:2 6428:1 6506:1 6517:1 6634:1 6646:1 6746:1 6762:1 6775:1 6812:1 6874:3 6890:1 6939:2 7002:4 7018:1 7068:1 7131:2 7134:1 7146:1 7260:3 7265:2 7275:2 7280:1 7388:3 7396:2 7401:4 7453:1 7516:4 7528:3 7532:1 7537:1 7581:1 7645:2 7648:1 7654:5 7660:1 7666:1 7709:1 7773:3 7781:6 7788:1 7795:1 7901:3 7905:1 7907:9 7924:1 8029:3 8034:1 8036:1 8040:5 8053:1 8094:1 8158:2 8167:4 8172:1 8181:1 8222:1 8286:1 8289:1 8291:1 8293:5 8300:1 8309:2 8350:1 8414:2 8418:3 8422:4 8429:1 8438:2 8478:1 8547:5 8557:1 8566:2 8606:2 8610:2 8671:1 8676:3 8686:1 8694:3 8734:2 8738:2 8804:2 8814:2 8823:2 8862:2 8866:2 8944:2 8952:2 8992:3 9072:2 9080:3 9120:2 9201:1 9209:2 9330:1 9337:3 9458:2 9465:3 9587:1 9594:2 9715:1 9721:3 9844:1 9850:2 9977:3 10101:1 10105:3 10230:1 10234:1 13870:2 13884:1 13886:2 13889:2 13991:1 13998:2 14001:1 14003:2 14006:2 14009:2 14012:4 14018:1 14119:1 14121:3 14127:1 14129:1 14131:2 14134:2 14137:2 14140:4 14145:2 14148:1 14247:2 14250:2 14254:2 14257:7 14265:2 14374:1 14377:1 14379:1,"{""x"":0.20312,""y"":0.07031,""w"":0.76562,""h"":0.8125}"
272,train/shadows/000272.png,128,"A cleaned target silhouette shows the shadow figure from a historical hand-shadow instruction plate. Infer the expert hand-and-arm ink arrangement that produced that shadow. Submit hand_ink_rle as a 128 by 128 binary mask RLE of the hand/arm drawing, hand_bbox_json as normalized x/y/w/h of the ink mask, and confidence in [0,1].",2275:3 2402:4 2530:4 2658:6 2788:3 2916:4 3045:5 3174:1 3176:2 3304:3 3433:3 3562:3 3691:2 3819:2 4283:3 4411:4 4486:2 4539:4 4613:4 4669:2 4676:2 4741:4 4803:4 4872:5 4932:3 4936:2 5000:6 5060:3 5064:4 5128:6 5192:5 5256:2 5259:1 5261:1 5323:3 5384:1 5452:3 5456:1 5582:3 5710:4 5839:2 9662:2 9693:1 9788:4 9809:16 9915:4 9937:18 10043:3 10059:25 10167:14 10182:23 10206:7 10292:30 10416:34 10544:11 10558:8 10568:4 10670:10 10796:7 10923:5 11050:6 11176:6 11303:6 11430:5 11557:5 11685:4 11809:2 11812:4 11937:7 12067:4 12186:3 12193:6 12314:4 12319:6 12442:3 12446:7 12574:6 12700:5 12828:4 12955:5 13082:4 13200:3 13209:5 13328:4 13336:5 13456:5 13464:5 13585:11 13713:10 13842:9 13971:6 14102:1,"{""x"":0.03906,""y"":0.13281,""w"":0.8125,""h"":0.73438}"
274,train/shadows/000274.png,128,"A cleaned target silhouette shows the shadow figure from a historical hand-shadow instruction plate. Infer the expert hand-and-arm ink arrangement that produced that shadow. Submit hand_ink_rle as a 128 by 128 binary mask RLE of the hand/arm drawing, hand_bbox_json as normalized x/y/w/h of the ink mask, and confidence in [0,1].",2160:1 2162:2 2287:5 2415:3 2542:4 2654:2 2672:3 2782:2 2909:3 3037:4 3165:1 3167:2 3293:1 3295:2 3421:1 3549:1 3677:1 3805:1 3811:2 3933:1 3939:2 4061:2 4067:2 4188:2 4194:2 4322:3 4450:3 4579:2 4707:2 4836:2 4964:3 5092:4 5221:5 5352:3 5481:3 5611:1 5868:2 5996:3 6119:1 6125:2 6247:2 6253:3 6373:6 6382:2 6501:7 6510:2 6629:2 6632:1 6634:1 6756:3 6760:1 6884:4 7012:1 7014:2 7140:1 7142:2 7226:2 7268:4 7354:2 7396:2 7482:2 7524:1 7610:3 7738:3 7868:1 7996:1 8124:1 8252:1 8254:2 8380:4 8508:4 8636:5 8767:2 8895:3 9023:3 9152:2 9268:1 9280:2 9284:1 9396:1 9409:4 9524:2 9537:5 9652:3 9665:6 9676:1 9768:1 9783:2 9795:5 9804:3 9895:3 9911:3 9923:6 9933:6 10024:2 10040:4 10052:1 10054:5 10062:6 10152:3 10169:4 10182:8 10191:8 10281:2 10299:4 10311:8 10320:8 10409:2 10427:7 10440:2 10443:5 10449:8 10538:2 10555:9 10572:2 10575:3 10579:8 10666:2 10690:4 10701:3 10705:11 10727:2 10796:2 10822:6 10832:16 10855:2 10924:3 10953:5 10965:10 10976:1 10982:3 10986:2 11052:3 11079:3 11084:5 11090:1 11095:6 11109:3 11113:4 11181:3 11204:8 11213:7 11227:3 11237:3 11243:4 11310:2 11327:1 11333:2 11347:1 11357:3 11366:4 11372:5 11438:3 11454:9 11485:4 11494:1 11496:3 11502:5 11567:3 11580:10 11614:3 11626:2 11633:4 11696:2 11708:8 11742:3 11755:2 11763:4 11825:3 11838:3 11870:3 11892:3 11953:3 11998:2 12082:2 12124:1 12126:2 12130:7 12180:2 12252:4 12258:13 12307:3 12380:3 12386:3 12391:10 12435:3 12496:3 12506:2 12509:1 12511:5 12521:8 12563:3 12624:4 12632:4 12639:7 12651:3 12655:1 12751:7 12760:3 12768:3 12772:3 12780:3 12875:2 12878:7 12896:7 12904:2 12909:2 13003:2 13006:5 13028:2 13031:4 13130:3 13134:4 13159:3 13248:1 13257:4 13262:3 13288:1 13292:1 13376:3 13383:6 13419:2 13422:1 13501:2 13504:3 13547:4 13629:6,"{""x"":0.14844,""y"":0.125,""w"":0.78125,""h"":0.71094}"
276,train/shadows/000276.png,128,"A cleaned target silhouette shows the shadow figure from a historical hand-shadow instruction plate. Infer the expert hand-and-arm ink arrangement that produced that shadow. Submit hand_ink_rle as a 128 by 128 binary mask RLE of the hand/arm drawing, hand_bbox_json as normalized x/y/w/h of the ink mask, and confidence in [0,1].",2324:1 2451:1 2453:1 2577:4 2582:1 2692:3 2696:2 2700:3 2705:5 2711:3 2820:2 2832:1 2835:1 2837:1 2949:3 2962:1 2965:1 3079:3 3091:1 3094:1 3208:4 3221:1 3337:2 3340:2 3589:1 3591:1 3716:6 3723:3 3849:2 4416:1 4546:2 5014:1 5141:1 5268:1 5271:1 5400:1 5523:1 5526:1 5653:2 5774:2 5778:1 5781:1 5846:4 5908:1 5974:1 5976:2 6022:3 6029:2 6033:1 6035:2 6104:1 6150:2 6153:1 6156:2 6163:1 6232:1 6277:5 6284:1 6288:1 6290:2 6295:1 6360:1 6406:7 6418:1 6423:1 6534:6 6543:1 6546:1 6551:1 6661:1 6663:5 6670:1 6789:6 6801:1 6806:1 6873:1 6918:4 6929:1 6934:2 7001:1 7046:1 7049:1 7058:1 7174:2 7177:1 7200:1 7304:1 7327:2 7384:1 7431:1 7454:3 7512:1 7570:1 7581:4 7686:1 7697:2 7707:1 7710:3 7822:1 7825:3 7834:1 7837:3 7895:1 7953:1 7955:6 7965:3 8023:1 8081:6 8092:4 8147:2 8151:1 8204:1 8209:6 8219:1 8221:3 8275:1 8279:1 8338:9 8349:1 8351:1 8403:2 8407:2 8459:1 8464:1 8466:5 8472:2 8477:2 8532:1 8534:1 8586:1 8593:6 8603:1 8606:1 8661:1 8714:1 8721:1 8723:5 8730:1 8734:1 8841:1 8848:1 8852:7 8968:2 8976:1 8981:3 8985:1 8989:1 9095:2 9110:2 9223:2 9231:1 9240:3 9351:1 9358:1 9478:2 9485:2 9606:2 9613:1 9734:2 9742:1 9862:2 9869:1 9990:1 9997:1 10118:2 10124:1 10246:2 10252:1 10374:2 10502:2 10507:1 10630:2 10634:1 10761:1 13133:2 13251:2 13255:2 13259:1 13261:2 13265:1 13267:2 13372:1 13375:1 13379:2 13382:1 13384:1 13387:1 13389:2 13393:2 13397:1 13498:1 13500:1 13502:4 13507:2 13510:3 13514:1,"{""x"":0.03125,""y"":0.14062,""w"":0.67188,""h"":0.6875}"
278,train/shadows/000278.png,128,"A cleaned target silhouette shows the shadow figure from a historical hand-shadow instruction plate. Infer the expert hand-and-arm ink arrangement that produced that shadow. Submit hand_ink_rle as a 128 by 128 binary mask RLE of the hand/arm drawing, hand_bbox_json as normalized x/y/w/h of the ink mask, and confidence in [0,1].",3122:1 3249:2 3377:1 3505:1 4018:1 4145:1 4273:2 4401:1 4528:1 4655:2 4783:1 4911:1 5057:1 5059:1 5183:1 5185:1 5187:2 5311:2 5314:1 5316:1 5439:2 5566:1 5692:3 5819:2 5922:1 5947:2 6050:1 6074:2 6178:1 6180:1 6306:3 6434:3 6562:3 6581:3 6690:2 6706:4 6818:4 6827:3 6833:1 6946:4 6957:1 7004:3 7074:4 7081:1 7085:5 7133:5 7202:4 7209:1 7266:1 7332:1 7336:2 7460:1 7463:3 7590:3 7716:5 7846:2 7974:2 8263:5 8356:1 8391:4 8483:2 10405:2 10533:2 10662:1 10783:1 10911:1 10914:1 11040:1 11042:1 11166:1 11168:1 11170:1 11295:2 11311:2 11423:2 11440:1 11551:1 11569:1 11571:2 11679:2 11693:4 11699:3 11806:2 11822:3 11935:1 11952:1 11954:1 12063:1 12244:1 12318:1 12362:3 12366:13 12446:1 12462:1 12492:15 12573:1 12591:2 12621:3 12720:1 12723:1 12745:5 12848:7 12872:6 12975:13 12993:10 13085:1 13099:29 13212:2 13227:8 13237:18 13340:2 13356:4 13375:1 13483:3 13611:3 13739:2 13867:2 13994:2 14122:2 14249:2 14377:2 14504:3 14632:2 14760:2 14887:2 15015:2 15143:1 15270:2 15398:1,"{""x"":0.21875,""y"":0.1875,""w"":0.55469,""h"":0.75781}"
280,train/shadows/000280.png,128,"A cleaned target silhouette shows the shadow figure from a historical hand-shadow instruction plate. Infer the expert hand-and-arm ink arrangement that produced that shadow. Submit hand_ink_rle as a 128 by 128 binary mask RLE of the hand/arm drawing, hand_bbox_json as normalized x/y/w/h of the ink mask, and confidence in [0,1].",2629:1 2747:1 2759:1 2874:7 2887:1 2992:9 3009:1 3011:1 3144:1 3262:3 3273:1 3393:1 3402:1 3503:3 3507:1 3627:11 3639:3 3752:20 3879:4 3892:5 3899:1 4008:1 4010:1 4022:1 4137:2 4558:1 4687:1 4816:1 4946:1 6455:1 7658:1 7787:1 10574:2 12015:1 12269:2 13028:1 13156:1 13284:5 13411:5 13539:4 13667:3 13671:1 13796:3 13925:3 14054:2 14182:2 14311:1,"{""x"":0.30469,""y"":0.15625,""w"":0.57031,""h"":0.71875}"
281,train/shadows/000281.png,128,"A cleaned target silhouette shows the shadow figure from a historical hand-shadow instruction plate. Infer the expert hand-and-arm ink arrangement that produced that shadow. Submit hand_ink_rle as a 128 by 128 binary mask RLE of the hand/arm drawing, hand_bbox_json as normalized x/y/w/h of the ink mask, and confidence in [0,1].",2606:4 2733:3 2737:1 2861:3 2865:1 2988:2 2991:1 2993:1 3116:2 3119:1 3121:1 3244:1 3248:2 3371:2 3377:1 3505:1 3634:2 3750:2 3762:1 3875:3 3891:2 4002:1 4004:4 4019:1 4021:1 4130:4 4135:1 4150:1 4254:4 4276:1 4279:1 4383:3 4405:2 4408:1 4511:1 4513:1 4534:1 4537:1 4640:1 4663:1 4666:1 4791:1 4795:1 4895:2 4920:1 4924:1 5023:2 5049:2 5053:1 5150:2 5178:2 5182:1 5277:1 5310:2 5405:2 5439:1 5532:2 5568:1 5660:1 5695:2 5788:2 5824:1 5916:3 5952:2 6045:1 6051:1 6080:2 6173:2 6208:2 6308:1 6336:3 6436:1 6464:3 6564:1 6593:2 6692:1 6695:1 6721:2 6727:3 6820:3 6824:1 6849:3 6854:1 6856:5 6948:5 6977:3 6982:6 6989:2 7075:5 7081:1 7105:3 7109:1 7111:7 7119:3 7203:7 7235:2 7239:8 7250:2 7333:5 7339:1 7362:7 7370:9 7381:2 7460:2 7463:4 7490:6 7500:1 7502:1 7504:6 7511:3 7590:1 7592:6 7619:4 7629:1 7632:8 7642:2 7722:2 7725:4 7747:4 7763:10 7837:2 7852:2 7855:4 7876:3 7896:1 7899:16 7964:1 7981:1 7985:5 8004:2 8028:9 8089:4 8113:7 8132:2 8157:4 8216:4 8241:1 8244:8 8257:1 8260:1 8285:1 8341:2 8344:2 8374:8 8384:1 8386:3 8413:1 8468:1 8470:2 8503:1 8505:8 8514:12 8541:1 8594:4 8634:2 8638:3 8642:17 8668:2 8721:3 8761:2 8764:5 8770:1 8776:3 8781:13 8796:4 8890:7 8898:1 8912:2 8915:2 8921:5 8928:7 9019:7 9042:3 9050:2 9148:1 9150:4 9171:2 9179:1 9277:5 9299:1 9366:3 9406:2 9409:1 9427:2 9493:1 9496:3 9534:2 9537:1 9555:3 9621:7 9662:3 9684:2 9750:6 9791:2 9811:1 9813:1 9877:2 9881:1 9919:2 9938:2 10005:1 10008:1 10046:1 10048:1 10066:1 10133:1 10174:1 10194:1 10281:1 10302:1 10322:1 10409:2 10450:1 10537:1 10539:2 10578:1 10706:1 10834:1 10926:2 10930:3 10962:1 11046:2 11055:3 11090:1 11172:1 11174:3 11179:3 11218:1 11300:6 11346:1 11426:1 11546:1 11616:1 11673:2 11681:1 11744:1 11795:1 11801:8 11872:1 11925:2 12000:1 12129:1 12775:1 12902:1 13030:1 13157:1 13285:1 13413:3 13543:4,"{""x"":0.13281,""y"":0.15625,""w"":0.70312,""h"":0.67188}"
283,train/shadows/000283.png,128,"A cleaned target silhouette shows the shadow figure from a historical hand-shadow instruction plate. Infer the expert hand-and-arm ink arrangement that produced that shadow. Submit hand_ink_rle as a 128 by 128 binary mask RLE of the hand/arm drawing, hand_bbox_json as normalized x/y/w/h of the ink mask, and confidence in [0,1].",1635:1 1638:1 1762:1 1765:3 1892:4 2013:5 2019:4 2028:5 2040:1 2145:1 2147:8 2163:4 2272:2 2276:1 2279:2 2290:3 2401:2 2406:1 2416:5 2532:2 2543:4 2659:1 2670:4 2796:2 2924:1 2934:1 3051:1 3057:3 3061:4 3181:11 3308:1 4401:1 4525:2 4578:1 4707:1 4836:1 4961:1 5089:1 5093:1 5217:2 5347:1 5350:1 5476:1 5603:1 5607:1 5611:2 5733:2 5740:3 5748:1 5750:1 5862:1 5865:1 5869:2 5876:4 5990:2 5997:2 6003:5 6119:1 6122:1 6126:2 6131:6 6242:1 6248:1 6251:1 6255:2 6258:7 6292:5 6370:1 6376:1 6384:7 6420:5 6498:1 6508:1 6512:9 6550:1 6626:1 6633:1 6641:8 6678:1 6754:2 6761:1 6765:1 6770:4 6775:2 6806:1 6883:1 6889:1 6899:4 6934:1 7011:1 7028:5 7156:1 7160:1 7285:2 7385:2 7402:1 7414:1 7446:1 7513:1 7515:1 7530:1 7542:2 7574:1 7641:2 7644:1 7658:1 7702:1 7769:3 7773:1 7786:1 7800:1 7898:2 7903:1 7914:1 8026:3 8032:1 8041:3 8087:1 8154:2 8157:1 8161:2 8168:4 8215:1 8282:5 8293:7 8303:1 8343:1 8410:2 8414:1 8421:5 8427:1 8539:3 8543:1 8548:6 8555:1 8561:1 8667:3 8672:10 8690:1 8728:1 8795:2 8801:10 8818:1 8856:1 8923:2 8930:1 8934:6 8947:1 8984:1 9052:1 9055:1 9061:7 9076:1 9112:1 9116:2 9180:1 9184:2 9187:6 9195:1 9204:2 9239:3 9244:2 9308:1 9313:2 9316:4 9324:1 9333:1 9367:3 9372:2 9437:1 9441:6 9452:1 9462:1 9497:1 9499:2 9570:4 9581:1 9590:2 9625:3 9695:1 9699:1 9709:2 9718:2 9825:1 9838:1 9846:3 9966:2 9975:2 10094:2 10103:2 10223:1 10231:3 10351:1 10359:3 10480:1 10487:3 10608:2 10617:1 10738:1 10745:2 10867:1 10873:2 10995:1 11001:2 11124:1 11129:2 11253:1 11258:1 11382:1 11386:1 14879:1 14886:3 14893:1 14895:2 14898:2 14901:2 14904:3 14908:1 15007:2 15010:2 15014:2 15017:2 15021:1 15023:2 15026:1 15029:2 15032:2 15035:1 15135:2 15138:2 15142:3 15146:4 15151:2 15154:2 15157:1 15159:1 15163:1 15262:1 15265:3 15270:6,"{""x"":0.15625,""y"":0.09375,""w"":0.80469,""h"":0.84375}"
284,train/shadows/000284.png,128,"A cleaned target silhouette shows the shadow figure from a historical hand-shadow instruction plate. Infer the expert hand-and-arm ink arrangement that produced that shadow. Submit hand_ink_rle as a 128 by 128 binary mask RLE of the hand/arm drawing, hand_bbox_json as normalized x/y/w/h of the ink mask, and confidence in [0,1].",2622:1 2750:3 2877:2 2880:2 3005:3 3009:1 3133:2 3137:2 3149:2 3261:2 3265:2 3275:2 3389:2 3393:2 3403:1 3407:1 3517:1 3521:2 3530:1 3534:2 3649:2 3658:1 3662:2 3776:2 3784:1 3790:2 3899:1 3903:3 3911:1 3916:3 4027:2 4031:3 4043:4 4154:1 4160:1 4166:1 4171:3 4282:1 4287:2 4293:1 4298:4 4409:1 4415:2 4420:1 4425:5 4536:1 4542:2 4547:1 4552:5 4663:1 4669:3 4674:1 4680:3 4788:2 4797:2 4800:2 4808:2 4914:1 4925:1 4927:2 4935:3 5040:1 5052:2 5060:2 5063:2 5164:3 5180:2 5185:6 5197:4 5289:2 5299:1 5310:2 5414:2 5426:1 5429:1 5512:2 5540:2 5550:2 5642:1 5665:3 5767:1 5771:1 5788:2 5791:2 5833:3 5837:1 5900:3 5915:1 5919:1 5954:2 5958:1 5960:7 6029:8 6041:1 6083:13 6150:1 6156:1 6164:2 6167:2 6212:12 6278:1 6288:1 6292:2 6295:1 6342:5 6348:5 6420:1 6422:1 6472:4 6478:3 6547:1 6603:1 6609:1 6674:2 6732:1 6738:1 6790:1 6802:1 6860:2 6930:1 6989:2 7046:2 7118:1 7186:1 7304:1 7314:1 7432:1 7442:1 7571:1 7614:3 7639:1 7687:1 7689:1 7699:1 7742:4 7768:2 7816:2 7827:1 7871:6 7955:1 8000:6 8073:1 8083:1 8130:5 8136:1 8199:1 8201:2 8211:2 8260:5 8329:2 8340:1 8390:3 8394:1 8457:1 8468:1 8521:3 8585:3 8597:1 8649:1 8651:2 8713:1 8715:1 8725:1 8755:2 8779:3 8841:1 8883:1 8885:1 8910:1 8968:1 8970:2 9012:2 9040:2 9096:2 9099:2 9171:1 9225:1 9227:2 9353:1 9355:2 9480:2 9483:2 9608:2 9611:2 9737:5 9866:4 9994:5 10123:4 10251:4 10380:4 10508:4 10514:1 10634:1 10636:4 10642:1 10762:1 10765:3 10891:1 10894:3 11019:3 11147:2 11275:1 11403:1 11529:1 11657:1 11784:1 12679:2 12806:1 12935:1 12939:2 13062:1 13066:3 13189:1 13193:3 13316:1 13322:2 13449:2 13577:1,"{""x"":0.03125,""y"":0.15625,""w"":0.67188,""h"":0.67969}"
285,train/shadows/000285.png,128,"A cleaned target silhouette shows the shadow figure from a historical hand-shadow instruction plate. Infer the expert hand-and-arm ink arrangement that produced that shadow. Submit hand_ink_rle as a 128 by 128 binary mask RLE of the hand/arm drawing, hand_bbox_json as normalized x/y/w/h of the ink mask, and confidence in [0,1].",3466:3 3588:1 3593:1 3597:2 3715:4 3721:1 3724:2 3727:4 3842:1 3845:6 3857:3 3935:3 3970:1 3974:5 3986:1 3988:2 4064:1 4066:3 4099:1 4104:5 4116:1 4118:3 4195:8 4228:1 4234:4 4240:1 4245:1 4247:4 4331:1 4357:1 4363:5 4377:3 4440:1 4458:2 4486:1 4491:6 4498:1 4505:5 4568:1 4575:1 4578:5 4586:3 4615:1 4619:1 4621:8 4635:1 4637:3 4697:1 4699:15 4741:4 4747:1 4750:8 4760:2 4763:1 4765:6 4772:1 4816:1 4823:27 4870:1 4874:1 4876:1 4880:1 4883:1 4885:5 4894:4 4899:4 4948:1 4950:13 4964:2 4968:5 4975:1 4998:1 5002:2 5011:7 5024:4 5029:4 5074:7 5082:1 5084:2 5094:1 5099:2 5103:3 5126:1 5131:3 5143:4 5154:2 5159:2 5162:1 5201:1 5204:6 5212:1 5222:1 5229:1 5232:2 5255:1 5260:4 5270:1 5272:4 5282:1 5288:6 5332:5 5341:1 5350:2 5354:2 5357:4 5384:1 5388:4 5398:1 5400:6 5417:1 5419:3 5449:1 5460:1 5468:17 5488:1 5513:1 5517:6 5529:1 5533:3 5537:1 5548:2 5577:1 5588:1 5595:8 5606:3 5616:1 5642:1 5645:8 5659:1 5661:5 5688:1 5706:1 5722:2 5743:1 5770:1 5775:6 5789:1 5791:2 5816:1 5846:5 5854:1 5862:2 5869:1 5899:1 5903:1 5906:7 5919:1 5923:1 5944:1 5975:2 5984:13 6028:1 6034:8 6047:1 6071:2 6089:3 6103:1 6110:10 6154:4 6164:3 6168:2 6199:2 6218:1 6220:1 6236:6 6244:2 6251:1 6282:6 6295:6 6327:1 6345:3 6363:6 6373:2 6410:1 6412:3 6416:1 6425:4 6455:1 6475:3 6490:6 6501:1 6503:4 6541:3 6545:2 6555:2 6583:1 6604:1 6616:3 6623:1 6628:2 6667:1 6670:3 6675:1 6684:1 6697:1 6711:1 6731:2 6745:1 6751:1 6753:3 6799:6 6838:2 6860:2 6873:2 6879:2 6924:1 6927:7 6953:1 6966:2 6989:2 6993:1 7002:1 7006:2 7053:1 7056:7 7065:1 7076:1 7095:1 7114:1 7116:1 7119:1 7132:1 7182:1 7188:5 7194:1 7223:1 7242:1 7245:1 7259:1 7311:1 7318:5 7376:1 7441:2 7447:4 7498:1 7514:1 7571:1 7577:1 7588:1 7636:1 7642:1 7700:1 7705:1 7716:1 7765:1 7769:1 7829:2 7893:1 7896:1 7959:1 7971:1 7990:1 8022:2 8088:2 8118:1 8149:1 8217:2 8246:1 8275:3 8346:1 8374:1 8403:2 8475:2 8502:1 8530:2 8605:1 8629:1 8657:2 8669:2 8734:1 8757:1 8799:1 8863:1 8884:1 8912:2 8929:1 8992:2 9121:1 9139:1 9166:1 9250:4 9266:2 9293:2 9379:3 9394:2 9422:1 9522:1 9893:1 10019:2 10047:2 10146:1 10176:1 10274:1 10582:2 10710:3 10840:2 10968:3 11092:1 11098:1 11220:1 11349:4 11983:1 12111:1 12237:1 12365:1,"{""x"":0.01562,""y"":0.21094,""w"":0.875,""h"":0.54688}"
286,train/shadows/000286.png,128,"A cleaned target silhouette shows the shadow figure from a historical hand-shadow instruction plate. Infer the expert hand-and-arm ink arrangement that produced that shadow. Submit hand_ink_rle as a 128 by 128 binary mask RLE of the hand/arm drawing, hand_bbox_json as normalized x/y/w/h of the ink mask, and confidence in [0,1].",996:3 1122:1 1125:3 1252:4 1373:5 1379:4 1388:5 1398:1 1400:1 1505:1 1507:1 1509:5 1523:4 1631:3 1636:1 1639:2 1650:3 1760:4 1766:1 1777:4 1890:1 1893:1 1903:4 2019:1 2030:4 2156:2 2283:2 2294:1 2411:2 2417:8 2542:8 2551:1 2667:7 3760:2 3885:2 3938:1 4195:1 4324:1 4449:1 4576:1 4578:1 4581:1 4705:1 4710:1 4834:2 4963:2 4967:1 5092:1 5099:2 5109:1 5220:2 5224:1 5227:3 5235:3 5349:2 5352:1 5356:2 5363:2 5366:1 5478:1 5481:1 5485:1 5490:6 5606:2 5609:2 5615:2 5619:4 5624:1 5653:2 5730:1 5736:1 5739:1 5743:2 5746:6 5780:5 5858:1 5864:1 5872:9 5909:2 5986:1 5993:1 5996:1 6002:7 6114:2 6121:1 6125:1 6129:5 6136:1 6243:1 6249:1 6258:6 6371:1 6377:1 6387:6 6422:1 6516:1 6520:1 6549:2 6645:3 6678:1 6744:1 6762:1 6773:1 6873:2 6890:1 6902:1 7001:3 7018:1 7031:1 7129:2 7132:1 7146:1 7160:1 7190:1 7257:3 7262:1 7274:1 7318:1 7385:4 7391:1 7401:2 7446:1 7514:3 7520:2 7529:2 7574:1 7642:4 7651:6 7658:1 7663:1 7770:3 7774:1 7782:3 7898:3 7902:1 7908:6 7920:1 7959:1 8026:1 8029:1 8031:1 8033:9 8043:1 8049:2 8087:1 8154:4 8160:10 8171:1 8178:1 8215:1 8283:2 8289:2 8292:7 8307:1 8343:1 8411:2 8415:1 8421:7 8435:2 8471:1 8475:2 8539:2 8543:2 8548:5 8555:1 8564:2 8599:2 8604:1 8668:1 8672:8 8683:1 8692:2 8727:2 8731:2 8797:1 8801:6 8812:1 8821:2 8859:2 8925:1 8931:3 8940:2 8950:1 8985:3 9058:3 9069:1 9078:2 9113:2 9184:3 9198:1 9206:2 9326:2 9334:3 9454:2 9462:3 9583:1 9591:3 9711:1 9719:3 9840:1 9847:3 9968:2 9977:1 10097:1 10104:2 10225:2 10232:2 10354:1 10360:2 10488:2 10611:1 10616:2 10741:1 10746:1 10870:1 14254:1 14366:2 14374:1 14382:3 14386:2 14389:1 14391:2 14395:2 14494:2 14497:2 14503:1 14505:1 14508:4 14513:8 14522:2 14525:1 14622:1 14624:3 14630:1 14633:7 14641:8 14650:1 14653:1 14749:5 14759:1 14761:1 14763:1,"{""x"":0.15625,""y"":0.05469,""w"":0.80469,""h"":0.85156}"
287,train/shadows/000287.png,128,"A cleaned target silhouette shows the shadow figure from a historical hand-shadow instruction plate. Infer the expert hand-and-arm ink arrangement that produced that shadow. Submit hand_ink_rle as a 128 by 128 binary mask RLE of the hand/arm drawing, hand_bbox_json as normalized x/y/w/h of the ink mask, and confidence in [0,1].",2235:1 2353:1 2359:6 2366:8 2480:1 2485:2 2488:9 2607:3 2736:1 2740:1 2743:3 2761:3 2765:1 2867:1 2869:1 2882:2 2885:10 2990:1 3006:2 3009:8 3020:3 3117:1 3133:10 3150:1 3244:1 3260:8 3269:1 3276:2 3388:1 3393:1 4139:1 4266:1 4394:2 4522:1 4648:1 5699:1 7572:1 7700:1 9906:1 10033:1 11924:1 12053:1 12576:1 12704:1 12831:2 12958:3 13085:4 13213:4 13341:4 13470:2 13597:3 13725:3 13854:1 13981:2 14110:1,"{""x"":0.15625,""y"":0.13281,""w"":0.46094,""h"":0.73438}"
289,train/shadows/000289.png,128,"A cleaned target silhouette shows the shadow figure from a historical hand-shadow instruction plate. Infer the expert hand-and-arm ink arrangement that produced that shadow. Submit hand_ink_rle as a 128 by 128 binary mask RLE of the hand/arm drawing, hand_bbox_json as normalized x/y/w/h of the ink mask, and confidence in [0,1].",2584:2 2711:4 2839:4 2967:4 3093:4 3222:3 3349:4 3476:4 3604:2 3607:1 3731:3 3858:3 3958:2 3985:3 4085:4 4113:2 4213:4 4241:2 4289:2 4339:4 4415:4 4466:5 4543:4 4593:6 4673:1 4721:3 4725:2 4793:3 4849:1 4854:1 4920:3 5045:2 5048:3 5171:4 5176:2 5298:5 5425:3 5552:3 5678:3 5806:3 5933:3 6062:1 9666:2 9794:4 9923:4 10020:13 10052:7 10145:22 10173:17 10271:51 10398:55 10526:6 10545:20 10571:12 10679:4 10704:8 10835:6 10965:6 11094:6 11224:5 11353:5 11482:5 11488:2 11611:7 11740:5 11869:6 11879:3 11997:8 12006:4 12127:7 12135:3 12256:6 12387:5 12516:4 12644:5 12774:5 12785:3 12902:6 12912:4 13031:6 13040:4 13160:12 13289:11 13418:9 13548:6 13678:1,"{""x"":0.13281,""y"":0.15625,""w"":0.8125,""h"":0.67969}"
290,train/shadows/000290.png,128,"A cleaned target silhouette shows the shadow figure from a historical hand-shadow instruction plate. Infer the expert hand-and-arm ink arrangement that produced that shadow. Submit hand_ink_rle as a 128 by 128 binary mask RLE of the hand/arm drawing, hand_bbox_json as normalized x/y/w/h of the ink mask, and confidence in [0,1].",1744:1 1852:1 1871:1 1873:1 1982:2 1996:3 2000:1 2113:1 2123:1 2127:1 2241:1 2246:1 2248:1 2254:1 2380:1 2382:1 2506:3 2635:1 3404:6 3529:1 3536:2 3662:3 3787:5 3913:2 3916:1 4268:3 4395:3 4777:1 5157:1 5668:1 7716:2 7844:1 8487:1 10391:1 10520:1 11289:3 11421:1 11553:2 11556:1 11811:1 11936:1 11943:1 12037:1 12064:1 12071:1 12165:2 12190:1 12192:1 12199:1 12292:2 12419:1 12441:2 12444:6 12461:1 12466:1 12545:1 12568:9 12578:1 12586:2 12590:5 12696:1 12698:24 12828:3 12832:9 12842:7 12850:1 12957:3 12961:7 12969:2 12972:3 12976:1 12978:1 13088:3 13093:2 13096:2 13100:1 13102:2 13106:2 13219:1 13224:2 13231:1 13233:1 13351:1 13354:3 13359:1 13361:1 13476:1 13479:2 13483:3 13487:1 13595:4 13602:1 13612:1 13614:1 13720:2 13734:3 14247:5 14376:5 14384:4 14389:1 14508:2 14511:4 14516:3 14529:3 14645:1 14658:3 14665:1 14789:8 14916:2 14919:1 14921:1 14923:2,"{""x"":0.00781,""y"":0.10156,""w"":0.63281,""h"":0.8125}"
291,train/shadows/000291.png,128,"A cleaned target silhouette shows the shadow figure from a historical hand-shadow instruction plate. Infer the expert hand-and-arm ink arrangement that produced that shadow. Submit hand_ink_rle as a 128 by 128 binary mask RLE of the hand/arm drawing, hand_bbox_json as normalized x/y/w/h of the ink mask, and confidence in [0,1].",2332:2 2460:4 2590:2 2718:2 2845:2 2848:1 3246:2 3374:2 3502:3 3630:4 3757:1 3759:2 3887:2 4015:2 4137:2 4143:2 4265:2 4271:2 4392:3 4399:2 4520:3 4526:3 4648:3 4654:3 4776:3 4903:2 5030:1 5157:2 5284:3 5410:5 5538:2 5664:2 5792:1 5918:3 6044:4 6172:2 6300:1 6306:2 6428:1 6433:5 6560:6 6690:1 6692:2 6818:1 6820:2 6947:3 7075:2 7203:2 7331:3 7460:1 8012:1 8140:1 8266:3 8394:3 8522:3 8650:2 8778:2 8902:2 8905:2 9030:5 9158:4 9286:2 9414:1 9541:2 9669:2 9793:3 9797:1 9921:5 10040:2 10048:6 10064:2 10167:3 10175:6 10191:3 10291:5 10302:5 10317:3 10415:8 10424:2 10428:6 10444:3 10527:2 10542:12 10555:5 10570:3 10655:3 10669:9 10679:8 10696:4 10715:1 10779:3 10783:3 10791:13 10805:2 10808:6 10822:4 10842:2 10905:6 10912:3 10919:16 10946:8 10969:3 11031:5 11037:1 11040:3 11048:15 11068:6 11076:6 11097:2 11153:6 11163:6 11177:9 11192:8 11225:2 11281:4 11290:3 11304:4 11315:1 11317:7 11353:1 11420:1 11430:3 11441:7 11449:1 11451:3 11478:3 11558:2 11578:6 11604:4 11686:2 11710:5 11732:3 11800:4 11814:2 11839:7 11859:3 11927:14 11943:1 11968:8 11987:2 12054:10 12066:3 12071:1 12073:2 12097:8 12114:2 12183:6 12194:4 12199:4 12227:3 12231:2 12242:1 12311:2 12320:6 12327:4 12356:2 12369:2 12443:1 12446:9 12456:3 12496:3 12571:5 12584:4 12592:4 12623:3 12700:2 12703:2 12719:5 12824:1 12828:2 12847:6 12952:2 12956:1 12975:6 12982:2 13104:5 13110:3 13234:3 13238:3 13291:2 13363:2 13366:4 13418:3 13497:1 13506:1 13546:3 13632:3 13760:5 13891:1,"{""x"":0.13281,""y"":0.14062,""w"":0.71875,""h"":0.71094}"
292,train/shadows/000292.png,128,"A cleaned target silhouette shows the shadow figure from a historical hand-shadow instruction plate. Infer the expert hand-and-arm ink arrangement that produced that shadow. Submit hand_ink_rle as a 128 by 128 binary mask RLE of the hand/arm drawing, hand_bbox_json as normalized x/y/w/h of the ink mask, and confidence in [0,1].",3636:3 3761:2 3767:4 3886:2 3889:5 3896:1 3901:2 4004:2 4009:3 4013:1 4025:4 4032:3 4132:7 4153:1 4157:4 4164:2 4252:1 4254:3 4261:1 4289:1 4291:1 4293:1 4295:3 4377:2 4386:1 4389:3 4394:2 4401:7 4417:1 4422:1 4424:1 4426:5 4432:9 4442:2 4502:1 4518:20 4556:4 4561:1 4566:1 4574:10 4636:2 4640:1 4645:1 4648:11 4661:6 4714:2 4761:6 4768:2 4771:2 4774:5 4791:5 4845:1 4887:1 4889:2 4892:2 4895:3 4901:1 4921:5 4931:1 4974:1 4979:1 5015:6 5051:3 5059:1 5103:1 5105:3 5110:2 5113:1 5143:3 5181:3 5187:1 5233:1 5235:1 5310:2 5314:2 5361:1 5363:1 5439:1 5442:2 5489:1 5491:1 5567:1 5569:2 5617:1 5619:1 5695:3 5745:1 5747:1 5823:4 5952:2 5963:1 6066:1 6079:1 6081:1 6089:2 6187:7 6207:2 6216:3 6310:9 6335:1 6342:1 6344:3 6436:10 6470:4 6564:7 6598:3 6692:6 6725:4 6819:6 6852:4 6947:1 6949:1 6979:4 7072:1 7074:1 7108:1 7198:1 7234:3 7363:2 7368:1 7455:1 7491:2 7619:2 7666:1 7748:4 7877:4 8007:4 8137:3 8146:1 8231:1 8266:6 8307:1 8386:2 8395:5 8403:1 8435:1 8514:7 8527:2 8531:1 8563:1 8612:2 8644:5 8650:1 8656:1 8658:1 8691:1 8741:1 8743:1 8776:6 8783:1 8819:1 8870:1 8905:2 8910:1 9035:5 9165:2 9309:1 9436:2 9439:2 9442:1 9452:2 9563:2 9566:1 9575:4 9691:1 9694:1 9701:2 9826:2 9951:2 10076:2 12819:1 12822:3 12950:9 12960:3 13075:2 13079:5 13085:2 13089:1 13091:2 13094:2 13097:2 13100:2 13202:3 13207:2 13210:2 13213:5 13219:3 13223:1 13226:1 13228:1 13347:2 13350:2 13354:1 13356:3,"{""x"":0.14062,""y"":0.21875,""w"":0.8125,""h"":0.60156}"
293,train/shadows/000293.png,128,"A cleaned target silhouette shows the shadow figure from a historical hand-shadow instruction plate. Infer the expert hand-and-arm ink arrangement that produced that shadow. Submit hand_ink_rle as a 128 by 128 binary mask RLE of the hand/arm drawing, hand_bbox_json as normalized x/y/w/h of the ink mask, and confidence in [0,1].",2368:1 2494:2 2497:1 2608:1 2621:2 2624:2 2734:2 2737:1 2749:1 2752:2 2862:1 2876:2 2879:3 2990:1 2994:1 3004:2 3008:2 3118:1 3132:2 3136:2 3246:2 3251:1 3260:1 3265:1 3374:2 3379:1 3388:2 3502:3 3508:1 3516:2 3522:1 3630:3 3637:1 3644:2 3650:1 3757:4 3766:1 3772:3 3779:1 3886:3 3899:3 3905:2 4014:4 4022:1 4028:1 4034:1 4143:4 4151:1 4156:2 4163:1 4271:6 4280:1 4284:3 4400:5 4412:2 4421:1 4529:3 4538:1 4541:3 4550:1 4658:3 4667:1 4670:2 4679:1 4779:2 4786:3 4796:1 4798:2 4909:2 4916:3 4924:2 4927:2 4936:1 5043:1 5046:4 5055:2 5065:1 5178:2 5183:3 5195:2 5309:3 5325:2 5456:3 5546:1 5576:1 5578:1 5588:1 5675:1 5677:4 5706:2 5803:8 5812:1 5846:2 5930:16 5976:2 6058:14 6107:2 6185:14 6238:1 6312:2 6316:1 6320:5 6368:2 6391:2 6447:5 6518:1 6521:1 6574:2 6627:1 6645:1 6649:1 6698:4 6755:2 6772:1 6826:2 6885:2 6891:5 6897:4 6906:1 7014:3 7018:2 7024:4 7034:1 7144:1 7146:2 7152:1 7156:1 7162:1 7273:1 7275:1 7290:1 7403:1 7455:1 7531:1 7546:1 7580:1 7582:1 7673:1 7739:1 7787:2 7864:4 7928:1 7931:1 7988:8 8043:1 8114:9 8171:1 8183:1 8185:1 8240:8 8249:1 8299:1 8310:1 8368:6 8427:1 8438:1 8495:5 8554:1 8566:1 8621:4 8682:1 8746:4 8810:1 8821:1 8823:1 8872:2 8875:1 8879:1 8938:1 8949:3 8996:2 9066:1 9123:1 9193:2 9284:2 9320:1 9332:2 9335:1 9412:3 9448:1 9459:2 9542:1 9575:2 9589:2 9703:1 9715:2 9831:1 9842:4 9970:1 9972:1 10100:1 10226:2 10229:1 10353:2 10356:2 10481:2 10484:1 10609:2 10612:1 10736:4 10864:4 10991:1 10993:2 11117:3 11122:1 11245:3 11250:1 11373:5 11500:5 11628:5 11752:1 11755:5 11880:1 11883:2 11886:2 12011:3 12015:1 12017:1 12139:2 12144:1 12266:2 12269:4 12398:2 12526:2 12655:1 12657:1 12785:1 12911:1 13041:1 13169:1 13298:1 14321:2 14445:1 14451:1 14572:2 14577:2 14700:3 14706:1 14829:3 14835:1 14958:1 14964:1 15086:2 15215:1 15343:1 15472:1,"{""x"":0.21875,""y"":0.14062,""w"":0.75,""h"":0.80469}"
296,train/shadows/000296.png,128,"A cleaned target silhouette shows the shadow figure from a historical hand-shadow instruction plate. Infer the expert hand-and-arm ink arrangement that produced that shadow. Submit hand_ink_rle as a 128 by 128 binary mask RLE of the hand/arm drawing, hand_bbox_json as normalized x/y/w/h of the ink mask, and confidence in [0,1].",2247:4 2377:1 2379:1 2505:3 2631:1 2633:1 2635:2 2759:1 2761:1 2763:2 2887:3 2891:2 3020:1 3271:1 3399:1 3526:2 3538:6 3653:2 3666:1 3668:1 3671:1 3673:3 3780:1 3782:1 3794:1 3796:2 3801:3 3907:1 3909:1 3930:1 4037:1 4058:1 4162:1 4164:1 4187:1 4289:2 4292:1 4315:1 4416:2 4419:1 4543:2 4571:2 4670:1 4674:1 4700:2 4797:1 4801:1 4828:1 4830:1 4924:2 4928:1 4957:2 5051:1 5055:1 5085:2 5178:2 5216:1 5307:1 5342:3 5434:2 5470:2 5562:2 5599:1 5690:1 5720:1 5725:3 5818:1 5848:1 5946:1 6073:2 6103:1 6201:2 6231:1 6329:2 6359:1 6456:2 6484:1 6487:1 6584:2 6611:2 6614:3 6705:3 6712:3 6739:1 6741:4 6831:4 6836:1 6840:1 6868:5 6957:3 6961:2 6964:1 6967:3 6994:6 7081:3 7085:9 7095:1 7097:1 7123:7 7208:1 7211:10 7222:5 7249:1 7251:4 7338:4 7343:1 7345:2 7348:7 7377:6 7462:2 7465:4 7470:1 7472:1 7476:5 7501:5 7507:1 7509:1 7518:3 7587:3 7591:4 7597:3 7605:4 7627:8 7649:2 7712:3 7716:5 7733:4 7753:4 7759:1 7777:5 7838:1 7840:2 7843:5 7862:2 7880:2 7883:1 7906:7 7966:1 7969:2 7972:1 7974:1 7990:2 8006:4 8037:3 8041:3 8090:6 8118:2 8131:5 8168:5 8212:3 8217:5 8247:2 8250:2 8256:6 8263:1 8299:2 8335:15 8376:14 8469:4 8474:1 8498:15 8514:3 8620:12 8634:10 8745:15 8762:8 8862:1 8871:8 8881:3 8890:6 8935:1 8989:2 8993:7 9001:1 9018:6 9061:2 9065:1 9113:9 9127:1 9146:6 9187:7 9240:1 9247:3 9255:3 9275:3 9315:7 9364:5 9376:1 9384:2 9405:4 9443:4 9448:2 9512:2 9533:2 9573:1 9576:2 9640:2 9660:4 9701:2 9705:1 9767:3 9788:2 9894:4 9916:1 10023:1 10025:1 10044:1 10046:1 10153:1 10173:2 10196:1 10281:1 10301:1 10303:1 10324:1 10409:1 10449:2 10537:1 10578:1 10580:1 10665:1 10793:1 10825:2 10921:1 10955:5 10968:1 11049:1 11085:4 11093:2 11096:3 11177:1 11218:6 11227:2 11236:1 11306:1 11357:1 11365:1 11372:2 11486:2 11496:1 11499:2 11616:8 11625:2 12060:1 12188:1 12316:1 12444:1 12572:1 13335:1 13464:1 13592:2 13721:1 13849:1 13975:3 14100:4,"{""x"":0.11719,""y"":0.13281,""w"":0.74219,""h"":0.73438}"
298,train/shadows/000298.png,128,"A cleaned target silhouette shows the shadow figure from a historical hand-shadow instruction plate. Infer the expert hand-and-arm ink arrangement that produced that shadow. Submit hand_ink_rle as a 128 by 128 binary mask RLE of the hand/arm drawing, hand_bbox_json as normalized x/y/w/h of the ink mask, and confidence in [0,1].",2748:2 2877:2 3005:2 3501:3 3526:2 3529:1 3631:3 3654:4 3782:1 3785:1 3913:2 4041:2 4170:1 4505:1 4632:2 4760:2 4796:4 4874:4 4882:3 4889:1 4924:4 4999:1 5009:4 5018:1 5050:2 5127:2 5178:9 5188:1 5317:1 5441:5 5553:1 5684:1 5808:3 5941:3 6072:1 6197:3 7122:1 7251:1 7379:2 7507:2 7635:2 7659:1 7763:4 7786:2 7891:5 7914:1 8011:2 8015:1 8019:4 8041:4 8140:1 8143:2 8168:2 8172:3 8272:1 8301:3 8395:3 8430:4 8522:5 8559:3 8652:2 8688:4 8781:1 8817:3 8909:1 8947:4 9037:2 9076:4 9167:1 9206:2 9295:2 9424:2 9552:2 9680:2 9809:2 9938:2 10056:2 10066:2 10184:2 10194:2 10313:2 10324:1 10441:2 10452:1 10580:2 10709:2 10838:2 10966:3 11095:1,"{""x"":0.05469,""y"":0.16406,""w"":0.88281,""h"":0.51562}"
299,train/shadows/000299.png,128,"A cleaned target silhouette shows the shadow figure from a historical hand-shadow instruction plate. Infer the expert hand-and-arm ink arrangement that produced that shadow. Submit hand_ink_rle as a 128 by 128 binary mask RLE of the hand/arm drawing, hand_bbox_json as normalized x/y/w/h of the ink mask, and confidence in [0,1].",1451:2 1578:1 1580:2 1706:1 1708:2 1834:1 1836:2 1962:1 1964:2 2089:1 2092:2 2221:2 2345:1 2350:1 2473:1 2478:2 2602:1 2607:2 2730:1 2736:2 2859:1 2865:2 2987:1 2994:2 3099:3 3103:1 3105:3 3123:1 3226:1 3229:1 3236:6 3251:1 3354:2 3370:3 3379:2 3483:9 3501:1 3508:1 3612:10 3630:1 3636:2 3743:3 3747:6 3754:1 3758:1 3764:2 3876:7 3885:2 3892:2 4007:4 4014:1 4020:2 4136:3 4142:1 4148:2 4264:2 4267:1 4270:1 4276:2 4392:4 4398:1 4404:3 4518:1 4520:3 4525:1 4531:3 4535:4 4643:1 4646:1 4648:4 4653:1 4659:3 4667:1 4769:2 4772:3 4776:4 4781:1 4787:3 4894:2 4901:10 4915:4 5028:1 5033:1 5035:4 5046:2 5156:1 5162:2 5165:2 5174:2 5281:1 5283:1 5290:4 5301:3 5403:1 5407:5 5418:4 5429:3 5535:5 5544:6 5557:3 5658:1 5661:7 5673:5 5686:2 5785:1 5790:1 5792:4 5800:6 5815:1 5912:3 5917:7 5926:9 6039:2 6044:7 6056:5 6165:1 6171:8 6184:6 6292:2 6295:1 6298:9 6311:7 6419:1 6426:11 6439:7 6546:2 6550:1 6553:3 6557:5 6564:1 6567:6 6673:2 6678:1 6681:9 6692:1 6695:5 6799:1 6804:2 6807:3 6811:7 6819:2 6823:6 6931:3 6935:2 6939:7 6951:5 7054:1 7059:2 7062:2 7068:1 7071:2 7074:1 7078:6 7182:1 7187:4 7196:4 7206:5 7325:3 7335:4 7437:1 7453:2 7463:4 7565:2 7581:2 7591:4 7693:1 7709:2 7719:3 7820:1 7837:2 7847:3 7859:1 7948:1 7965:1 7975:1 7987:1 7991:2 8076:1 8093:1 8103:1 8221:1 8331:1 8349:1 8459:1 8477:1 8587:1 8605:2 8713:3 8733:1 8840:3 8852:4 8859:4 8968:3 8979:12 9096:3 9107:1 9109:10 9223:1 9225:1 9236:1 9238:9 9351:1 9354:1 9361:1 9364:1 9366:1 9368:7 9479:2 9492:1 9494:9 9606:3 9619:1 9621:10 9734:3 9747:1 9752:4 9757:1 9863:3 9870:1 9874:1 9879:7 9989:1 9996:1 9999:1 10007:7 10117:1 10124:1 10135:5 10255:1 10257:1 10263:3 10381:1 10386:8 10509:1 10512:2 10515:5 10637:1 10644:2 10647:1 10768:5 10774:2 10795:1 10896:1 10898:3 10902:1 10923:2 11024:5 11048:4 11152:5 11159:1 11177:2 11278:1 11280:5 11288:1 11304:2 11405:1 11408:4 11417:1 11429:1 11431:3 11536:2 11539:1 11557:4 11663:3 11667:1 11675:1 11683:6 11809:6 11931:1 11934:8 12061:2 12064:6 12190:7 12319:7 12449:4 12578:4 12583:1 12707:2 12710:1 12831:2 12840:1 12959:3 12963:5 13087:9 13216:7 13343:7 13470:8 13598:7 13726:6 13852:8 13982:2 13985:2 14110:3 14236:4 14360:7 14488:3 14492:3 14617:5 14742:6 14869:2 14872:1 14874:1 14876:1 14997:5,"{""x"":0.03906,""y"":0.08594,""w"":0.42969,""h"":0.83594}"
300,train/shadows/000300.png,128,"A cleaned target silhouette shows the shadow figure from a historical hand-shadow instruction plate. Infer the expert hand-and-arm ink arrangement that produced that shadow. Submit hand_ink_rle as a 128 by 128 binary mask RLE of the hand/arm drawing, hand_bbox_json as normalized x/y/w/h of the ink mask, and confidence in [0,1].",2965:3 3092:5 3220:5 3346:1 3348:5 3475:4 3602:5 3729:6 3857:4 3984:3 3988:1 4111:3 4238:3 4366:2 4494:2 4725:2 4798:2 4852:4 4925:3 4980:4 5053:3 5106:4 5182:1 5233:5 5303:3 5360:6 5430:3 5488:3 5492:2 5555:2 5558:3 5616:1 5621:1 5680:5 5686:2 5807:6 5934:4 6060:3 6188:3 6314:3 6443:1 10173:3 10301:5 10400:13 10430:5 10525:20 10560:7 10651:24 10681:17 10778:52 10906:6 10925:34 11057:16 11079:10 11187:4 11212:7 11343:5 11471:6 11601:6 11730:6 11860:5 11989:5 12118:5 12124:2 12247:7 12376:5 12505:6 12515:3 12633:8 12642:4 12763:7 12771:3 12892:6 13023:5 13152:4 13280:5 13410:5 13538:6 13550:3 13667:6 13677:4 13796:13 13924:13 14053:12 14181:11 14311:8 14442:1 14444:2,"{""x"":0.10938,""y"":0.17969,""w"":0.82812,""h"":0.70312}"
302,train/shadows/000302.png,128,"A cleaned target silhouette shows the shadow figure from a historical hand-shadow instruction plate. Infer the expert hand-and-arm ink arrangement that produced that shadow. Submit hand_ink_rle as a 128 by 128 binary mask RLE of the hand/arm drawing, hand_bbox_json as normalized x/y/w/h of the ink mask, and confidence in [0,1].",2836:3 2965:4 3092:1 3096:3 3221:1 3223:1 3228:2 3349:4 3358:2 3478:4 3488:2 3503:2 3609:2 3619:2 3631:1 3633:1 3738:3 3749:1 3751:2 3758:2 3762:1 3868:4 3881:1 3886:3 3890:1 3984:3 3997:4 4010:2 4014:3 4019:1 4115:7 4126:4 4140:1 4142:4 4147:1 4251:3 4256:5 4269:5 4381:4 4386:4 4398:5 4404:1 4510:1 4513:9 4528:4 4533:1 4643:1 4645:6 4659:2 4662:1 4774:1 4776:4 4789:4 4908:2 4921:1 5037:4 5050:2 5170:2 5181:2 5300:1 5311:1 5440:2 5553:4 5569:3 5700:1 5822:1 5827:3 5831:2 5951:1 5958:4 6064:2 6091:1 6220:1 6349:1 6353:5 6364:1 6478:1 6493:1 6607:2 6622:1 6736:1 6743:1 6745:3 6751:1 6863:1 6876:4 6991:1 6994:4 7004:2 7007:4 7122:5 7134:7 7247:1 7250:2 7262:8 7375:5 7388:10 7502:4 7513:2 7517:9 7592:4 7630:4 7640:1 7644:4 7650:4 7721:5 7758:2 7771:4 7776:2 7780:2 7849:9 7885:3 7894:2 7899:4 7904:1 7906:1 7910:1 7912:1 7972:14 8013:2 8020:3 8026:6 8033:1 8039:1 8042:2 8098:4 8103:1 8107:8 8141:1 8147:3 8154:2 8157:1 8159:1 8162:1 8165:1 8172:2 8224:8 8239:5 8268:1 8273:3 8281:2 8284:1 8286:1 8288:2 8292:3 8347:7 8371:2 8374:1 8376:1 8396:1 8403:1 8415:1 8418:2 8421:1 8425:1 8427:1 8475:5 8501:2 8504:1 8523:1 8550:1 8552:1 8555:2 8631:2 8650:1 8681:2 10253:1 10258:1 10260:1 10386:4 10514:3 10642:2 10768:3 10948:1 11076:1 11205:1 11333:1 11460:2 11587:1 11602:2 11713:2 11841:1 12616:1 12744:1 12872:1 13250:1 13379:1,"{""x"":0.10156,""y"":0.17188,""w"":0.75781,""h"":0.64844}"
304,train/shadows/000304.png,128,"A cleaned target silhouette shows the shadow figure from a historical hand-shadow instruction plate. Infer the expert hand-and-arm ink arrangement that produced that shadow. Submit hand_ink_rle as a 128 by 128 binary mask RLE of the hand/arm drawing, hand_bbox_json as normalized x/y/w/h of the ink mask, and confidence in [0,1].",2611:1 2738:1 2740:1 2763:3 2867:1 2871:1 2886:2 2996:2 3002:1 3124:1 3126:2 3132:1 3138:1 3254:4 3384:2 3513:1 4017:1 4145:7 4273:2 4282:1 4284:1 4402:4 4534:3 5460:3 5848:1 6621:2 8538:1 8667:1 9304:1 11110:1 11238:1 11366:1 12003:2 12123:6 12130:1 12378:1 12501:1 12508:1 12629:1 12636:1 12751:1 12757:1 12763:1 12874:1 12879:1 12892:1 13002:6 13018:1 13020:4 13047:1 13131:10 13146:1 13148:2 13151:1 13175:1 13258:1 13260:1 13262:22 13304:2 13388:19 13408:4 13433:2 13517:3 13523:1 13525:6 13532:5 13564:1 13643:1 13645:1 13651:2 13656:1 13658:3 13771:3 13775:4 13780:2 13901:1 13903:3 13910:1 14041:1 14162:4 14172:4 14306:2 14639:1 14641:2 14644:6 14661:2 14664:4 14671:6 14767:4 14773:2 14776:2 14789:8 14798:6,"{""x"":0.36719,""y"":0.15625,""w"":0.60938,""h"":0.75}"
305,train/shadows/000305.png,128,"A cleaned target silhouette shows the shadow figure from a historical hand-shadow instruction plate. Infer the expert hand-and-arm ink arrangement that produced that shadow. Submit hand_ink_rle as a 128 by 128 binary mask RLE of the hand/arm drawing, hand_bbox_json as normalized x/y/w/h of the ink mask, and confidence in [0,1].",4668:5 4792:2 4795:2 4799:4 4917:2 4921:8 4932:3 5041:2 5044:1 5059:3 5064:2 5164:6 5192:1 5195:7 5203:9 5283:2 5286:1 5292:2 5310:1 5340:3 5344:1 5346:7 5408:2 5416:2 5421:4 5426:1 5428:3 5432:8 5483:2 5547:2 5551:19 5614:1 5618:1 5620:4 5667:2 5678:1 5682:3 5686:1 5694:6 5745:1 5793:1 5795:7 5805:3 5825:3 5833:1 5921:5 5927:5 5956:1 5960:1 6049:3 6053:1 6084:2 6087:2 6130:1 6213:1 6215:2 6258:1 6341:4 6469:4 6598:1 6607:1 6726:2 6734:1 6842:1 6853:2 6862:2 6963:1 6965:4 6981:1 6987:1 6989:2 7086:10 7109:1 7115:3 7214:6 7221:1 7243:3 7341:6 7369:5 7468:6 7498:2 7596:5 7625:1 7627:1 7725:1 7753:3 7850:1 7852:1 7881:2 7886:1 7977:1 8009:2 8014:1 8052:1 8137:2 8180:1 8233:1 8266:4 8308:1 8395:4 8436:1 8525:6 8564:1 8657:1 8659:2 8663:1 8692:1 8786:3 8820:1 8904:2 8907:1 8915:4 8948:1 9009:1 9033:10 9044:1 9046:1 9076:1 9137:1 9165:4 9171:1 9262:1 9296:3 9300:1 9391:2 9426:3 9696:4 9701:1 9710:1 9825:3 9836:2 9952:1 9954:1 9959:3 10080:1 10085:2 10209:2 10336:1 12959:1 12962:2 13088:1 13091:2 13215:2 13219:1 13221:2 13224:1 13226:3 13231:1 13233:1 13235:1 13349:1 13352:2 13357:1 13359:1 13361:1 13363:2 13366:1,"{""x"":0.24219,""y"":0.28125,""w"":0.69531,""h"":0.53906}"
306,train/shadows/000306.png,128,"A cleaned target silhouette shows the shadow figure from a historical hand-shadow instruction plate. Infer the expert hand-and-arm ink arrangement that produced that shadow. Submit hand_ink_rle as a 128 by 128 binary mask RLE of the hand/arm drawing, hand_bbox_json as normalized x/y/w/h of the ink mask, and confidence in [0,1].",1221:2 1348:2 1351:1 1475:2 1602:3 1608:1 1730:3 1736:1 1858:2 1861:1 1864:1 1986:2 1989:2 1992:1 2114:1 2120:2 2242:2 2248:2 2251:8 2370:2 2377:1 2379:5 2386:3 2496:2 2499:1 2503:5 2516:1 2621:1 2634:2 2645:2 2748:1 2751:1 2763:1 2775:1 2878:1 2891:2 2903:1 3003:1 3005:1 3019:2 3026:1 3031:1 3131:1 3133:1 3144:2 3148:2 3155:1 3159:1 3259:1 3261:1 3272:2 3277:1 3279:1 3281:1 3287:2 3387:1 3392:1 3400:2 3405:4 3416:2 3514:3 3522:1 3530:1 3534:2 3544:2 3635:5 3642:3 3647:1 3658:1 3662:2 3672:1 3674:1 3772:1 3775:1 3790:3 3800:1 3802:1 3887:3 3900:1 3903:1 3919:2 4011:3 4028:1 4031:2 4048:1 4058:1 4135:1 4138:1 4156:1 4186:2 4263:1 4276:1 4280:5 4287:2 4304:1 4313:3 4403:7 4411:3 4433:1 4443:1 4521:1 4530:1 4570:2 4650:8 4699:1 4780:1 4786:1 4827:2 4908:1 4918:4 4943:1 4946:1 4955:2 5036:1 5043:7 5071:1 5083:2 5165:2 5211:2 5328:1 5331:1 5339:2 5468:1 5595:2 5723:2 5852:1 5980:1 6107:2 6235:2 6364:1 6491:1 6620:1 6747:2 6876:1 7004:1 7131:2 7259:3 7388:2 7517:2 7520:1 7645:5 7749:1 7757:2 7774:5 7781:3 7878:1 7885:2 7894:1 7902:5 7910:3 8006:1 8023:1 8031:4 8037:1 8039:2 8135:2 8151:1 8159:3 8165:1 8167:3 8264:1 8266:1 8280:1 8287:2 8294:1 8296:2 8393:3 8416:1 8422:1 8424:3 8522:3 8537:1 8542:1 8553:2 8651:1 8681:3 8794:1 8797:2 8808:5 8925:1 8933:1 8936:1 8939:1 8941:1 9052:2 9061:1 9064:1 9068:1 9070:1 9073:1 9180:1 9189:1 9192:1 9195:1 9199:1 9203:2 9307:2 9317:1 9320:1 9323:1 9325:1 9327:2 9434:1 9445:1 9448:1 9451:1 9457:1 9561:1 9563:1 9573:1 9576:1 9582:1 9584:1 9587:1 9688:1 9690:1 9700:2 9704:1 9711:1 9819:1 9829:2 9833:1 9928:1 9946:1 9956:3 9961:1 9968:1 10055:1 10084:3 10089:1 10096:1 10201:1 10212:3 10217:1 10310:1 10313:1 10328:1 10342:1 10345:1 10353:1 10440:2 10473:1 10481:1 10565:1 10601:1 10693:1 10696:1 10738:1 10821:1 10823:1 10866:1 10949:2 10994:1 11077:2 11205:1 11215:1 11234:1 11240:1 11333:1 11343:1 11362:2 11368:1 11471:1 11491:1 11496:1 11588:1 11599:1 11606:1 11624:1 11716:1 11727:1 11752:1 11846:1 11855:1 11858:2 11862:1 11983:1 11987:1 11989:1 12103:1 12111:1 12116:1 12123:1 12135:1 12232:1 12239:1 12244:2 12252:1 12263:1 12360:2 12367:1 12371:5 12381:1 12391:1 12489:2 12495:1 12499:6 12517:1 12519:1 12618:2 12623:1 12627:8 12745:4 12751:1 12755:1 12757:9 12873:5 12879:1 12882:3 12887:2 12891:3 12895:2 12900:1 12903:1 13002:3 13006:3 13012:1 13015:3 13019:1 13021:1 13030:2 13130:7 13145:1 13150:1 13260:5 13266:1 13387:6 13394:1 13516:1 13518:3 13647:3 13775:1,"{""x"":0.30469,""y"":0.07031,""w"":0.60938,""h"":0.77344}"
307,train/shadows/000307.png,128,"A cleaned target silhouette shows the shadow figure from a historical hand-shadow instruction plate. Infer the expert hand-and-arm ink arrangement that produced that shadow. Submit hand_ink_rle as a 128 by 128 binary mask RLE of the hand/arm drawing, hand_bbox_json as normalized x/y/w/h of the ink mask, and confidence in [0,1].",2973:1 3100:1 3102:2 3228:2 3231:2 3357:2 3485:3 3490:2 3614:3 3620:2 3744:1 3749:2 3871:2 3879:2 3991:1 4001:1 4009:2 4120:2 4129:3 4138:1 4251:4 4258:4 4267:2 4277:2 4383:2 4388:4 4397:2 4404:2 4407:1 4517:5 4527:1 4532:2 4642:4 4647:3 4656:2 4660:2 4664:1 4772:4 4777:2 4786:5 4792:1 4903:6 4915:4 4921:1 5034:4 5043:5 5049:1 5162:5 5172:4 5177:2 5293:4 5301:6 5423:2 5433:2 5554:1 5563:1 5683:3 5814:1 5821:1 5943:1 5950:1 6080:1 6197:1 6209:2 6340:1 6467:2 6707:1 6720:1 6726:1 6854:2 6984:2 7114:2 7245:1 7373:1 7506:2 7630:1 7758:1 7760:1 7768:4 7887:1 7894:1 7899:1 7975:6 8015:1 8101:11 8146:3 8151:2 8157:2 8226:7 8234:8 8270:1 8273:4 8283:4 8349:1 8351:8 8361:9 8397:2 8401:2 8411:5 8477:2 8480:3 8493:5 8525:1 8527:3 8539:3 8543:2 8626:2 8655:2 8667:8 8754:2 8757:1 8780:4 8793:2 8796:7 8883:2 8887:1 8907:2 8917:4 8923:2 8926:6 9013:3 9035:1 9043:1 9049:3 9053:2 9056:4 9143:1 9162:2 9169:2 9176:3 9180:1 9183:4 9290:1 9296:2 9304:3 9308:1 9310:1 9313:2 9417:1 9424:1 9430:6 9437:1 9443:2 9545:1 9558:4 9563:1 9566:1 9568:1 9573:1 9672:1 9687:1 9690:1 9692:2 9697:1 9703:2 9741:1 9824:3 9869:1 9873:1 9875:1 9953:1 9955:3 9961:2 10001:1 10003:1 10082:1 10085:1 10087:1 10129:3 10214:1 10216:1 10256:2 10385:1 11583:1 11840:1 11966:2 12094:1 12220:2 12363:1 12994:1 13121:1 13249:1 13627:1 13755:1,"{""x"":0.10156,""y"":0.17969,""w"":0.73438,""h"":0.66406}"
308,train/shadows/000308.png,128,"A cleaned target silhouette shows the shadow figure from a historical hand-shadow instruction plate. Infer the expert hand-and-arm ink arrangement that produced that shadow. Submit hand_ink_rle as a 128 by 128 binary mask RLE of the hand/arm drawing, hand_bbox_json as normalized x/y/w/h of the ink mask, and confidence in [0,1].",3271:5 3395:3 3399:1 3402:2 3405:3 3410:1 3519:3 3526:9 3537:11 3644:3 3649:4 3670:4 3676:1 3767:4 3774:2 3800:5 3868:16 3885:8 3894:1 3896:1 3898:2 3927:1 3929:1 3931:2 3938:3 3990:3 4009:4 4039:3 4046:1 4050:10 4062:2 4071:2 4108:1 4116:1 4165:16 4182:4 4187:2 4201:2 4233:1 4236:3 4241:1 4292:14 4308:3 4313:2 4358:1 4360:1 4364:1 4366:2 4419:6 4441:3 4449:5 4492:1 4494:1 4540:1 4547:3 4574:5 4580:3 4620:1 4622:1 4673:3 4707:2 4710:1 4712:3 4748:1 4750:1 4796:2 4801:2 4838:4 4876:1 4878:1 4924:3 4928:2 4969:1 5053:4 5182:3 5309:4 5429:1 5438:3 5558:1 5566:3 5685:3 5695:2 5709:1 5714:1 5814:2 5817:1 5824:1 5839:10 5850:2 5944:1 5946:1 5953:2 5969:1 5971:9 6072:4 6102:7 6200:5 6231:6 6329:4 6359:7 6458:2 6461:1 6490:4 6586:4 6620:3 6715:3 6749:1 6751:2 6839:1 6843:3 6881:1 6967:1 6972:2 7009:1 7099:2 7137:1 7226:3 7351:5 7476:6 7564:1 7601:3 7605:2 7692:1 7728:5 7820:1 7855:4 7896:1 7948:1 7982:1 7984:2 7992:5 8076:1 8110:1 8113:1 8115:7 8123:2 8152:1 8237:1 8240:3 8245:4 8280:1 8282:2 8368:1 8372:3 8409:2 8496:5 8625:1 8733:4 8738:1 8851:1 8861:1 8864:4 8981:3 8995:1 9114:2 9245:3 9376:2 12646:3 12651:2 12757:2 12760:1 12762:2 12765:1 12767:5 12773:1 12775:1 12779:1 12884:3 12891:2 12896:2 12899:3 12903:2 13010:1 13013:2 13016:1 13018:2 13021:2 13024:3 13028:1 13031:2 13034:1 13036:2 13136:1 13138:1,"{""x"":0.04688,""y"":0.19531,""w"":0.8125,""h"":0.60938}"
310,train/shadows/000310.png,128,"A cleaned target silhouette shows the shadow figure from a historical hand-shadow instruction plate. Infer the expert hand-and-arm ink arrangement that produced that shadow. Submit hand_ink_rle as a 128 by 128 binary mask RLE of the hand/arm drawing, hand_bbox_json as normalized x/y/w/h of the ink mask, and confidence in [0,1].",1725:1 1727:1 1852:2 1861:2 1980:1 1986:2 1989:11 2107:1 2113:1 2119:8 2128:5 2234:1 2240:1 2246:1 2361:2 2370:2 2375:1 2497:1 2616:1 2646:2 2763:15 2890:19 3017:13 3035:5 3152:1 3155:1 3164:3 3291:3 3637:1 3763:3 3891:2 4017:2 5709:1 6807:1 9908:1 10035:1 11409:1 11538:1 11667:1 12445:1 12573:1 12699:3 12825:5 12954:5 13081:4 13209:4 13337:4 13465:3 13593:3 13721:3 13849:2 13977:2,"{""x"":0.13281,""y"":0.10156,""w"":0.61719,""h"":0.75781}"
312,train/shadows/000312.png,128,"A cleaned target silhouette shows the shadow figure from a historical hand-shadow instruction plate. Infer the expert hand-and-arm ink arrangement that produced that shadow. Submit hand_ink_rle as a 128 by 128 binary mask RLE of the hand/arm drawing, hand_bbox_json as normalized x/y/w/h of the ink mask, and confidence in [0,1].",1597:1 1599:1 1724:1 1726:1 1839:1 1852:1 1854:1 1965:1 1968:1 1979:1 1982:1 2093:1 2096:1 2106:3 2110:1 2221:1 2225:1 2234:2 2239:1 2349:2 2353:1 2362:2 2368:1 2477:2 2482:1 2490:2 2496:1 2605:3 2610:1 2618:2 2733:2 2739:1 2746:2 2753:1 2861:2 2868:1 2875:2 2881:1 2989:2 3003:2 3008:2 3118:2 3125:1 3131:2 3138:1 3246:3 3254:1 3260:2 3266:1 3375:1 3377:2 3383:1 3388:2 3395:1 3503:5 3512:1 3516:3 3524:1 3632:4 3645:2 3654:1 3761:3 3771:1 3774:2 3782:2 3890:3 3900:1 3902:3 3912:1 4011:1 4019:4 4030:2 4042:1 4139:13 4159:2 4171:1 4279:4 4284:1 4286:2 4301:3 4423:1 4432:3 4553:2 4564:2 4695:2 4727:1 4779:1 4815:1 4825:3 4854:1 4907:1 4910:5 4916:1 4956:2 4981:1 4984:1 5036:15 5087:2 5108:1 5164:13 5218:1 5236:1 5291:13 5347:1 5363:1 5369:1 5418:5 5425:5 5477:1 5484:8 5545:3 5552:4 5606:2 5610:2 5613:5 5625:1 5672:2 5680:1 5735:5 5743:4 5753:1 5806:1 5864:1 5866:2 5881:1 5931:4 5995:1 6009:1 6059:2 6123:1 6251:1 6264:1 6267:1 6379:2 6507:2 6519:1 6521:1 6635:2 6690:1 6763:2 6774:1 6816:2 6845:1 6891:1 6902:1 6942:1 6969:5 7019:1 7094:1 7096:5 7147:1 7159:1 7221:7 7275:1 7285:1 7287:1 7346:1 7348:6 7403:1 7413:2 7473:6 7531:1 7541:1 7600:6 7658:2 7669:1 7671:1 7727:4 7786:1 7796:2 7853:4 7914:1 7924:4 7980:2 7985:1 8041:2 8052:2 8106:2 8134:3 8169:1 8180:1 8182:1 8231:2 8262:1 8297:1 8308:2 8357:2 8424:2 8436:2 8563:3 8691:2 8694:1 8818:5 8946:2 8949:1 9074:4 9201:5 9329:4 9456:4 9584:4 9711:4 9839:4 9967:3 10094:3 10099:1 10218:1 10222:2 10225:2 10347:1 10350:6 10475:1 10478:2 10481:2 10605:5 10733:1 10735:2 10864:1 10867:1 10993:3 11122:2 11252:1 11380:1 11508:2 12533:1 12660:2 12912:3 12918:1 13040:4 13047:1 13169:3 13176:1 13297:2 13427:1 13555:2 13684:1,"{""x"":0.23438,""y"":0.09375,""w"":0.73438,""h"":0.74219}"
313,train/shadows/000313.png,128,"A cleaned target silhouette shows the shadow figure from a historical hand-shadow instruction plate. Infer the expert hand-and-arm ink arrangement that produced that shadow. Submit hand_ink_rle as a 128 by 128 binary mask RLE of the hand/arm drawing, hand_bbox_json as normalized x/y/w/h of the ink mask, and confidence in [0,1].",3538:5 3672:4 3790:3 3803:3 3916:3 4042:2 4169:1 4293:2 4309:3 4315:3 4420:1 4434:2 4445:3 4449:2 4547:1 4562:1 4674:1 4685:3 4801:1 4809:4 4928:1 4934:4 5055:1 5182:1 5189:1 5309:1 5316:1 5436:1 5443:1 5563:1 5570:1 5577:1 5582:2 5690:1 5706:1 5818:1 5945:1 6200:1 6327:1 6355:3 6454:1 6478:2 6481:2 6489:3 6605:1 6709:1 6731:1 6836:1 6963:1 7018:1 7090:1 7146:1 7216:1 7260:1 7274:2 7343:1 7402:1 7404:1 7406:1 7455:7 7471:1 7533:1 7535:1 7581:2 7584:1 7589:4 7597:2 7658:1 7663:1 7709:1 7714:1 7716:1 7721:2 7724:1 7785:1 7837:1 7849:3 7965:1 7977:5 8093:1 8106:4 8212:1 8214:8 8234:4 8338:1 8340:1 8346:1 8363:3 8465:1 8468:7 8476:3 8491:3 8591:2 8603:1 8605:2 8619:4 8717:2 8727:9 8748:3 8843:2 8850:3 8856:1 8861:3 8876:3 8969:3 8973:5 8983:1 8990:2 9004:3 9095:4 9110:1 9119:1 9134:3 9238:1 9262:4 9284:3 9391:3 9408:1 9410:4 9491:2 9505:1 9519:4 9534:6 9629:1 9633:1 9648:3 9659:8 9746:1 9761:1 9777:3 9787:6 9827:1 9873:1 9884:1 9886:1 9890:1 9905:4 9914:5 9955:1 9961:1 10000:2 10012:1 10018:1 10034:4 10040:6 10085:5 10143:2 10162:2 10165:1 10167:5 10209:7 10267:1 10275:1 10290:3 10294:6 10324:13 10382:1 10395:1 10401:3 10418:10 10448:15 10523:1 10530:2 10547:8 10576:17 10651:1 10659:2 10675:9 10704:12 10720:1 10728:1 10763:1 10778:1 10780:1 10788:1 10804:1 10806:7 10831:1 10833:7 10843:1 10848:1 10853:3 10907:2 10918:1 10932:6 10939:2 10958:7 10972:5 10978:2 11035:2 11060:4 11065:1 11083:1 11085:7 11101:4 11162:3 11189:3 11193:1 11209:6 11230:1 11290:3 11318:2 11321:1 11337:3 11359:1 11419:2 11428:1 11446:1 11545:2 11574:1 11800:2 11927:2 12055:1 13218:1 13345:2 13473:1,"{""x"":0.05469,""y"":0.21094,""w"":0.82031,""h"":0.61719}"
314,train/shadows/000314.png,128,"A cleaned target silhouette shows the shadow figure from a historical hand-shadow instruction plate. Infer the expert hand-and-arm ink arrangement that produced that shadow. Submit hand_ink_rle as a 128 by 128 binary mask RLE of the hand/arm drawing, hand_bbox_json as normalized x/y/w/h of the ink mask, and confidence in [0,1].",2505:1 2632:1 2634:1 2761:1 2863:3 2885:1 2887:2 2998:1 3011:1 3015:1 3017:1 3131:1 3137:1 3142:2 3268:3 3396:2 3524:1 3916:1 4039:6 4166:1 4171:2 4289:1 4291:1 4296:4 4423:1 4549:2 5544:3 6054:1 6816:2 8741:1 8868:1 9384:1 11290:1 11418:1 11547:1 12189:2 12319:1 12321:6 12583:1 12588:1 12709:1 12716:1 12837:1 12844:1 12850:1 12966:1 12978:1 12983:1 13093:1 13106:6 13218:4 13223:1 13229:10 13322:1 13346:1 13348:2 13351:1 13353:11 13365:1 13367:1 13450:1 13470:25 13576:2 13599:4 13604:10 13615:1 13619:3 13704:2 13730:5 13736:1 13738:1 13742:2 13749:1 13751:1 13862:3 13869:2 13872:4 13877:3 13958:1 13996:1 14001:3 14005:1 14121:1 14253:4 14371:4 14495:2 14538:5 14544:2 14547:1 14649:2 14652:2 14665:2 14668:2 14672:4 14766:6 14775:7 14793:1 14895:6 14902:3,"{""x"":0.04688,""y"":0.14844,""w"":0.60938,""h"":0.76562}"
315,train/shadows/000315.png,128,"A cleaned target silhouette shows the shadow figure from a historical hand-shadow instruction plate. Infer the expert hand-and-arm ink arrangement that produced that shadow. Submit hand_ink_rle as a 128 by 128 binary mask RLE of the hand/arm drawing, hand_bbox_json as normalized x/y/w/h of the ink mask, and confidence in [0,1].",1837:1 1851:4 1963:1 1966:1 1978:1 1981:1 1983:1 2091:1 2094:1 2106:1 2109:1 2111:1 2218:1 2223:1 2237:1 2239:1 2346:3 2361:2 2365:1 2367:1 2474:3 2489:2 2494:2 2602:2 2617:2 2622:2 2731:2 2736:1 2745:1 2751:1 2858:2 2872:2 2986:2 2992:1 3000:2 3007:1 3114:4 3121:1 3129:1 3135:1 3242:3 3250:1 3257:2 3371:4 3385:2 3392:1 3500:1 3502:2 3513:3 3520:1 3628:4 3637:1 3642:2 3649:1 3757:3 3761:1 3770:2 3778:1 3886:4 3895:1 3898:2 4015:2 4024:1 4027:3 4143:3 4153:1 4155:2 4164:2 4262:3 4271:3 4282:1 4284:2 4294:1 4399:4 4404:1 4411:2 4530:6 4540:2 4551:1 4664:3 4668:2 4680:2 4795:3 4810:2 4940:3 5062:1 5072:2 5159:8 5191:1 5193:1 5287:8 5297:1 5331:3 5415:11 5427:1 5429:3 5453:2 5462:2 5542:16 5592:3 5670:6 5677:8 5724:2 5796:4 5803:9 5923:2 5931:3 5935:2 5982:2 6008:1 6057:2 6113:1 6135:1 6137:1 6184:2 6241:2 6260:1 6262:2 6265:1 6310:2 6371:1 6386:3 6393:1 6438:1 6500:3 6509:5 6515:1 6630:12 6759:1 6761:2 6766:1 6769:3 6888:1 6890:1 6895:1 6897:2 6906:1 6940:1 7018:1 7034:1 7066:1 7146:1 7191:2 7224:1 7274:2 7351:3 7477:3 7531:2 7545:2 7601:6 7673:1 7676:1 7725:1 7727:8 7786:2 7799:1 7852:7 7860:2 7914:1 7928:2 7979:9 8042:1 8105:9 8170:1 8233:3 8297:2 8358:4 8363:1 8425:2 8437:1 8485:2 8553:1 8565:1 8609:1 8611:2 8681:1 8692:2 8695:2 8735:1 8738:1 8771:1 8808:2 8820:2 8823:1 8936:2 8948:1 9025:3 9064:2 9076:1 9078:1 9191:2 9203:3 9207:1 9318:2 9330:2 9446:1 9458:4 9573:2 9586:1 9588:1 9714:2 9841:3 9969:2 9972:1 10096:3 10100:2 10224:4 10352:4 10479:4 10607:3 10611:1 10735:2 10739:1 10861:3 10865:1 10989:2 10992:2 11116:4 11244:4 11371:4 11494:2 11499:3 11503:2 11627:2 11630:2 11751:1 11754:7 11882:5 12010:4 12016:1 12138:3 12143:1 12264:3 12269:2 12397:1 12525:1 12527:1 12654:2 12782:3 12912:2 13041:1 13169:1 14319:1 14321:1 14448:1 14450:1 14571:3 14577:1 14699:4 14828:3 14834:1 14956:2 15085:2 15091:1 15214:2 15220:1 15342:1,"{""x"":0.17969,""y"":0.10938,""w"":0.79688,""h"":0.82812}"
316,train/shadows/000316.png,128,"A cleaned target silhouette shows the shadow figure from a historical hand-shadow instruction plate. Infer the expert hand-and-arm ink arrangement that produced that shadow. Submit hand_ink_rle as a 128 by 128 binary mask RLE of the hand/arm drawing, hand_bbox_json as normalized x/y/w/h of the ink mask, and confidence in [0,1].",1454:3 1582:2 1710:1 1838:1 2351:1 2479:2 2609:1 2735:3 2863:1 2990:1 3117:2 3245:2 3372:2 3500:1 3521:2 3524:2 3649:5 3776:3 3904:2 4031:2 4157:1 4159:2 4284:3 4412:2 4540:1 4639:3 4667:2 4767:2 4895:2 5023:2 5151:3 5280:1 5282:1 5345:4 5407:2 5410:1 5424:8 5473:7 5535:2 5538:1 5546:3 5551:7 5604:5 5663:2 5666:1 5673:4 5791:2 5794:1 5803:2 5808:1 5919:2 5922:1 5927:1 5931:5 6047:2 6050:1 6055:1 6175:2 6178:1 6182:2 6306:1 6310:2 6433:2 6437:3 6562:1 6565:3 6691:5 6818:5 6863:1 6949:2 6990:1 7077:1 7114:4 7585:3 7712:3 9893:2 10020:2 10149:1 10270:2 10399:1 10402:1 10527:2 10530:3 10654:3 10658:1 10672:2 10782:1 10784:1 10786:1 10801:3 10912:1 10931:3 11039:1 11055:2 11061:3 11167:1 11183:4 11190:3 11295:2 11312:3 11316:2 11355:2 11423:1 11473:2 11482:7 11552:1 11602:3 11610:9 11680:1 11731:16 11860:6 11952:2 11984:7 12063:1 12081:2 12111:6 12190:2 12210:2 12238:5 12317:2 12340:3 12363:7 12445:2 12467:8 12477:1 12487:10 12594:15 12615:7 12723:21 12846:6 12858:3 12863:8 12958:2 12976:3 12997:1 13086:1 13102:4 13213:2 13230:3 13357:4 13485:3 13613:2 13740:3 13868:2 13995:3 14124:2 14252:2 14379:3 14506:3 14634:3 14762:3 14890:2 15018:1 15146:1 15273:1,"{""x"":0.22656,""y"":0.08594,""w"":0.59375,""h"":0.85156}"
317,train/shadows/000317.png,128,"A cleaned target silhouette shows the shadow figure from a historical hand-shadow instruction plate. Infer the expert hand-and-arm ink arrangement that produced that shadow. Submit hand_ink_rle as a 128 by 128 binary mask RLE of the hand/arm drawing, hand_bbox_json as normalized x/y/w/h of the ink mask, and confidence in [0,1].",2721:1 2723:1 2850:1 2852:2 2980:2 3108:3 3238:1 3367:1 3490:1 3495:2 3618:1 3624:2 3754:1 3875:2 3882:1 4004:1 4011:2 4132:1 4139:2 4247:5 4255:1 4257:3 4261:1 4267:2 4375:1 4381:1 4387:2 4390:1 4396:1 4501:2 4507:1 4518:2 4524:1 4629:9 4639:2 4646:1 4652:2 4760:12 4774:1 4780:2 4895:4 4908:2 5026:3 5037:2 5154:2 5160:1 5165:3 5169:4 5282:3 5288:1 5294:2 5300:1 5409:1 5411:3 5416:1 5421:3 5537:1 5539:3 5543:2 5550:3 5661:2 5664:1 5667:6 5678:4 5786:2 5796:1 5798:3 5808:2 5913:1 5919:1 5925:4 5935:3 6053:3 6063:2 6174:1 6181:4 6191:3 6295:1 6300:3 6306:6 6425:6 6434:6 6554:6 6561:7 6677:1 6680:7 6691:4 6809:6 6819:5 6931:2 6936:6 6946:6 7058:1 7060:1 7062:8 7071:1 7074:6 7185:1 7187:1 7190:9 7200:1 7203:6 7316:1 7318:11 7332:5 7446:8 7456:1 7459:5 7571:1 7573:3 7577:5 7587:5 7698:2 7701:2 7706:4 7715:4 7826:2 7829:1 7834:4 7844:3 7949:1 7953:4 7962:3 7972:2 8077:1 8091:2 8100:3 8112:1 8219:2 8228:2 8239:1 8332:1 8347:1 8356:1 8367:1 8460:1 8475:1 8588:1 8603:1 8612:1 8715:1 8731:1 8843:1 8859:1 8987:1 9098:1 9115:1 9226:1 9242:2 9354:1 9366:6 9481:2 9492:2 9495:7 9609:3 9619:11 9736:1 9738:1 9746:2 9749:9 9864:1 9866:1 9875:2 9878:1 9880:5 9992:2 9995:1 10003:2 10006:1 10008:6 10120:2 10124:1 10131:1 10136:4 10141:1 10248:2 10264:5 10376:1 10378:1 10382:1 10386:2 10392:3 10503:2 10506:1 10511:1 10519:4 10631:1 10641:1 10646:5 10765:1 10768:1 10771:4 10793:1 10894:1 10897:1 10900:4 10919:1 10921:2 11022:1 11024:3 11028:4 11048:2 11150:1 11152:4 11157:1 11175:3 11278:1 11281:4 11287:1 11303:2 11408:5 11416:1 11428:4 11537:4 11545:1 11557:3 11664:6 11683:5 11791:1 11793:3 11803:1 11811:4 11923:1 11932:1 11938:5 12065:6 12191:1 12193:5 12321:7 12450:7 12580:4 12711:2 12833:2 12836:4 12961:7 13089:6 13217:6 13345:5 13472:6 13599:6 13726:6 13856:4 13981:1 13983:3 14109:6 14236:3 14240:2 14363:5 14369:1 14490:7 14617:2 14620:3 14746:4,"{""x"":0.05469,""y"":0.16406,""w"":0.35938,""h"":0.74219}"
318,train/shadows/000318.png,128,"A cleaned target silhouette shows the shadow figure from a historical hand-shadow instruction plate. Infer the expert hand-and-arm ink arrangement that produced that shadow. Submit hand_ink_rle as a 128 by 128 binary mask RLE of the hand/arm drawing, hand_bbox_json as normalized x/y/w/h of the ink mask, and confidence in [0,1].",2224:1 2351:2 2479:1 2607:1 3120:1 3248:2 3375:1 3377:1 3503:2 3630:2 3758:1 3885:2 4012:2 4140:2 4268:1 4288:3 4416:5 4542:3 4546:3 4670:2 4797:2 4925:2 5050:3 5151:2 5178:2 5279:1 5306:2 5407:1 5433:2 5535:3 5663:3 5791:3 5918:3 5939:3 6046:2 6064:6 6108:1 6174:4 6184:3 6189:3 6237:1 6303:4 6314:2 6365:2 6431:4 6442:6 6493:4 6559:4 6566:1 6571:5 6624:5 6687:4 6694:1 6756:1 6817:1 6820:3 6945:1 6948:3 7076:3 7201:5 7332:1 7459:2 7755:1 7878:5 7968:2 8095:2 10145:3 10274:2 10402:2 10524:1 10652:1 10780:2 10783:1 10907:3 10911:1 11035:1 11037:1 11039:1 11052:2 11164:2 11182:1 11292:1 11310:2 11420:1 11435:2 11439:6 11547:2 11564:3 11676:1 11693:4 11804:1 11822:1 11824:1 12116:6 12187:1 12235:3 12240:12 12313:3 12332:2 12364:16 12441:2 12461:1 12493:4 12590:1 12593:1 12617:7 12719:6 12743:7 12845:11 12868:9 12953:1 12973:27 13080:3 13096:9 13108:19 13208:2 13226:4 13240:9 13352:4 13374:1 13480:3 13608:3 13735:3 13863:2 13990:2 14118:2 14246:3 14374:2 14502:2 14630:2 14757:2 14885:2 15012:2 15140:2 15267:3 15395:2,"{""x"":0.1875,""y"":0.13281,""w"":0.60156,""h"":0.8125}"
319,train/shadows/000319.png,128,"A cleaned target silhouette shows the shadow figure from a historical hand-shadow instruction plate. Infer the expert hand-and-arm ink arrangement that produced that shadow. Submit hand_ink_rle as a 128 by 128 binary mask RLE of the hand/arm drawing, hand_bbox_json as normalized x/y/w/h of the ink mask, and confidence in [0,1].",1573:3 1702:2 1828:1 1830:2 1956:1 1960:1 2084:1 2087:2 2212:1 2216:1 2340:1 2345:1 2468:1 2473:2 2597:1 2602:2 2725:1 2731:1 2854:1 2860:1 2982:1 2989:1 3117:2 3223:3 3227:1 3229:8 3239:1 3246:1 3353:1 3366:3 3374:1 3479:1 3496:1 3502:2 3607:11 3625:1 3631:1 3737:10 3748:2 3752:2 3759:1 3871:7 3881:1 3887:2 4004:2 4009:1 4015:2 4133:1 4137:1 4143:2 4260:2 4265:1 4271:3 4275:3 4387:4 4393:1 4399:2 4406:1 4514:6 4521:1 4527:2 4534:1 4641:2 4644:4 4649:1 4655:3 4767:1 4771:5 4777:2 4783:5 4892:2 4897:1 4902:4 4912:3 5031:4 5040:4 5146:1 5152:1 5158:4 5168:4 5273:1 5278:3 5286:4 5297:3 5404:4 5412:6 5425:3 5528:1 5532:4 5542:4 5554:1 5655:1 5658:7 5666:1 5669:5 5785:1 5787:1 5789:4 5794:1 5796:7 5909:1 5913:8 5924:6 6037:1 6041:8 6052:6 6163:3 6168:9 6179:7 6289:1 6292:1 6295:9 6305:1 6308:5 6416:1 6423:9 6433:1 6436:5 6543:2 6551:8 6563:6 6675:1 6678:9 6688:1 6692:5 6798:1 6802:1 6806:2 6810:5 6820:5 6931:1 6933:2 6938:2 6941:2 6944:1 6948:4 7053:1 7058:4 7066:4 7076:2 7079:1 7181:1 7195:3 7204:4 7309:1 7323:2 7332:1 7334:2 7436:1 7461:2 7472:1 7564:2 7580:1 7588:3 7604:1 7692:1 7716:2 7727:2 7835:1 7844:1 7947:1 7963:1 8075:1 8091:2 8219:1 8330:2 8347:1 8458:1 8475:1 8585:1 8595:1 8602:2 8712:2 8722:11 8839:3 8850:1 8852:8 8967:1 8969:1 8979:10 9095:3 9105:3 9109:2 9112:5 9223:2 9226:1 9234:2 9239:7 9351:2 9355:1 9362:2 9365:1 9367:7 9479:2 9484:1 9490:1 9495:6 9607:1 9609:1 9613:1 9618:1 9623:5 9734:2 9737:1 9742:1 9751:5 9862:1 9872:1 9879:4 9996:1 10001:2 10006:4 10125:1 10127:2 10130:2 10135:2 10253:1 10255:3 10259:1 10261:2 10381:1 10384:5 10390:1 10408:3 10512:5 10518:1 10535:3 10639:2 10642:2 10646:1 10663:2 10767:6 10790:3 10895:6 10903:1 10918:2 11022:3 11027:2 11032:1 11044:3 11151:2 11154:1 11161:1 11170:5 11280:3 11290:1 11298:4 11419:1 11424:6 11548:1 11551:6 11677:2 11680:4 11807:5 11813:1 11936:5 12066:3 12070:1 12198:2 12324:3 12448:7 12575:7 12703:7 12831:6 12958:7 13086:3 13090:2 13213:6 13340:2 13343:3 13468:3 13472:1 13594:7 13722:2 13726:2 13851:4 13978:5 14104:5 14232:2 14235:1 14237:1 14359:4 14488:1,"{""x"":0.04688,""y"":0.09375,""w"":0.38281,""h"":0.79688}"
320,train/shadows/000320.png,128,"A cleaned target silhouette shows the shadow figure from a historical hand-shadow instruction plate. Infer the expert hand-and-arm ink arrangement that produced that shadow. Submit hand_ink_rle as a 128 by 128 binary mask RLE of the hand/arm drawing, hand_bbox_json as normalized x/y/w/h of the ink mask, and confidence in [0,1].",2622:2 2749:2 2877:2 3127:1 3254:2 3382:2 3404:4 3507:1 3509:1 3529:4 3762:1 3889:2 4017:1 4449:1 4577:1 4594:1 4668:4 4704:2 4709:1 4717:3 4722:1 4791:1 4832:2 4838:3 4849:1 4919:11 4976:2 5047:7 5055:1 5175:5 5305:3 5448:3 5573:7 5704:3 5827:4 6825:2 6953:2 7081:2 7206:4 7314:1 7334:4 7442:1 7461:5 7569:4 7600:1 7696:5 7728:1 7822:3 7852:1 7855:1 7950:2 7980:1 7983:2 8074:5 8110:4 8202:4 8238:4 8329:4 8367:1 8456:3 8495:1 8583:2 8622:1 8711:1 8750:1 8877:2 9004:1 9131:1 9259:1 9386:2 9513:2 9640:3 9650:2 9768:2 9778:2 9895:2 9905:2 10023:2 10032:2 10150:1 10277:2 10405:2,"{""x"":0.05469,""y"":0.15625,""w"":0.84375,""h"":0.48438}"
321,train/shadows/000321.png,128,"A cleaned target silhouette shows the shadow figure from a historical hand-shadow instruction plate. Infer the expert hand-and-arm ink arrangement that produced that shadow. Submit hand_ink_rle as a 128 by 128 binary mask RLE of the hand/arm drawing, hand_bbox_json as normalized x/y/w/h of the ink mask, and confidence in [0,1].",2995:3 3120:4 3248:3 3375:2 3378:1 3503:2 3506:1 3508:1 3631:2 3634:1 3636:1 3758:3 3763:2 4021:1 4137:2 4149:2 4260:1 4262:3 4277:1 4279:1 4384:3 4389:1 4391:4 4406:1 4408:1 4513:1 4517:3 4521:1 4533:1 4535:1 4640:1 4662:1 4664:1 4769:1 4790:1 4793:1 4896:1 4919:1 4921:2 5024:2 5048:1 5050:1 5151:1 5153:1 5176:1 5279:2 5307:2 5406:1 5433:1 5436:1 5533:3 5562:1 5565:2 5661:2 5694:1 5790:1 5819:2 5823:1 5916:1 5951:2 6044:2 6080:1 6172:2 6208:1 6300:1 6307:1 6336:1 6428:3 6435:1 6464:2 6563:1 6593:1 6721:1 6820:1 6849:2 6948:1 6977:2 7076:1 7079:1 7105:2 7203:2 7207:1 7234:2 7330:4 7335:1 7361:3 7458:5 7488:3 7497:1 7586:7 7618:2 7621:1 7623:4 7716:4 7745:3 7749:2 7752:2 7755:3 7843:6 7850:1 7873:4 7879:6 7886:2 7973:3 7977:2 8001:1 8003:6 8010:5 8016:1 8091:3 8103:7 8129:7 8137:3 8141:3 8145:1 8218:2 8234:1 8236:3 8259:7 8267:6 8274:3 8341:6 8363:2 8366:2 8386:5 8396:4 8401:2 8405:2 8468:6 8492:1 8495:3 8514:5 8528:2 8531:4 8537:2 8594:2 8597:2 8624:5 8643:4 8658:1 8660:5 8667:1 8719:5 8754:7 8772:2 8787:10 8846:2 8879:2 8882:8 8900:2 8920:1 8923:1 8925:1 9012:6 9023:1 9026:2 9052:3 9143:5 9150:1 9152:4 9180:7 9188:3 9271:11 9283:2 9308:9 9319:4 9401:8 9411:10 9436:5 9442:2 9491:3 9528:1 9531:6 9541:11 9564:1 9618:1 9621:3 9658:1 9660:5 9671:1 9676:7 9692:1 9747:6 9787:6 9807:11 9820:1 9873:1 9875:7 9915:4 9920:1 9936:1 9938:2 9944:6 10002:3 10006:1 10008:2 10046:1 10048:1 10065:3 10073:2 10076:3 10129:2 10132:2 10136:1 10171:4 10194:2 10202:1 10207:8 10257:1 10301:3 10322:1 10340:3 10428:3 10450:2 10471:1 10557:2 10577:3 10705:3 10790:1 10812:1 10833:1 10835:1 10918:1 10940:2 10960:2 11046:1 11048:2 11068:2 11088:1 11176:1 11216:1 11344:1 11472:1 11564:2 11568:2 11600:1 11680:5 11689:4 11694:1 11728:1 11797:1 11807:2 11811:6 11856:1 11918:1 11933:1 11983:1 12047:1 12051:4 12060:1 12111:1 12176:3 12183:5 12239:1 13022:1 13150:1 13278:1 13405:2 13532:1 14178:1 14306:1 14433:1 14561:1 14689:1 14817:2 14946:3 15077:1,"{""x"":0.10938,""y"":0.17969,""w"":0.72656,""h"":0.74219}"
322,train/shadows/000322.png,128,"A cleaned target silhouette shows the shadow figure from a historical hand-shadow instruction plate. Infer the expert hand-and-arm ink arrangement that produced that shadow. Submit hand_ink_rle as a 128 by 128 binary mask RLE of the hand/arm drawing, hand_bbox_json as normalized x/y/w/h of the ink mask, and confidence in [0,1].",1328:2 1455:3 1583:1 2352:1 2481:1 2607:3 2734:3 2862:2 2989:2 3116:2 3244:2 3649:1 3651:1 3775:1 3777:1 3779:3 3902:8 4029:3 4126:1 4157:2 4253:2 4283:1 4285:1 4381:2 4410:3 4509:2 4538:2 4637:3 4666:1 4765:1 4767:1 4793:1 4892:2 4895:1 5020:2 5023:1 5148:2 5151:1 5276:2 5279:1 5287:3 5292:9 5404:2 5407:1 5414:4 5421:5 5532:2 5535:1 5544:2 5660:2 5663:1 5668:1 5672:6 5791:1 5796:1 5853:1 5918:2 5923:2 5981:1 6046:1 6050:3 6109:4 6175:1 6177:3 6238:3 6302:6 6368:4 6432:4 6497:5 6561:2 6688:1 7068:3 7195:3 7241:2 7364:5 9373:2 9500:1 9629:1 9750:1 9879:1 9881:3 10007:1 10009:1 10133:1 10135:1 10137:1 10262:2 10390:2 10408:1 10518:1 10537:1 10646:1 10665:2 10773:2 10789:3 10794:3 10902:1 10919:3 10925:3 11030:1 11048:4 11158:1 11177:1 11179:2 11413:1 11540:2 11667:2 11686:2 11816:1 11846:3 11945:1 11976:2 11985:1 12073:3 12106:15 12179:1 12202:3 12231:18 12306:2 12327:13 12357:13 12373:4 12434:2 12450:18 12479:9 12490:2 12562:1 12578:20 12603:11 12708:4 12718:21 12834:3 12852:14 12961:3 12985:1 13089:3 13217:2 13344:3 13472:2 13600:2 13727:2 13855:2 13982:3 14109:4 14237:3 14365:3 14493:2 14620:2 14748:1 14876:1,"{""x"":0.14062,""y"":0.07812,""w"":0.65625,""h"":0.83594}"
323,train/shadows/000323.png,128,"A cleaned target silhouette shows the shadow figure from a historical hand-shadow instruction plate. Infer the expert hand-and-arm ink arrangement that produced that shadow. Submit hand_ink_rle as a 128 by 128 binary mask RLE of the hand/arm drawing, hand_bbox_json as normalized x/y/w/h of the ink mask, and confidence in [0,1].",1969:2 2095:4 2223:2 2992:3 3121:1 3123:1 3248:4 3376:3 3503:1 3631:1 3758:2 3885:2 4034:2 4162:2 4165:2 4288:3 4292:3 4416:2 4543:2 4669:3 4796:3 4897:1 4924:2 5024:2 5052:2 5152:2 5180:2 5281:2 5409:3 5537:3 5665:1 5667:1 5687:1 5792:2 5813:3 5856:1 5920:2 5930:4 5936:7 5984:2 6048:2 6051:1 6058:4 6065:5 6112:4 6120:1 6176:2 6179:1 6184:1 6188:5 6243:5 6304:2 6307:1 6311:2 6317:4 6375:1 6432:2 6435:1 6439:2 6560:2 6563:1 6567:2 6690:1 6694:3 6818:1 6822:2 6946:1 6949:3 7075:5 7205:2 7333:3 7374:2 7462:1 7498:6 7626:4 7843:1 7970:2 10149:2 10276:2 10405:1 10526:1 10654:2 10657:3 10782:2 10785:1 10909:3 10913:1 10927:1 11037:1 11039:1 11041:1 11056:2 11166:2 11185:2 11294:1 11309:3 11315:2 11423:1 11440:3 11445:3 11550:2 11569:3 11679:1 11697:2 11700:1 11807:1 11865:1 11935:1 11983:2 11993:8 12112:17 12190:1 12207:2 12242:8 12254:3 12317:2 12337:1 12368:9 12444:2 12465:2 12493:8 12594:2 12617:8 12721:1 12723:3 12729:3 12745:7 12849:14 12869:7 12956:1 12972:29 13084:2 13100:13 13116:9 13212:2 13228:4 13250:1 13356:3 13484:3 13612:3 13739:3 13867:3 13995:2 14122:2 14250:2 14378:1 14506:1 14633:2 14760:3 14888:3 15016:2 15143:3 15271:2 15399:2,"{""x"":0.21875,""y"":0.11719,""w"":0.60156,""h"":0.82812}"
325,train/shadows/000325.png,128,"A cleaned target silhouette shows the shadow figure from a historical hand-shadow instruction plate. Infer the expert hand-and-arm ink arrangement that produced that shadow. Submit hand_ink_rle as a 128 by 128 binary mask RLE of the hand/arm drawing, hand_bbox_json as normalized x/y/w/h of the ink mask, and confidence in [0,1].",700:2 810:1 825:2 828:1 937:1 939:1 953:1 955:3 1064:1 1080:1 1083:3 1192:1 1196:1 1208:1 1211:3 1319:3 1324:1 1335:1 1339:3 1447:3 1452:1 1463:2 1467:3 1575:3 1581:1 1591:2 1596:2 1703:3 1709:1 1719:1 1725:1 1831:3 1837:1 1846:2 1852:1 1959:3 1965:1 1974:2 1981:1 2087:3 2094:1 2102:2 2109:1 2215:4 2223:1 2230:3 2344:2 2347:1 2352:1 2358:4 2365:2 2472:4 2487:2 2494:1 2601:4 2610:1 2615:2 2622:1 2730:4 2743:2 2751:1 2857:6 2867:2 2872:2 2880:1 2986:3 2996:1 2999:3 3008:1 3115:2 3127:4 3136:1 3244:2 3253:1 3256:2 3265:1 3363:4 3372:3 3382:1 3385:2 3394:2 3495:5 3501:2 3511:4 3524:1 3628:7 3642:2 3653:1 3762:1 3770:3 3894:6 3911:2 4040:2 4163:1 4171:3 4259:2 4263:3 4291:3 4301:2 4387:1 4389:6 4422:1 4431:1 4515:11 4527:1 4550:2 4561:2 4643:17 4682:2 4691:2 4770:17 4822:2 4896:7 4905:8 4952:1 5024:4 5033:6 5081:2 5159:3 5163:3 5212:2 5285:3 5341:1 5343:2 5412:2 5469:1 5496:2 5538:2 5623:1 5626:1 5666:2 5730:1 5750:1 5754:1 5858:2 5873:1 5876:1 5882:1 5988:3 5995:8 6010:1 6040:1 6117:6 6124:5 6130:2 6138:1 6165:1 6247:3 6254:1 6291:2 6375:4 6383:1 6385:3 6506:1 6514:1 6634:1 6706:1 6762:1 6832:6 6889:1 6906:1 6957:8 7017:2 7033:2 7083:9 7145:1 7160:1 7209:9 7273:2 7292:1 7335:8 7401:2 7415:1 7417:1 7461:7 7529:1 7543:1 7587:4 7657:2 7670:1 7712:5 7718:1 7785:2 7798:1 7838:2 7841:1 7913:1 7926:1 7963:2 8040:1 8090:1 8168:1 8180:1 8182:1 8256:1 8295:2 8308:2 8311:2 8382:3 8423:2 8436:1 8510:4 8550:2 8563:1 8638:4 8678:2 8691:3 8806:2 8820:1 8934:1 8947:2 9074:3 9078:1 9188:2 9201:3 9328:5 9456:4 9584:4 9711:3 9716:1 9839:5 9967:5 10095:2 10098:1 10222:3 10349:3 10353:2 10476:7 10604:3 10732:4 10737:1 10859:3 10863:2 10987:6 11114:4 11237:1 11242:4 11366:1 11370:2 11374:1 11493:1 11496:4 11501:2 11624:5 11752:4 11758:1 11879:3 11884:2 12007:2 12011:3 12139:2 12142:1 12268:3 12397:2 12527:1 12654:1 12782:1 12911:1 13039:2 13168:1 14318:2 14441:3 14449:1 14569:4 14575:1 14698:2 14704:1 14826:3 14832:2 14955:1 15083:2 15089:1 15211:2 15340:1,"{""x"":0.14844,""y"":0.03906,""w"":0.82812,""h"":0.89844}"
326,train/shadows/000326.png,128,"A cleaned target silhouette shows the shadow figure from a historical hand-shadow instruction plate. Infer the expert hand-and-arm ink arrangement that produced that shadow. Submit hand_ink_rle as a 128 by 128 binary mask RLE of the hand/arm drawing, hand_bbox_json as normalized x/y/w/h of the ink mask, and confidence in [0,1].",4145:5 4266:1 4269:3 4279:2 4395:1 4538:1 4668:2 4778:1 4781:7 4799:2 4904:1 4907:2 4917:2 4930:1 5060:1 5177:2 5189:1 5308:4 5318:1 5440:1 5445:2 5569:1 5574:2 5815:2 5832:1 5948:1 6089:1 6218:1 6347:1 6476:1 6579:6 6605:1 6701:4 6734:1 6842:1 6863:1 6971:1 6992:1 7121:1 7200:1 7250:1 7328:1 7378:1 7455:1 7508:1 7519:5 7581:1 7637:1 7641:5 7649:1 7708:1 7713:1 7768:2 7772:2 7775:1 7835:1 7841:1 7894:3 8023:2 8035:1 8150:3 8163:2 8278:3 8291:11 8405:3 8419:2 8422:1 8424:4 8430:1 8533:3 8546:5 8560:2 8661:3 8674:2 8677:4 8690:1 8788:3 8802:1 8811:7 8819:1 8916:3 8937:1 8947:3 9024:1 9026:1 9044:3 9066:1 9076:4 9152:2 9155:3 9171:3 9185:1 9195:1 9282:5 9298:2 9312:1 9324:1 9412:3 9416:1 9425:2 9443:1 9452:1 9542:4 9552:3 9567:1 9581:1 9633:1 9671:5 9679:3 9695:1 9698:1 9700:1 9710:1 9762:4 9799:5 9807:3 9825:1 9828:1 9839:1 9891:6 9928:10 9952:1 9968:1 10025:15 10057:9 10078:3 10085:1 10097:1 10156:12 10185:8 10206:2 10213:1 10226:1 10282:1 10286:10 10314:7 10333:2 10341:1 10403:3 10414:1 10417:7 10442:7 10461:1 10468:1 10470:1 10483:1 10533:4 10538:1 10541:2 10548:4 10569:2 10572:4 10597:2 10665:5 10680:1 10682:3 10698:5 10704:1 10725:2 10795:1 10808:7 10828:1 10830:2 10853:2 10921:2 10940:3 10955:1 10958:2 10974:1 10981:3 11049:1 11086:2 11103:1 11110:2 11238:1 11366:2 11496:1 11624:1 12639:2 12768:1,"{""x"":0.21094,""y"":0.25,""w"":0.72656,""h"":0.53125}"
327,train/shadows/000327.png,128,"A cleaned target silhouette shows the shadow figure from a historical hand-shadow instruction plate. Infer the expert hand-and-arm ink arrangement that produced that shadow. Submit hand_ink_rle as a 128 by 128 binary mask RLE of the hand/arm drawing, hand_bbox_json as normalized x/y/w/h of the ink mask, and confidence in [0,1].",2749:1 2754:5 2878:12 2895:1 3015:4 3024:1 3123:3 3148:1 3153:1 3247:6 3254:8 3271:1 3277:1 3281:1 3376:2 3382:8 3401:2 3406:1 3410:1 3504:3 3514:9 3531:1 3537:1 3642:1 3645:7 3666:1 3774:7 3795:1 4820:1 5077:1 5206:1 5334:1 5464:1 6075:1 8683:1 8811:1 10699:1 10827:1 13159:1 13286:1 13659:1 13787:1 13915:2 14043:5 14171:4 14299:4 14427:3 14555:3 14683:3 14811:3 14940:2 15068:2 15196:2,"{""x"":0.36719,""y"":0.16406,""w"":0.47656,""h"":0.76562}"
328,train/shadows/000328.png,128,"A cleaned target silhouette shows the shadow figure from a historical hand-shadow instruction plate. Infer the expert hand-and-arm ink arrangement that produced that shadow. Submit hand_ink_rle as a 128 by 128 binary mask RLE of the hand/arm drawing, hand_bbox_json as normalized x/y/w/h of the ink mask, and confidence in [0,1].",4461:2 4587:1 4590:1 4593:1 4595:3 4712:2 4720:7 4838:3 4847:3 4853:1 4964:6 4974:2 4980:1 5027:1 5030:2 5090:4 5098:1 5100:3 5149:5 5156:4 5216:3 5220:1 5222:1 5226:2 5229:1 5234:1 5277:1 5285:1 5342:5 5352:5 5405:3 5409:3 5414:1 5421:1 5466:2 5469:1 5472:4 5478:6 5488:2 5491:1 5534:7 5543:1 5592:7 5601:1 5603:7 5615:2 5661:18 5719:3 5723:4 5731:6 5741:3 5747:1 5785:10 5796:14 5811:1 5844:4 5858:4 5868:3 5874:1 5922:1 5929:1 5932:8 5970:5 5984:6 5995:3 6041:2 6044:1 6046:1 6049:2 6058:1 6061:5 6098:3 6111:6 6118:1 6122:4 6170:10 6186:1 6202:1 6236:4 6241:1 6248:4 6253:1 6256:1 6298:1 6306:1 6308:7 6321:1 6330:1 6345:1 6362:1 6365:2 6374:6 6426:1 6434:1 6440:1 6442:4 6447:2 6473:1 6494:1 6501:6 6510:1 6555:9 6573:5 6601:1 6622:1 6627:6 6638:3 6686:9 6696:1 6703:1 6729:1 6753:7 6763:1 6765:2 6768:1 6814:1 6819:6 6831:1 6840:3 6857:1 6880:4 6885:1 6890:4 6895:1 6947:9 6969:2 7009:1 7019:2 7023:1 7072:4 7080:5 7095:1 7097:1 7114:1 7144:1 7146:2 7150:1 7208:1 7211:3 7224:1 7242:1 7253:1 7271:5 7332:2 7336:1 7340:2 7351:1 7370:1 7397:5 7405:1 7463:1 7469:1 7498:1 7509:1 7514:1 7523:1 7525:4 7532:1 7593:2 7604:1 7609:1 7627:1 7642:1 7652:3 7659:1 7723:1 7734:1 7754:2 7779:2 7786:1 7852:2 7866:1 7883:1 7907:1 7981:1 8011:1 8027:1 8039:1 8110:2 8139:1 8166:1 8239:3 8284:1 8368:2 8419:1 8497:2 8546:1 8626:2 8652:1 8673:1 8746:1 8755:1 8780:1 8799:2 8874:1 8884:2 8900:1 8909:1 8926:2 9001:1 9012:3 9038:1 9051:1 9053:1 9141:2 9166:1 9178:4 9271:1 9295:1 9306:1 9308:1 9399:2 9423:1 9528:1 9924:1 10077:1 10543:3 10670:3 10797:3 10925:1 10931:1 11055:2 11058:1 11576:1 11704:1,"{""x"":0.19531,""y"":0.26562,""w"":0.73438,""h"":0.45312}"
329,train/shadows/000329.png,128,"A cleaned target silhouette shows the shadow figure from a historical hand-shadow instruction plate. Infer the expert hand-and-arm ink arrangement that produced that shadow. Submit hand_ink_rle as a 128 by 128 binary mask RLE of the hand/arm drawing, hand_bbox_json as normalized x/y/w/h of the ink mask, and confidence in [0,1].",1578:2 1706:2 1833:2 1961:1 2603:1 2732:1 2859:2 2986:2 3113:2 3241:2 3368:2 3495:2 3623:2 3644:1 3646:1 3770:1 3772:1 3774:3 3897:8 4025:3 4154:2 4280:1 4282:1 4408:2 4535:2 4663:1 4763:1 4791:1 4890:2 4918:1 5018:2 5146:2 5274:3 5402:1 5404:1 5466:1 5529:2 5532:1 5548:6 5595:1 5657:2 5660:1 5668:3 5673:6 5723:4 5728:2 5785:2 5788:1 5795:5 5803:1 5852:8 5914:2 5917:1 5926:2 5982:2 6042:2 6045:1 6050:1 6054:6 6170:2 6173:1 6178:1 6298:2 6301:1 6305:2 6429:1 6432:3 6556:2 6559:3 6684:1 6687:3 6813:5 6940:5 7071:1 7112:2 7238:2 7364:2 7708:3 7835:3 10014:2 10142:1 10271:1 10392:1 10521:1 10523:3 10649:1 10651:1 10775:1 10777:1 10779:1 10795:1 10905:2 10924:2 11033:2 11052:4 11161:1 11176:3 11184:3 11289:1 11306:5 11416:2 11435:2 11438:2 11545:1 11564:1 11673:1 11721:3 11732:8 11801:1 11851:17 11981:8 11992:4 12056:1 12073:2 12106:11 12183:2 12203:1 12232:8 12310:2 12332:1 12334:1 12360:5 12461:4 12484:7 12590:10 12608:8 12716:28 12823:1 12839:32 12951:2 12967:7 12979:8 12990:1 13079:2 13097:4 13207:1 13223:3 13350:3 13478:3 13606:2 13733:3 13861:2 13989:2 14116:2 14245:2 14372:3 14500:3 14627:3 14755:3 14883:2 15011:1 15138:2 15266:1 15394:1,"{""x"":0.17188,""y"":0.09375,""w"":0.60938,""h"":0.85156}"
336,train/shadows/000336.png,128,"A cleaned target silhouette shows the shadow figure from a historical hand-shadow instruction plate. Infer the expert hand-and-arm ink arrangement that produced that shadow. Submit hand_ink_rle as a 128 by 128 binary mask RLE of the hand/arm drawing, hand_bbox_json as normalized x/y/w/h of the ink mask, and confidence in [0,1].",1507:1 1633:3 1760:4 1887:2 1891:1 2014:1 2018:2 2140:2 2144:3 2265:3 2271:3 2392:2 2398:3 2517:3 2526:2 2645:1 2653:2 2772:1 2781:2 2791:3 2899:2 2907:3 3013:3 3025:1 3027:1 3033:4 3041:5 3140:1 3142:1 3144:1 3151:2 3159:4 3166:3 3268:1 3271:2 3277:1 3285:5 3395:1 3398:3 3404:1 3412:5 3419:3 3523:1 3526:3 3540:3 3544:4 3651:1 3653:4 3658:2 3667:2 3670:3 3781:5 3793:5 3799:1 3906:1 3908:5 3918:7 4033:2 4036:5 4046:6 4162:4 4173:4 4289:1 4300:2 4416:2 4543:2 4551:5 4670:1 4678:5 4796:2 4805:1 4922:2 4932:1 5050:1 5061:2 5177:1 5189:4 5303:2 5430:1 5556:3 5683:1 5690:1 5810:1 5812:1 5832:2 5937:2 5945:1 6190:3 6316:1 6443:1 6571:1 6692:2 6698:1 6815:4 6822:1 6825:1 6939:4 6952:1 7066:1 7079:1 7193:1 7199:2 7207:2 7250:1 7320:1 7336:1 7376:4 7447:1 7451:3 7458:4 7464:2 7502:14 7574:5 7585:6 7593:1 7632:8 7641:5 7648:1 7702:2 7705:2 7716:3 7755:12 7768:12 7828:7 7846:4 7851:1 7882:7 7900:3 7904:3 7956:7 7975:3 7979:1 8010:5 8030:2 8034:1 8083:8 8104:3 8108:1 8137:5 8211:8 8220:2 8224:1 8234:3 8261:2 8264:2 8338:7 8346:3 8351:1 8353:1 8363:2 8389:3 8393:1 8466:5 8472:5 8482:2 8492:2 8515:3 8594:3 8598:2 8601:1 8603:3 8611:3 8621:1 8643:2 8722:2 8725:1 8728:1 8730:4 8740:3 8749:2 8772:1 8849:2 8853:1 8855:1 8857:6 8870:2 8878:1 8975:2 8980:1 8982:1 8984:2 8987:6 8999:1 9102:2 9108:1 9110:1 9112:2 9115:1 9117:1 9119:1 9136:1 9234:1 9236:1 9242:1 9264:2 9331:1 9354:3 9363:1 9365:2 9460:1 9487:1 9489:1 9492:1 9581:1 9615:1 9618:2 9709:3 9713:1 9741:2 9744:2 9838:3 9868:1 9870:2 9967:3 9996:1 10096:3 10225:1 11451:1 11579:1 11705:1 11833:2 11962:2 12092:3 12223:1 12333:1 12459:2 13112:1 13240:1 13368:1 13497:1 13888:1,"{""x"":0.07812,""y"":0.08594,""w"":0.83594,""h"":0.76562}"
337,train/shadows/000337.png,128,"A cleaned target silhouette shows the shadow figure from a historical hand-shadow instruction plate. Infer the expert hand-and-arm ink arrangement that produced that shadow. Submit hand_ink_rle as a 128 by 128 binary mask RLE of the hand/arm drawing, hand_bbox_json as normalized x/y/w/h of the ink mask, and confidence in [0,1].",2413:2 2541:2 2668:4 2796:4 2924:4 3054:4 3182:3 3310:4 3439:4 3567:1 3569:2 3697:4 3826:4 3955:3 4085:2 4234:1 4362:3 4419:2 4489:4 4547:3 4617:1 4619:4 4675:3 4747:5 4803:3 4875:5 4932:1 4938:2 5003:6 5065:5 5131:2 5134:3 5194:4 5199:2 5259:1 5264:1 5323:3 5327:4 5455:5 5586:3 5715:3 5845:3 5973:3 6102:3 6231:1 6359:1 10180:2 10306:4 10336:5 10432:5 10455:17 10556:8 10577:25 10681:17 10699:32 10806:42 10853:6 10933:34 11057:11 11075:8 11084:5 11183:8 11310:8 11437:7 11563:6 11690:6 11817:5 11945:5 12072:5 12195:3 12199:5 12324:8 12453:6 12579:7 12700:3 12705:9 12828:4 12833:7 12956:3 12960:7 13088:3 13214:4 13342:4 13469:4 13585:3 13595:5 13713:4 13722:6 13841:4 13849:6 13969:4 13977:6 14097:13 14225:12 14354:10 14483:7 14614:2,"{""x"":0.07031,""y"":0.14062,""w"":0.85938,""h"":0.75781}"
338,train/shadows/000338.png,128,"A cleaned target silhouette shows the shadow figure from a historical hand-shadow instruction plate. Infer the expert hand-and-arm ink arrangement that produced that shadow. Submit hand_ink_rle as a 128 by 128 binary mask RLE of the hand/arm drawing, hand_bbox_json as normalized x/y/w/h of the ink mask, and confidence in [0,1].",2707:1 2832:5 2960:5 3090:4 3218:2 3238:1 3345:2 3366:2 3473:1 3494:2 3622:3 3749:5 3877:2 3880:2 4005:2 4008:2 4136:2 4264:2 4392:2 4513:2 4520:2 4641:2 4648:2 4769:2 4776:3 4898:2 4904:3 5025:3 5032:3 5152:4 5280:4 5408:3 5536:3 5663:3 5791:2 5918:3 6045:4 6171:5 6298:3 6424:2 6552:1 6679:2 6806:2 6933:3 7061:2 7069:1 7189:3 7197:2 7317:2 7323:6 7445:2 7450:7 7579:1 7581:1 7583:2 7709:1 7711:3 7839:3 7966:4 8094:2 8097:1 8143:1 8222:2 8225:1 8271:1 8350:4 8399:1 8480:2 8525:3 8609:1 8653:3 8781:3 8909:2 9037:2 9165:2 9290:2 9293:2 9419:5 9547:4 9674:5 9802:3 9930:2 10057:3 10185:2 10313:2 10326:2 10437:1 10441:1 10454:2 10565:5 10581:3 10692:6 10708:3 10812:1 10819:7 10835:3 10852:1 10939:2 10947:6 10962:2 10979:3 11066:3 11074:6 11089:3 11107:2 11192:4 11201:7 11216:3 11234:3 11318:5 11327:5 11333:2 11342:4 11362:2 11445:5 11451:2 11454:6 11468:5 11490:2 11569:8 11578:9 11594:7 11618:2 11697:8 11706:6 11713:2 11722:8 11745:3 11825:10 11836:2 11848:2 11872:3 11951:8 11960:1 11962:3 11973:5 11999:3 12063:2 12078:7 12086:5 12097:7 12126:3 12191:2 12200:18 12222:7 12254:3 12319:3 12328:16 12348:6 12381:3 12444:2 12447:3 12458:10 12473:6 12481:3 12509:2 12570:5 12576:3 12588:6 12599:6 12606:9 12620:1 12636:3 12696:5 12704:3 12715:4 12725:3 12740:2 12746:4 12764:2 12822:5 12830:4 12840:4 12853:2 12868:12 12891:2 12948:5 12957:3 12961:1 12968:4 12997:12 13019:2 13076:2 13083:3 13096:3 13127:7 13135:2 13146:2 13202:2 13210:3 13224:3 13256:2 13259:3 13273:3 13328:4 13352:3 13400:4 13456:2 13481:2 13528:3 13561:3 13606:1 13609:2 13688:4 13727:8 13737:2 13740:2 13816:4 13848:15 13865:5 13945:4 13974:11 13987:5 13994:4 14008:2 14102:9 14116:6 14123:1 14125:3 14134:4 14231:1 14233:4 14242:8 14253:5 14261:6 14360:3 14369:3 14373:4 14383:3 14387:9 14397:2 14488:2 14494:2 14497:5 14516:8 14525:3 14621:4 14626:2 14646:6 14653:4 14667:1 14750:3 14777:3 14781:5 14794:2 14874:1 14879:1 14909:7 14921:3 14925:2 15000:1 15002:2 15049:6 15128:4 15177:2,"{""x"":0.125,""y"":0.16406,""w"":0.85156,""h"":0.76562}"
339,train/shadows/000339.png,128,"A cleaned target silhouette shows the shadow figure from a historical hand-shadow instruction plate. Infer the expert hand-and-arm ink arrangement that produced that shadow. Submit hand_ink_rle as a 128 by 128 binary mask RLE of the hand/arm drawing, hand_bbox_json as normalized x/y/w/h of the ink mask, and confidence in [0,1].",571:2 697:2 701:1 824:3 829:1 952:1 954:1 1081:1 1083:1 1087:1 1209:1 1211:1 1215:1 1337:1 1339:1 1343:1 1465:1 1468:2 1471:1 1592:2 1598:1 1611:1 1720:2 1727:2 1738:4 1848:2 1856:4 1862:2 1865:1 1867:3 1976:2 1985:2 1997:2 2101:4 2113:1 2115:1 2228:2 2243:1 2256:1 2355:1 2358:2 2371:1 2379:1 2384:1 2482:1 2485:1 2500:1 2506:3 2513:1 2610:1 2612:1 2624:2 2628:2 2634:1 2636:1 2640:2 2738:1 2740:1 2756:2 2768:2 2868:1 2879:2 2885:5 2896:2 2996:1 3008:1 3013:3 3024:3 3121:2 3124:1 3127:2 3137:1 3142:1 3153:1 3155:1 3249:2 3252:1 3266:1 3271:2 3281:1 3283:2 3375:5 3381:1 3400:1 3411:2 3497:5 3504:1 3507:1 3527:2 3540:1 3635:1 3638:1 3655:2 3668:1 3748:3 3763:1 3766:1 3784:2 3872:3 3891:1 3894:1 3912:1 3925:1 4017:3 4022:1 4041:1 4051:1 4053:1 4123:1 4126:2 4144:4 4181:1 4251:3 4265:8 4275:2 4299:1 4310:1 4380:1 4427:1 4439:1 4508:1 4514:7 4552:1 4555:1 4566:2 4639:1 4643:2 4648:2 4680:1 4694:2 4770:1 4777:1 4812:1 4822:2 4898:1 4909:4 4937:1 4941:1 4951:1 5026:1 5034:7 5065:1 5079:1 5155:2 5205:3 5287:1 5335:2 5463:2 5590:3 5718:2 5847:1 5974:2 6103:1 6231:1 6359:1 6486:1 6488:1 6615:2 6743:2 6871:2 7000:2 7127:2 7255:1 7257:4 7385:5 7515:5 7523:2 7643:7 7651:3 7744:1 7771:4 7779:4 7872:1 7879:2 7882:1 7890:2 7900:1 7902:1 7906:1 7909:3 8010:2 8019:1 8028:2 8034:1 8036:4 8129:2 8148:1 8155:3 8164:1 8166:3 8258:2 8261:1 8276:1 8283:2 8294:3 8387:2 8390:1 8411:2 8419:1 8423:3 8517:2 8533:2 8538:2 8548:1 8551:1 8553:3 8646:2 8663:1 8667:1 8679:2 8682:4 8688:1 8794:2 8804:1 8807:1 8809:1 8811:1 8813:1 8818:1 8922:1 8932:1 8935:1 8940:1 8942:1 8949:1 9049:2 9059:2 9063:1 9066:1 9068:1 9070:4 9177:1 9187:1 9194:1 9202:1 9304:2 9315:2 9319:1 9322:1 9325:1 9331:1 9431:1 9443:2 9456:1 9558:1 9560:1 9570:2 9698:3 9711:1 9816:1 9826:3 9839:2 9943:1 9954:4 9967:2 10052:1 10082:3 10096:1 10179:1 10198:1 10211:3 10326:1 10340:1 10434:1 10437:1 10453:1 10481:1 10564:2 10609:1 10689:1 10691:1 10728:1 10739:1 10818:1 10820:1 10856:1 10867:1 10946:1 10948:1 10984:1 11076:1 11105:1 11112:1 11203:1 11233:1 11240:1 11329:1 11361:2 11368:1 11457:2 11490:1 11585:1 11596:1 11713:1 11724:1 11852:1 11860:1 11880:1 11968:1 11981:1 11989:1 12008:1 12097:1 12109:1 12113:1 12117:1 12136:1 12226:1 12237:1 12241:2 12249:1 12264:1 12356:1 12365:1 12370:2 12378:1 12392:1 12493:1 12498:3 12508:1 12517:1 12520:1 12613:2 12621:1 12626:4 12637:1 12645:1 12743:1 12749:1 12754:5 12760:1 12870:1 12872:1 12877:1 12882:9 12904:1 12998:1 13000:2 13005:1 13009:13 13024:1 13028:1 13031:2 13127:5 13134:1 13138:7 13147:2 13153:1 13157:1 13159:2 13255:5 13262:1 13265:4 13271:2 13274:1 13276:1 13285:4 13383:3 13388:1 13390:1 13393:2 13396:1 13398:2 13403:1 13405:1 13512:7 13521:2 13524:1 13640:3 13645:2 13771:4 13776:1 13898:2 13901:2 13904:1 14026:5 14157:4 14286:1 14288:1 14414:1,"{""x"":0.21094,""y"":0.03125,""w"":0.71094,""h"":0.85156}"
340,train/shadows/000340.png,128,"A cleaned target silhouette shows the shadow figure from a historical hand-shadow instruction plate. Infer the expert hand-and-arm ink arrangement that produced that shadow. Submit hand_ink_rle as a 128 by 128 binary mask RLE of the hand/arm drawing, hand_bbox_json as normalized x/y/w/h of the ink mask, and confidence in [0,1].",2236:1 2238:2 2363:1 2366:2 2490:1 2493:1 2495:1 2623:1 2749:1 2751:1 2873:1 2877:1 2879:1 3001:4 3007:2 3129:2 3135:2 3246:4 3256:2 3263:2 3373:3 3378:5 3384:2 3391:2 3501:2 3506:6 3513:3 3519:4 3627:2 3638:2 3652:1 3754:1 3766:1 3778:2 3882:1 3894:1 3908:1 3910:1 4015:1 4022:1 4037:1 4039:1 4137:2 4142:2 4149:1 4152:3 4165:1 4167:1 4265:2 4272:1 4277:1 4281:1 4293:1 4295:1 4392:1 4394:1 4402:3 4409:2 4423:1 4520:1 4522:1 4529:4 4537:1 4545:1 4551:3 4648:1 4650:1 4659:2 4664:2 4679:6 4778:1 4787:2 4792:1 4804:1 4807:1 4903:1 4915:2 4920:1 4932:1 4935:1 4944:3 5031:2 5042:1 5060:1 5063:1 5076:3 5159:1 5170:2 5187:2 5191:1 5209:5 5286:2 5298:1 5319:1 5339:1 5342:1 5414:1 5443:2 5447:7 5456:1 5469:2 5542:1 5544:1 5554:1 5574:4 5580:3 5584:1 5597:1 5670:1 5681:1 5711:4 5724:1 5798:1 5843:9 5925:2 5970:1 5975:1 6053:2 6064:1 6090:2 6104:1 6181:2 6192:1 6195:1 6218:3 6222:1 6232:1 6308:1 6322:1 6358:1 6436:1 6446:1 6480:5 6564:1 6577:1 6692:1 6705:1 6820:1 6948:2 7076:1 7204:1 7332:2 7460:2 7588:1 7590:1 7717:1 7845:2 7973:2 8101:1 8229:1 8357:1 8484:3 8612:3 8739:2 8742:1 8865:4 8992:5 9119:5 9149:1 9242:3 9247:5 9268:2 9277:1 9369:3 9375:4 9387:2 9396:2 9404:1 9497:2 9500:1 9504:3 9514:2 9531:2 9624:3 9628:1 9633:2 9642:1 9659:1 9751:4 9761:1 9769:1 9784:3 9879:2 9883:1 9891:1 9897:1 9911:3 10005:3 10010:1 10018:2 10038:3 10132:4 10146:2 10151:1 10258:1 10260:4 10275:1 10383:2 10386:3 10390:1 10403:2 10508:2 10513:1 10517:1 10520:1 10634:1 10639:2 10642:1 10648:1 10651:1 10660:2 10766:1 10770:1 10772:1 10776:1 10779:1 10790:1 10893:1 10900:1 10907:1 10917:1 10919:1 11020:1 11023:1 11025:1 11028:1 11035:1 11046:1 11048:1 11147:1 11153:1 11160:1 11163:2 11174:1 11177:1 11288:1 11291:2 11303:1 11322:1 11408:1 11416:1 11419:3 11451:1 11536:1 11544:1 11547:3 11560:1 11672:1 11675:3 11689:1 11708:1 11791:1 11800:1 11803:2 11833:2 11919:1 11928:1 11931:1 11963:1 11965:1 12056:1 12090:1 12092:1 12184:1 12219:1 12221:1 12302:1 12312:1 12430:1 12440:1 12476:1 12478:1 12568:1 12605:2 12703:1 12733:2 12831:1 12851:1 12862:1 12979:1 12990:1 13086:1 13107:1 13209:1 13235:1 13247:1 13337:1 13355:1 13363:1 13374:1 13465:1 13487:1 13491:1 13501:1 13593:1 13608:1 13613:1 13615:2 13619:1 13628:1 13721:1 13735:1 13741:2 13747:1 13755:1 13868:3 13875:1 13979:1 13987:1 13994:5 14002:1 14008:1 14105:1 14107:1 14121:6 14130:1 14137:1 14233:1 14246:6 14253:2 14258:1 14263:3 14361:1 14372:8 14381:1 14386:1 14390:1 14393:1 14489:2 14498:1 14500:9 14510:2 14514:1 14517:5 14618:1 14620:1 14624:1 14629:1 14631:1 14636:1 14638:2 14642:1 14644:6 14746:3 14758:1 14761:1 14764:1 14770:4 14775:2 14898:2 14902:3 15024:1 15026:7 15152:1 15154:2 15157:1 15282:5 15410:5 15537:1 15539:1 15667:1,"{""x"":0.07812,""y"":0.13281,""w"":0.66406,""h"":0.82812}"
341,train/shadows/000341.png,128,"A cleaned target silhouette shows the shadow figure from a historical hand-shadow instruction plate. Infer the expert hand-and-arm ink arrangement that produced that shadow. Submit hand_ink_rle as a 128 by 128 binary mask RLE of the hand/arm drawing, hand_bbox_json as normalized x/y/w/h of the ink mask, and confidence in [0,1].",4430:1 4555:2 4559:3 4677:1 4680:2 4691:4 4801:3 4806:1 4823:2 4928:1 5055:1 5182:1 5196:2 5199:3 5205:2 5307:2 5315:3 5319:2 5335:1 5434:2 5441:1 5464:1 5561:1 5568:1 5593:1 5688:1 5695:1 5815:1 5822:1 5942:1 5956:1 5958:3 6322:2 6449:1 6576:1 6685:3 6703:1 6812:1 6815:5 6829:1 6854:1 6940:1 6949:2 6990:4 7062:1 7075:2 7079:1 7083:1 7186:3 7191:6 7207:2 7210:1 7308:1 7311:1 7318:1 7320:2 7335:2 7434:4 7447:6 7462:3 7562:4 7569:6 7578:3 7591:2 7634:1 7693:2 7702:1 7708:1 7719:3 7774:1 7829:2 7835:2 7847:3 7901:1 7956:1 7965:1 7976:2 8029:1 8083:1 8093:1 8104:2 8159:1 8210:1 8221:1 8233:2 8288:1 8337:1 8361:2 8412:1 8417:1 8463:1 8489:3 8590:1 8601:2 8605:1 8617:3 8716:2 8733:1 8745:2 8843:1 8856:1 8859:1 8874:2 8888:2 8891:2 8970:1 8984:1 8988:1 8990:1 9002:3 9012:1 9014:7 9112:1 9118:1 9131:2 9139:6 9239:2 9246:1 9259:3 9264:2 9267:5 9367:2 9374:1 9387:2 9390:7 9495:2 9503:1 9515:10 9623:2 9631:1 9644:8 9749:2 9772:8 9876:3 9899:7 10004:3 10013:1 10028:4 10033:1 10051:1 10069:1 10131:1 10133:1 10141:1 10155:1 10157:6 10179:10 10197:1 10201:1 10284:2 10287:1 10289:1 10308:22 10386:1 10412:2 10416:1 10434:2 10437:10 10454:2 10558:2 10562:8 10572:2 10576:2 10686:10 10705:1 10813:1 10829:1 10833:1 10958:10 11087:1 11216:1 11673:2 11801:1,"{""x"":0.07812,""y"":0.26562,""w"":0.6875,""h"":0.46094}"
342,train/shadows/000342.png,128,"A cleaned target silhouette shows the shadow figure from a historical hand-shadow instruction plate. Infer the expert hand-and-arm ink arrangement that produced that shadow. Submit hand_ink_rle as a 128 by 128 binary mask RLE of the hand/arm drawing, hand_bbox_json as normalized x/y/w/h of the ink mask, and confidence in [0,1].",2504:1 2622:1 2633:1 2744:11 2762:1 2867:5 2884:2 2890:1 3014:1 3019:1 3136:3 3148:1 3268:1 3375:6 3382:1 3384:1 3386:2 3405:1 3499:18 3626:3 3635:11 3754:3 3764:1 3767:2 3773:1 3882:2 3885:1 4303:1 4432:1 4561:2 4820:1 6073:1 7531:1 7659:1 10191:1 12013:1 12644:1 12772:1 12900:2 13027:5 13155:5 13283:5 13412:3 13540:1 13542:1 13669:2 13798:2 13926:2 14054:2,"{""x"":0.32812,""y"":0.14844,""w"":0.53125,""h"":0.71094}"
343,train/shadows/000343.png,128,"A cleaned target silhouette shows the shadow figure from a historical hand-shadow instruction plate. Infer the expert hand-and-arm ink arrangement that produced that shadow. Submit hand_ink_rle as a 128 by 128 binary mask RLE of the hand/arm drawing, hand_bbox_json as normalized x/y/w/h of the ink mask, and confidence in [0,1].",1453:2 1580:3 1708:2 1836:1 2351:1 2478:2 2606:1 2734:2 2861:1 2988:2 3116:1 3244:1 3371:1 3499:2 3521:1 3523:2 3647:1 3649:1 3651:2 3774:3 3778:1 3902:3 4029:3 4156:3 4282:3 4410:3 4538:2 4638:2 4665:2 4766:1 4895:1 5023:1 5025:1 5151:3 5215:1 5280:2 5343:1 5406:1 5408:2 5423:7 5471:4 5477:1 5534:1 5536:1 5544:3 5550:6 5601:7 5662:1 5664:2 5671:4 5678:1 5730:3 5790:1 5792:2 5802:1 5918:1 5920:2 5926:1 5930:5 6046:1 6048:2 6053:2 6174:1 6176:2 6180:3 6305:1 6308:4 6432:2 6436:3 6560:1 6564:3 6689:5 6816:5 6989:2 7112:5 7584:2 7712:2 9765:1 9891:2 10018:3 10147:2 10268:2 10396:2 10399:1 10526:1 10528:3 10652:1 10654:1 10656:2 10671:2 10780:2 10784:2 10799:1 10801:1 10909:1 10930:2 11037:2 11053:2 11059:3 11165:2 11181:5 11188:3 11293:2 11311:5 11420:3 11440:1 11481:1 11485:1 11549:2 11598:3 11609:9 11677:2 11728:18 11805:1 11857:1 11859:10 11951:1 11986:4 12060:2 12080:2 12110:5 12188:2 12208:3 12236:6 12316:1 12337:1 12339:3 12361:9 12465:8 12487:9 12592:15 12613:6 12720:23 12844:5 12855:15 12956:1 12973:4 13083:1 13100:4 13229:3 13356:3 13483:3 13611:2 13738:3 13866:3 13993:3 14121:3 14249:2 14377:2 14504:2 14633:2 14761:2 14888:2 15016:2 15143:3 15271:2,"{""x"":0.21094,""y"":0.08594,""w"":0.60156,""h"":0.85156}"
344,train/shadows/000344.png,128,"A cleaned target silhouette shows the shadow figure from a historical hand-shadow instruction plate. Infer the expert hand-and-arm ink arrangement that produced that shadow. Submit hand_ink_rle as a 128 by 128 binary mask RLE of the hand/arm drawing, hand_bbox_json as normalized x/y/w/h of the ink mask, and confidence in [0,1].",1460:2 1587:3 1715:1 2484:1 2613:1 2739:3 2867:2 2994:2 3122:1 3249:2 3376:2 3504:2 3653:1 3655:1 3780:1 3782:1 3784:2 3907:3 3911:3 4035:3 4163:2 4289:1 4291:1 4416:3 4516:1 4543:3 4643:2 4671:2 4771:2 4799:1 4899:3 5027:3 5155:1 5157:1 5282:2 5285:1 5410:2 5428:7 5475:1 5538:2 5541:1 5549:3 5554:6 5603:1 5666:2 5669:1 5676:4 5683:1 5731:4 5794:2 5797:1 5806:2 5860:6 5922:2 5925:1 5930:1 5934:6 5990:5 6050:2 6053:1 6057:2 6185:2 6308:1 6312:3 6436:1 6439:3 6565:5 6692:5 6824:2 6952:1 7121:1 7244:5 7460:2 7587:3 9766:2 9894:2 10023:1 10144:1 10272:2 10275:3 10400:2 10403:1 10527:3 10531:1 10657:1 10674:1 10784:2 10802:2 10912:1 10931:3 11040:1 11055:3 11060:1 11062:4 11167:2 11185:3 11189:1 11296:1 11314:4 11424:1 11442:2 11552:1 11728:3 11739:1 11807:1 11858:16 11934:2 11952:2 11987:15 12062:1 12082:1 12113:11 12127:3 12189:1 12210:2 12213:1 12239:8 12339:4 12364:7 12466:1 12468:9 12490:7 12594:15 12614:9 12702:2 12718:31 12830:2 12846:7 12858:18 12957:2 12976:3 12997:1 13085:1 13102:3 13229:3 13357:3 13484:3 13612:3 13740:2 13868:2 13995:2 14123:1 14250:2 14378:2 14505:3 14633:3 14760:3 14888:2 15016:2 15144:1,"{""x"":0.22656,""y"":0.08594,""w"":0.60938,""h"":0.84375}"
345,train/shadows/000345.png,128,"A cleaned target silhouette shows the shadow figure from a historical hand-shadow instruction plate. Infer the expert hand-and-arm ink arrangement that produced that shadow. Submit hand_ink_rle as a 128 by 128 binary mask RLE of the hand/arm drawing, hand_bbox_json as normalized x/y/w/h of the ink mask, and confidence in [0,1].",3346:2 3468:1 3472:1 3475:2 3595:4 3600:1 3604:2 3722:1 3725:5 3732:1 3734:2 3850:1 3854:4 3863:2 3979:1 3984:4 3993:2 4108:1 4114:2 4119:2 4123:2 4237:1 4242:4 4252:3 4366:1 4371:4 4379:1 4382:3 4493:3 4500:5 4510:6 4622:2 4625:1 4629:5 4639:6 4751:3 4757:6 4765:1 4767:7 4876:1 4880:3 4888:6 4898:4 5005:1 5009:3 5017:1 5019:3 5028:1 5030:2 5086:5 5138:3 5147:4 5158:4 5214:2 5219:4 5262:1 5266:3 5274:7 5285:2 5289:3 5349:2 5353:1 5391:1 5396:2 5402:1 5404:6 5418:4 5464:1 5472:1 5480:2 5520:1 5524:4 5533:1 5535:5 5548:4 5589:6 5598:1 5601:4 5607:3 5649:1 5652:6 5667:3 5677:2 5713:1 5715:21 5776:3 5781:1 5783:4 5794:2 5805:1 5842:24 5903:5 5911:6 5923:1 5927:1 5971:3 5975:1 5979:18 6031:1 6033:3 6040:7 6051:1 6089:1 6099:4 6115:1 6120:3 6125:1 6160:1 6162:3 6170:6 6202:1 6217:1 6227:1 6235:1 6243:1 6250:1 6254:1 6291:3 6301:4 6329:1 6355:1 6361:3 6368:9 6378:3 6417:1 6420:2 6431:2 6457:1 6474:1 6484:10 6495:7 6505:4 6546:1 6548:3 6585:1 6611:1 6613:3 6674:1 6677:3 6681:1 6713:1 6729:2 6742:1 6755:1 6764:1 6803:1 6806:5 6828:1 6858:1 6860:1 6876:2 6879:13 6931:1 6934:5 6940:2 6956:1 6968:1 6985:2 7004:9 7065:4 7078:1 7082:2 7095:2 7114:2 7128:9 7144:1 7188:1 7193:4 7211:1 7223:2 7242:2 7255:3 7259:2 7265:3 7317:1 7323:2 7339:1 7351:1 7369:3 7383:2 7388:1 7394:4 7452:1 7478:1 7480:1 7511:1 7516:1 7520:2 7576:1 7589:1 7606:2 7628:1 7631:1 7639:1 7645:2 7705:1 7734:1 7752:1 7754:1 7768:2 7771:2 7834:1 7844:1 7862:1 7880:1 7895:2 7964:1 7990:1 8092:1 8145:1 8149:2 8222:1 8274:1 8276:2 8351:2 8402:3 8480:1 8501:1 8530:2 8609:2 8629:1 8657:2 8738:2 8756:1 8785:2 8867:2 8911:3 8996:2 9011:1 9022:1 9039:2 9125:2 9138:2 9166:2 9253:1 9265:2 9294:1 9306:1 9419:1 9435:1 9547:1 9564:1 9634:3 9674:2 9801:2 9889:1 9929:1 10173:1 10204:1 10833:1 10961:3 11090:3 11220:2 11343:1 11349:1 11472:3 11600:1 12104:1 12231:1 12233:1 12361:1,"{""x"":0.07812,""y"":0.20312,""w"":0.78906,""h"":0.55469}"
346,train/shadows/000346.png,128,"A cleaned target silhouette shows the shadow figure from a historical hand-shadow instruction plate. Infer the expert hand-and-arm ink arrangement that produced that shadow. Submit hand_ink_rle as a 128 by 128 binary mask RLE of the hand/arm drawing, hand_bbox_json as normalized x/y/w/h of the ink mask, and confidence in [0,1].",4176:1 4302:2 4305:1 4308:3 4427:2 4439:3 4549:2 4553:1 4571:1 4675:2 4679:1 4700:1 4802:1 4928:1 4943:2 4946:8 5055:1 5067:3 5081:3 5182:1 5188:2 5191:4 5309:1 5315:1 5340:2 5435:2 5562:1 5689:1 5833:5 5959:1 6071:1 6197:1 6324:1 6451:1 6578:1 6603:3 6686:7 6704:2 6729:1 6813:1 6816:3 6831:1 6856:1 6866:3 6941:1 6948:2 6951:2 6957:1 7070:1 7078:1 7081:1 7084:1 7184:1 7187:6 7195:2 7209:2 7310:2 7313:1 7317:6 7325:1 7337:3 7435:2 7451:3 7464:3 7510:1 7563:5 7572:8 7581:1 7593:2 7651:1 7689:1 7696:2 7704:1 7721:3 7778:1 7830:1 7836:3 7849:3 7905:2 7957:1 7966:1 7978:2 8035:2 8084:1 8094:1 8106:2 8161:1 8211:1 8234:3 8293:1 8338:1 8363:2 8422:1 8465:1 8479:1 8491:3 8590:1 8604:1 8607:1 8620:2 8717:1 8731:1 8735:1 8747:3 8844:1 8857:1 8860:1 8863:1 8876:3 8893:3 8971:1 8985:1 9004:3 9013:10 9113:1 9117:1 9133:3 9141:8 9240:2 9246:3 9261:3 9269:7 9368:2 9375:2 9390:2 9393:1 9395:5 9496:2 9504:2 9518:9 9624:2 9633:1 9646:8 9751:2 9774:8 9879:2 9902:8 9945:1 10005:3 10032:4 10073:1 10133:2 10143:1 10157:7 10184:7 10206:1 10260:2 10270:1 10286:3 10291:2 10310:25 10388:1 10414:5 10438:13 10458:2 10515:1 10543:1 10546:1 10561:2 10565:1 10567:7 10575:2 10580:1 10671:1 10689:3 10693:1 10695:4 10704:1 10816:2 10820:3 10832:2 10836:1 10961:11 11091:1 11097:1 11219:2 11348:1 11803:3 11931:1 12058:1,"{""x"":0.07031,""y"":0.25,""w"":0.73438,""h"":0.49219}"
347,train/shadows/000347.png,128,"A cleaned target silhouette shows the shadow figure from a historical hand-shadow instruction plate. Infer the expert hand-and-arm ink arrangement that produced that shadow. Submit hand_ink_rle as a 128 by 128 binary mask RLE of the hand/arm drawing, hand_bbox_json as normalized x/y/w/h of the ink mask, and confidence in [0,1].",3603:4 3725:2 3730:1 3733:3 3852:5 3858:1 3862:1 3865:1 3980:1 3983:5 3994:2 4109:1 4112:4 4123:2 4242:4 4253:1 4366:1 4371:4 4377:1 4381:3 4500:5 4509:1 4511:2 4629:5 4638:1 4640:4 4757:1 4759:6 4768:3 4772:2 4878:2 4881:2 4889:4 4898:2 4901:3 5009:3 5018:4 5025:4 5030:3 5135:1 5139:3 5149:3 5155:1 5157:1 5159:1 5161:2 5262:1 5267:3 5277:4 5286:1 5288:3 5391:1 5395:4 5406:4 5416:4 5477:4 5525:3 5536:3 5545:1 5548:2 5605:1 5607:5 5653:4 5660:3 5664:4 5673:1 5675:5 5725:1 5736:8 5777:1 5783:4 5796:2 5805:5 5844:1 5860:1 5871:2 5906:1 5910:7 5922:1 5924:5 5935:1 5937:3 5982:7 5990:6 5998:3 6035:1 6039:6 6052:1 6055:1 6063:1 6066:2 6107:13 6122:6 6162:3 6169:6 6181:2 6186:1 6195:1 6231:24 6289:4 6294:1 6299:5 6310:1 6313:1 6358:1 6360:7 6368:2 6372:2 6375:11 6417:1 6420:2 6423:1 6428:2 6431:2 6478:1 6488:6 6497:1 6509:3 6513:2 6546:1 6548:1 6550:1 6558:1 6560:3 6590:1 6606:1 6617:2 6625:1 6641:1 6643:3 6674:1 6677:3 6685:1 6687:5 6717:2 6736:1 6745:1 6753:1 6762:1 6766:1 6769:1 6773:1 6803:1 6806:3 6810:1 6818:1 6845:2 6879:5 6886:10 6897:2 6900:1 6934:6 6973:1 7002:1 7004:6 7012:9 7023:5 7059:1 7063:5 7101:1 7118:2 7129:1 7131:3 7155:1 7188:1 7191:5 7210:1 7247:1 7249:1 7259:2 7266:2 7274:1 7283:1 7317:1 7322:3 7327:1 7356:1 7373:3 7387:1 7395:1 7398:14 7446:1 7451:4 7465:1 7470:1 7483:1 7503:2 7520:12 7533:1 7538:1 7575:1 7580:3 7593:1 7611:1 7632:1 7645:8 7655:2 7661:1 7704:1 7708:4 7721:1 7739:2 7759:2 7771:8 7784:2 7789:1 7834:1 7838:1 7867:1 7889:1 7901:3 7906:1 7912:1 7914:3 7963:1 7976:1 7995:1 8017:1 8020:1 8029:1 8035:1 8039:3 8104:1 8141:1 8143:1 8162:4 8220:1 8222:1 8231:1 8250:1 8269:1 8272:1 8274:1 8287:3 8349:2 8378:1 8403:1 8414:2 8479:1 8506:1 8541:1 8607:2 8634:1 8669:1 8737:1 8762:1 8791:1 8795:2 8866:2 8890:1 8920:1 8922:2 8994:1 9018:1 9048:1 9050:1 9123:2 9144:1 9175:3 9252:1 9271:1 9302:2 9381:2 9428:3 9510:3 9526:1 9538:1 9555:3 9567:1 9640:1 9653:2 9683:1 9781:1 9809:3 9823:1 9908:2 9936:1 9952:1 10082:1 10150:2 10191:2 10277:1 10319:2 10339:1 10447:1 10467:1 10532:1 10595:1 10689:1 10723:1 10817:1 11606:1 11734:3 11863:3 11987:1 11992:3 12122:1 12244:5 12749:2 12877:1 13003:1 13005:1 13131:1,"{""x"":0.09375,""y"":0.21875,""w"":0.82812,""h"":0.58594}"
348,train/shadows/000348.png,128,"A cleaned target silhouette shows the shadow figure from a historical hand-shadow instruction plate. Infer the expert hand-and-arm ink arrangement that produced that shadow. Submit hand_ink_rle as a 128 by 128 binary mask RLE of the hand/arm drawing, hand_bbox_json as normalized x/y/w/h of the ink mask, and confidence in [0,1].",2836:1 2963:4 3091:2 3094:3 3220:1 3224:3 3348:2 3355:1 3358:1 3477:3 3485:1 3487:2 3606:3 3617:2 3630:3 3735:3 3747:2 3758:2 3761:1 3864:3 3875:1 3878:1 3885:4 3890:1 3994:5 4007:2 4013:4 4018:1 4111:5 4123:5 4138:1 4140:1 4142:4 4148:1 4240:1 4244:4 4253:1 4256:4 4269:1 4271:3 4276:1 4378:2 4382:2 4385:4 4398:5 4508:3 4512:1 4515:4 4528:4 4533:1 4638:1 4641:7 4649:1 4657:4 4662:1 4773:6 4789:4 4903:5 4918:4 5033:3 5037:4 5050:2 5166:4 5180:1 5298:2 5309:2 5440:1 5554:1 5569:2 5681:1 5683:1 5698:3 5702:1 5828:4 5951:2 5960:2 6080:1 6090:2 6193:2 6220:1 6349:1 6355:5 6478:1 6493:2 6607:1 6610:1 6622:2 6736:1 6745:1 6753:1 6865:1 6875:2 6880:2 6993:1 6996:3 7005:7 7120:1 7123:5 7134:7 7248:1 7251:2 7263:9 7376:1 7379:2 7391:9 7504:1 7506:2 7518:2 7521:7 7632:3 7644:2 7647:4 7652:4 7724:1 7761:2 7769:2 7773:5 7779:1 7782:2 7849:5 7855:1 7887:3 7896:2 7901:4 7906:1 7908:1 7911:2 7977:7 7985:1 8015:2 8022:3 8029:3 8033:1 8040:2 8101:10 8112:2 8142:2 8149:2 8156:4 8161:2 8164:1 8167:1 8171:2 8174:1 8226:4 8231:10 8242:2 8270:2 8276:2 8283:3 8287:1 8291:1 8294:1 8296:1 8301:1 8303:2 8352:8 8363:2 8366:6 8397:2 8403:2 8411:2 8414:1 8416:3 8421:1 8424:1 8480:5 8498:5 8525:1 8538:4 8543:1 8550:1 8553:1 8555:1 8604:5 8629:5 8652:1 8680:1 8685:2 8731:1 8734:2 8759:3 8780:1 8809:2 8812:1 8814:1 8859:2 8888:2 8907:1 8940:1 10382:1 10509:2 10515:1 10637:1 10642:3 10770:2 10898:2 11026:1 11154:1 11206:1 11334:2 11590:1 11717:2 11844:1 11859:2 11970:2 12098:1 12746:1 12874:1 13002:1 13636:1,"{""x"":0.10156,""y"":0.17188,""w"":0.78125,""h"":0.66406}"
349,train/shadows/000349.png,128,"A cleaned target silhouette shows the shadow figure from a historical hand-shadow instruction plate. Infer the expert hand-and-arm ink arrangement that produced that shadow. Submit hand_ink_rle as a 128 by 128 binary mask RLE of the hand/arm drawing, hand_bbox_json as normalized x/y/w/h of the ink mask, and confidence in [0,1].",2893:2 3021:3 3150:2 3916:2 4044:1 4173:3 4302:2 4431:1 4560:1 4688:1 4797:1 4922:2 4925:1 4927:1 5050:3 5054:3 5182:3 5312:1 5314:1 5441:3 5569:3 5699:1 5724:2 5828:1 5853:1 5979:1 5981:1 6107:3 6235:3 6345:2 6363:4 6435:1 6473:3 6493:2 6563:1 6604:4 6611:2 6619:4 6685:1 6689:2 6739:1 6747:4 6811:7 6862:5 6870:1 6874:4 6942:2 6990:4 6998:1 7002:4 7126:2 7131:1 7254:3 7259:1 7383:2 7511:5 7639:5 7768:2 7859:1 7987:1 8116:4 8283:1 8412:2 10328:3 10457:2 10585:1 10720:1 10845:1 10848:1 10973:1 10975:1 11101:1 11103:1 11105:1 11216:1 11229:1 11231:3 11342:2 11359:2 11466:1 11470:1 11488:1 11593:4 11599:4 11615:2 11723:1 11726:3 11744:2 11853:4 11872:1 12000:1 12074:1 12082:2 12128:1 12198:6 12209:4 12257:1 12324:14 12369:1 12385:1 12452:3 12458:10 12496:1 12513:1 12592:4 12622:2 12642:1 12721:5 12744:3 12748:2 12851:6 12869:11 12980:9 12994:14 13025:1 13111:18 13131:9 13153:1 13244:9 13263:3 13281:1 13392:4 13410:1 13522:3 13650:3 13778:3 13907:3 14036:2 14165:2 14293:2 14421:2 14549:2 14678:2 14806:2 14935:2 15063:2 15191:3 15320:2,"{""x"":0.21094,""y"":0.17188,""w"":0.5625,""h"":0.76562}"
350,train/shadows/000350.png,128,"A cleaned target silhouette shows the shadow figure from a historical hand-shadow instruction plate. Infer the expert hand-and-arm ink arrangement that produced that shadow. Submit hand_ink_rle as a 128 by 128 binary mask RLE of the hand/arm drawing, hand_bbox_json as normalized x/y/w/h of the ink mask, and confidence in [0,1].",2923:2 3050:4 3178:4 3306:4 3436:4 3564:3 3692:4 3821:4 3950:1 3952:2 4080:3 4209:2 4338:2 4370:2 4467:1 4497:4 4595:1 4625:4 4677:2 4755:4 4805:3 4883:5 4934:1 5011:2 5014:3 5067:3 5139:1 5144:1 5196:3 5324:3 5328:2 5453:2 5456:4 5584:5 5715:3 5844:3 5974:3 6102:3 6231:3 6360:1 9668:2 9794:4 9921:4 10046:6 10070:15 10171:15 10192:23 10295:49 10420:52 10546:12 10563:19 10673:8 10700:4 10800:6 10926:6 11053:6 11180:5 11307:5 11431:2 11434:5 11560:5 11680:3 11686:6 11808:4 11813:7 11936:3 11940:6 12068:5 12194:4 12322:4 12449:5 12576:5 12695:3 12703:6 12823:4 12830:6 12951:4 12958:5 13079:11 13207:10 13336:7 13465:5 13596:1,"{""x"":0.13281,""y"":0.17188,""w"":0.77344,""h"":0.66406}"
351,train/shadows/000351.png,128,"A cleaned target silhouette shows the shadow figure from a historical hand-shadow instruction plate. Infer the expert hand-and-arm ink arrangement that produced that shadow. Submit hand_ink_rle as a 128 by 128 binary mask RLE of the hand/arm drawing, hand_bbox_json as normalized x/y/w/h of the ink mask, and confidence in [0,1].",1172:2 1176:1 1300:3 1305:1 1429:3 1434:1 1436:2 1539:1 1541:2 1545:1 1550:2 1555:6 1562:2 1667:2 1681:8 1690:1 1796:4 1811:1 1815:2 1818:2 1926:3 1941:1 1944:3 2056:3 2070:2 2184:7 2201:1 2314:4 2319:1 2445:1 2565:1 2568:1 2691:8 2702:1 2822:7 2830:3 2955:3 3533:4 3665:1 4378:1 4505:1 4508:1 4637:1 4760:1 4764:1 4887:1 4891:2 5015:1 5018:2 5096:5 5142:1 5145:2 5225:4 5264:3 5270:1 5354:1 5392:2 5397:1 5400:2 5511:1 5513:1 5521:1 5527:2 5638:4 5648:1 5652:1 5655:2 5739:1 5766:4 5775:1 5777:1 5781:1 5783:2 5789:1 5867:1 5895:5 5903:2 5908:1 5911:1 5917:1 5995:2 6024:5 6031:1 6035:1 6039:1 6045:1 6123:1 6150:7 6163:1 6166:1 6173:1 6278:6 6285:2 6290:1 6294:1 6301:1 6407:6 6422:1 6428:1 6537:5 6556:1 6635:1 6663:6 6683:2 6763:1 6790:6 6805:1 6891:1 6922:1 6933:1 6951:1 7019:1 7047:2 7061:1 7077:2 7177:1 7189:1 7204:3 7304:1 7317:1 7331:1 7333:2 7403:1 7431:1 7445:1 7459:1 7461:3 7531:1 7574:1 7585:1 7588:4 7659:1 7687:1 7701:2 7711:2 7716:3 7787:1 7825:1 7829:3 7837:1 7843:4 7915:1 7957:1 7959:6 7970:5 8038:2 8042:2 8085:1 8087:3 8098:5 8166:2 8171:2 8213:1 8215:5 8221:1 8225:1 8228:3 8294:2 8335:1 8341:1 8343:10 8355:4 8422:2 8425:1 8468:1 8470:10 8484:2 8552:1 8590:1 8596:1 8598:8 8609:2 8612:2 8717:1 8725:6 8736:2 8740:2 8844:1 8852:2 8855:6 8862:3 8868:1 8971:1 8980:2 8984:8 8996:1 9098:2 9108:1 9113:4 9118:2 9123:1 9226:2 9235:2 9243:5 9251:1 9354:2 9364:1 9372:4 9378:1 9482:2 9491:1 9504:1 9609:1 9611:1 9619:1 9737:2 9746:2 9864:2 9873:2 9992:2 10001:2 10119:3 10129:1 10247:3 10257:1 10375:3 10384:1 10503:3 10631:2 10759:2 10767:1 10887:2 10894:2 11015:1 11017:1 11144:2 11150:1 11272:2 11277:1 11404:1 13927:1 14047:2 14052:2 14055:1 14166:2 14169:2 14172:5 14179:2 14182:3 14281:3 14285:2 14288:1 14290:6 14298:1 14301:1 14304:2 14308:1 14311:3 14411:1 14414:2 14419:2 14424:10 14537:1 14539:2 14542:6,"{""x"":0.02344,""y"":0.07031,""w"":0.82812,""h"":0.82031}"
352,train/shadows/000352.png,128,"A cleaned target silhouette shows the shadow figure from a historical hand-shadow instruction plate. Infer the expert hand-and-arm ink arrangement that produced that shadow. Submit hand_ink_rle as a 128 by 128 binary mask RLE of the hand/arm drawing, hand_bbox_json as normalized x/y/w/h of the ink mask, and confidence in [0,1].",2504:1 2631:1 2633:1 2756:1 2760:1 2862:3 2886:2 2996:2 3009:1 3013:2 3016:1 3130:1 3136:1 3140:3 3267:2 3395:1 3523:1 3915:1 4037:7 4170:2 4288:1 4290:1 4295:4 4420:3 5671:3 6053:1 6944:2 8741:1 8868:1 9512:1 11419:1 11547:1 11675:1 12318:2 12325:3 12448:1 12450:3 12584:1 12710:1 12717:1 12838:1 12845:1 12851:1 12967:1 12973:1 12979:1 12984:1 13094:1 13107:6 13221:2 13224:1 13232:8 13347:4 13352:1 13358:7 13366:1 13368:1 13475:1 13477:19 13579:1 13600:17 13620:3 13708:1 13728:4 13733:3 13737:6 13744:1 13750:1 13752:1 13834:2 13859:2 13863:3 13867:1 13871:6 13878:3 13961:2 13998:2 14002:3 14006:1 14087:1 14125:1 14250:1 14257:1 14373:3 14382:3 14420:1 14500:1 14538:6 14545:4 14624:2 14653:2 14666:2 14669:2 14673:2 14769:4 14776:7 14895:8 14904:5,"{""x"":0.05469,""y"":0.14844,""w"":0.60938,""h"":0.76562}"
353,train/shadows/000353.png,128,"A cleaned target silhouette shows the shadow figure from a historical hand-shadow instruction plate. Infer the expert hand-and-arm ink arrangement that produced that shadow. Submit hand_ink_rle as a 128 by 128 binary mask RLE of the hand/arm drawing, hand_bbox_json as normalized x/y/w/h of the ink mask, and confidence in [0,1].",2637:1 2739:3 2762:1 2765:2 2875:1 2888:1 2893:1 3014:1 3019:2 3134:1 3139:2 3145:3 3271:3 3400:1 4047:1 4169:7 4292:1 4294:1 4302:2 4426:3 4430:1 4551:2 5290:3 5417:3 5799:1 6433:2 8356:2 8484:1 9255:1 10777:1 10905:1 11033:1 11161:1 11802:2 11934:1 11938:2 11941:1 12196:1 12322:1 12450:1 12457:1 12579:1 12585:1 12706:1 12713:1 12719:1 12807:1 12831:4 12836:1 12847:1 12852:1 12935:1 12959:1 12961:2 12964:1 12975:6 13061:2 13083:11 13098:10 13188:1 13211:4 13217:16 13234:1 13236:1 13314:1 13342:5 13348:6 13355:3 13359:4 13365:1 13474:3 13478:4 13483:1 13487:3 13606:1 13610:2 13617:1 13619:1 13737:1 13740:1 13742:2 13745:1 13747:1 13861:1 13864:1 13869:3 13873:1 13982:4 14107:2 14121:3 14634:6 14643:4 14648:2 14661:6 14668:2 14671:1 14763:6 14770:8 14789:2 14792:2 14796:4,"{""x"":0.01562,""y"":0.15625,""w"":0.60938,""h"":0.75}"
354,train/shadows/000354.png,128,"A cleaned target silhouette shows the shadow figure from a historical hand-shadow instruction plate. Infer the expert hand-and-arm ink arrangement that produced that shadow. Submit hand_ink_rle as a 128 by 128 binary mask RLE of the hand/arm drawing, hand_bbox_json as normalized x/y/w/h of the ink mask, and confidence in [0,1].",4559:2 4684:2 4691:3 4806:1 4809:1 4822:4 4930:3 4935:1 5057:1 5184:1 5201:1 5311:1 5325:2 5330:1 5334:2 5438:1 5445:1 5450:2 5465:2 5565:1 5571:1 5574:3 5692:1 5698:1 5724:1 5818:2 5825:1 5945:1 5952:1 6071:1 6198:1 6214:1 6218:2 6325:1 6452:1 6579:1 6706:1 6833:1 6942:5 6985:1 6989:4 7069:1 7076:1 7086:1 7111:1 7121:1 7197:1 7201:1 7203:1 7205:3 7213:1 7252:1 7324:1 7335:1 7339:2 7442:8 7452:1 7463:3 7569:1 7572:4 7577:4 7591:3 7692:2 7695:1 7705:5 7719:3 7818:5 7831:7 7848:3 7891:1 7945:3 7950:7 7960:1 7962:4 7976:3 8032:1 8086:1 8092:2 8104:3 8160:1 8213:1 8221:1 8233:3 8289:1 8340:1 8350:1 8361:3 8419:1 8467:1 8478:1 8490:2 8543:1 8548:1 8593:1 8606:1 8618:3 8671:1 8677:1 8720:1 8745:2 8748:1 8847:1 8858:1 8874:3 8987:1 8990:1 9002:3 9113:1 9118:1 9131:3 9145:1 9149:2 9241:1 9244:1 9260:3 9271:5 9277:2 9373:1 9375:1 9388:3 9396:9 9496:1 9503:1 9517:2 9525:6 9624:2 9630:2 9645:1 9647:2 9650:5 9752:2 9759:2 9773:9 9879:2 9888:1 9901:9 10007:2 10029:8 10133:3 10158:7 10261:2 10285:5 10389:2 10398:1 10413:6 10438:10 10456:3 10461:1 10516:2 10526:1 10542:2 10546:2 10565:23 10643:1 10670:4 10692:13 10771:1 10798:1 10801:1 10816:2 10820:1 10822:7 10831:2 10834:2 10926:1 10944:5 10950:4 10959:1 11071:2 11076:2 11091:1 11096:3 11216:9 11226:1 11345:1 11474:1 12058:3 12187:1,"{""x"":0.07031,""y"":0.27344,""w"":0.72656,""h"":0.47656}"
355,train/shadows/000355.png,128,"A cleaned target silhouette shows the shadow figure from a historical hand-shadow instruction plate. Infer the expert hand-and-arm ink arrangement that produced that shadow. Submit hand_ink_rle as a 128 by 128 binary mask RLE of the hand/arm drawing, hand_bbox_json as normalized x/y/w/h of the ink mask, and confidence in [0,1].",3051:2 3177:4 3305:2 3432:3 3546:1 3562:2 3673:2 3801:2 3928:3 4055:4 4183:2 4186:1 4311:2 4439:2 4567:2 4573:2 4695:2 4701:2 4823:2 4829:2 4951:3 4957:3 5079:3 5085:3 5213:3 5342:2 5471:2 5600:1 5728:2 5856:3 5984:5 6116:3 6245:2 6374:1 6502:2 6631:2 6754:1 6760:2 6882:2 6888:2 7008:5 7017:1 7136:6 7145:1 7264:2 7267:1 7392:2 7520:3 7649:2 7777:2 7904:3 7992:1 8120:1 8248:3 8376:3 8505:2 8633:2 8761:2 8889:2 8892:2 9017:5 9146:4 9276:2 9405:1 9533:2 9661:2 9778:2 9790:1 9906:2 9918:4 10034:2 10046:5 10163:2 10174:6 10185:1 10292:2 10303:5 10313:2 10406:3 10421:3 10432:6 10442:5 10535:2 10550:3 10561:1 10563:4 10571:5 10663:3 10679:4 10691:5 10697:2 10700:7 10792:2 10809:4 10820:16 10920:2 10937:6 10949:7 10957:8 11049:2 11071:4 11082:2 11085:3 11089:6 11106:2 11178:2 11201:6 11212:16 11233:3 11306:3 11331:6 11340:16 11361:3 11365:1 11435:3 11462:5 11473:10 11488:3 11492:4 11563:3 11588:3 11592:5 11598:1 11603:6 11616:3 11621:5 11693:2 11709:1 11714:2 11727:2 11737:3 11745:1 11747:2 11753:4 11821:2 11836:8 11865:3 11877:2 11883:4 11950:2 11962:9 11994:2 12005:3 12013:4 12079:1 12089:9 12122:2 12143:2 12207:2 12217:2 12220:5 12250:2 12335:4 12378:1 12381:7 12464:3 12503:2 12506:1 12509:13 12631:4 12637:3 12642:9 12692:2 12759:4 12764:4 12773:7 12820:3 12877:4 12886:3 12890:8 12902:5 12948:3 13004:7 13013:2 13020:7 13028:1 13033:1 13132:6 13153:5 13257:2 13260:6 13280:2 13283:3 13384:3 13388:5 13411:2 13511:4 13516:3 13540:1 13544:1 13630:3 13637:6 13671:3 13756:5 13884:5,"{""x"":0.15625,""y"":0.17969,""w"":0.72656,""h"":0.67188}"
356,train/shadows/000356.png,128,"A cleaned target silhouette shows the shadow figure from a historical hand-shadow instruction plate. Infer the expert hand-and-arm ink arrangement that produced that shadow. Submit hand_ink_rle as a 128 by 128 binary mask RLE of the hand/arm drawing, hand_bbox_json as normalized x/y/w/h of the ink mask, and confidence in [0,1].",1303:1 1428:1 1431:2 1555:3 1683:4 1689:5 1802:5 1812:4 1817:1 1923:2 1937:7 1945:2 2052:6 2066:2 2070:4 2181:2 2184:3 2196:1 2313:4 2325:3 2442:5 2573:3 2703:1 2820:7 2947:4 2953:5 3077:1 3087:1 3657:3 4121:1 4248:1 4503:1 4631:1 4634:1 4758:1 4761:2 4888:1 5013:1 5016:1 5090:1 5143:1 5218:1 5221:2 5263:2 5268:1 5272:1 5346:1 5348:3 5384:2 5392:2 5399:1 5476:1 5511:3 5519:2 5524:1 5526:2 5604:1 5638:6 5646:1 5648:1 5654:1 5732:1 5767:5 5775:1 5779:1 5782:1 5787:1 5860:2 5894:6 5901:2 5909:1 5915:1 5988:1 6022:6 6030:1 6034:1 6037:1 6043:1 6116:1 6150:8 6161:1 6164:1 6171:1 6244:1 6280:5 6292:1 6298:2 6372:1 6406:6 6416:1 6420:1 6425:2 6500:1 6534:2 6537:3 6548:1 6553:3 6628:1 6664:3 6756:1 6791:1 6793:1 6819:2 6883:1 6918:3 6931:1 6946:3 7011:1 7048:1 7059:1 7073:1 7075:2 7140:1 7175:1 7187:1 7200:1 7202:2 7302:1 7316:1 7328:1 7331:2 7431:1 7444:1 7455:1 7458:3 7523:1 7558:1 7572:2 7580:2 7585:4 7651:1 7696:1 7700:3 7704:2 7712:5 7779:1 7827:7 7840:4 7903:1 7907:1 7955:1 7957:5 7967:1 7969:3 8031:1 8034:3 8078:1 8083:1 8085:10 8097:3 8159:1 8162:3 8205:1 8211:1 8213:9 8226:2 8287:2 8290:1 8332:1 8339:6 8351:1 8353:2 8416:3 8459:2 8467:7 8479:1 8482:1 8587:1 8595:9 8605:2 8609:2 8714:2 8723:1 8726:5 8732:2 8841:2 8851:1 8855:7 8865:1 8969:2 8978:1 8984:5 9096:1 9106:1 9115:2 9224:2 9233:1 9351:3 9361:2 9480:2 9488:2 9608:2 9616:2 9735:2 9744:1 9863:2 9872:1 9990:3 9999:1 10118:3 10127:1 10246:2 10254:1 10374:3 10382:1 10502:2 10509:1 10630:3 10636:1 10758:3 10763:1 10887:1 10890:1 13401:2 13408:1 13528:2 13533:2 13536:1 13641:1 13643:1 13645:2 13648:2 13651:2 13654:4 13661:1 13663:3 13765:2 13768:4 13773:2 13776:2 13779:2 13782:1 13784:3 13789:5 13893:1 13896:4 13901:2 13904:9 14019:1 14021:2 14024:1,"{""x"":0.02344,""y"":0.07812,""w"":0.78125,""h"":0.78125}"
358,train/shadows/000358.png,128,"A cleaned target silhouette shows the shadow figure from a historical hand-shadow instruction plate. Infer the expert hand-and-arm ink arrangement that produced that shadow. Submit hand_ink_rle as a 128 by 128 binary mask RLE of the hand/arm drawing, hand_bbox_json as normalized x/y/w/h of the ink mask, and confidence in [0,1].",2594:1 2596:1 2724:2 2852:2 2980:2 3109:2 3238:2 3362:1 3367:1 3490:2 3496:2 3619:1 3625:1 3748:1 3754:1 3876:1 3882:2 4000:3 4011:2 4117:11 4131:3 4139:2 4247:1 4253:1 4262:1 4268:1 4374:2 4380:1 4384:2 4391:2 4397:1 4502:9 4512:5 4519:1 4525:2 4633:11 4647:1 4653:2 4770:3 4781:2 4899:2 4909:6 5027:3 5037:3 5044:1 5153:1 5155:3 5160:1 5165:3 5281:1 5283:3 5288:1 5294:2 5297:1 5407:2 5410:3 5414:3 5422:4 5532:2 5536:1 5541:4 5551:3 5663:1 5669:3 5679:3 5791:1 5797:3 5808:2 5912:1 5923:5 5935:3 6039:1 6045:3 6052:4 6064:2 6169:1 6171:4 6177:1 6180:4 6294:1 6297:7 6307:6 6421:1 6424:7 6435:4 6547:2 6553:6 6562:6 6674:1 6676:1 6680:6 6690:6 6801:1 6803:1 6806:8 6818:5 6927:1 6934:11 6947:6 7055:1 7059:1 7062:9 7072:1 7075:5 7182:1 7190:2 7193:5 7200:1 7203:5 7314:2 7317:2 7321:7 7332:4 7437:1 7444:2 7451:3 7460:3 7565:1 7570:3 7578:4 7588:3 7693:1 7707:2 7716:3 7820:1 7835:1 7844:3 7855:1 7859:2 7948:2 7963:2 7972:1 7983:1 8076:1 8091:1 8204:1 8219:1 8331:1 8347:1 8459:1 8475:1 8603:1 8714:1 8731:1 8842:1 8859:1 8969:2 8978:7 8986:3 9096:3 9106:3 9110:7 9223:3 9233:1 9235:1 9237:8 9351:1 9353:1 9362:2 9365:1 9367:6 9479:1 9481:1 9490:2 9493:1 9495:6 9607:2 9610:1 9619:1 9622:6 9629:1 9736:2 9740:2 9747:1 9752:6 9864:3 9879:6 9991:2 9994:1 9997:1 10000:1 10007:5 10119:1 10125:1 10130:2 10136:3 10254:1 10256:2 10259:4 10264:2 10281:1 10382:1 10384:3 10388:4 10407:1 10409:2 10510:1 10512:4 10517:3 10536:2 10638:1 10641:4 10663:3 10768:5 10775:1 10788:5 10897:4 10904:1 10916:4 11023:6 11033:1 11042:5 11150:1 11152:3 11170:5 11281:1 11283:1 11298:4 11420:1 11426:3 11549:1 11552:5 11678:7 11686:1 11808:6 11815:1 11941:2 12069:3 12194:7 12322:6 12449:6 12577:5 12705:5 12832:5 12959:5 13086:5 13215:3 13340:3 13344:2 13470:4 13595:3 13599:2 13724:3 13849:4 13854:2 13976:1 13979:2 13982:1 14105:3,"{""x"":0.05469,""y"":0.15625,""w"":0.35938,""h"":0.71094}"
359,train/shadows/000359.png,128,"A cleaned target silhouette shows the shadow figure from a historical hand-shadow instruction plate. Infer the expert hand-and-arm ink arrangement that produced that shadow. Submit hand_ink_rle as a 128 by 128 binary mask RLE of the hand/arm drawing, hand_bbox_json as normalized x/y/w/h of the ink mask, and confidence in [0,1].",3563:2 3690:4 3818:4 3948:3 4077:2 4205:3 4334:3 4462:3 4591:3 4720:3 4849:3 4886:2 4978:2 5013:4 5106:2 5141:4 5191:2 5271:4 5319:3 5399:6 5448:1 5527:2 5530:3 5580:3 5655:1 5660:1 5709:3 5837:3 5841:2 5966:2 5969:4 6097:5 6228:3 6357:2 6487:2 6615:2 6744:1 9926:2 10052:4 10179:4 10209:2 10304:6 10327:14 10429:15 10449:22 10553:47 10678:43 10723:5 10804:12 10821:18 10932:7 10957:4 11059:5 11184:5 11311:5 11438:5 11562:2 11565:5 11690:7 11819:5 11939:3 11945:6 12067:4 12072:7 12195:3 12199:6 12327:5 12454:4 12582:4 12707:5 12827:3 12834:6 12955:3 12961:6 13083:3 13087:7 13211:10 13339:9 13468:6 13597:3,"{""x"":0.16406,""y"":0.21094,""w"":0.74219,""h"":0.625}"
360,train/shadows/000360.png,128,"A cleaned target silhouette shows the shadow figure from a historical hand-shadow instruction plate. Infer the expert hand-and-arm ink arrangement that produced that shadow. Submit hand_ink_rle as a 128 by 128 binary mask RLE of the hand/arm drawing, hand_bbox_json as normalized x/y/w/h of the ink mask, and confidence in [0,1].",3130:1 3132:1 3259:1 3261:1 3273:2 3387:1 3389:2 3400:1 3403:1 3515:1 3517:2 3531:1 3643:1 3645:2 3655:1 3658:2 3770:1 3783:1 3786:2 3902:2 3915:1 4025:1 4030:2 4041:3 4158:2 4169:3 4280:1 4285:2 4293:1 4298:2 4408:2 4413:2 4420:1 4425:2 4541:2 4552:3 4663:1 4668:2 4679:1 4681:1 4796:2 4807:3 4918:1 4923:3 4929:1 4933:4 5045:1 5051:2 5055:1 5061:2 5064:1 5173:1 5179:2 5183:1 5190:2 5300:1 5306:3 5310:1 5318:1 5326:1 5426:2 5435:2 5445:7 5553:1 5561:3 5568:1 5570:5 5679:1 5690:5 5698:1 5804:2 5927:3 5931:1 6065:1 6088:7 6181:2 6188:2 6215:7 6306:2 6336:2 6339:1 6341:9 6431:3 6465:14 6535:1 6557:2 6595:6 6603:5 6662:1 6664:1 6683:1 6725:5 6734:3 6793:1 6809:2 6853:3 6857:1 6864:1 6917:1 6922:2 6936:3 6987:1 7051:7 7063:1 7115:5 7180:5 7186:2 7189:2 7246:2 7309:3 7315:3 7443:1 7445:1 7571:1 7699:1 7767:3 7826:1 7898:2 7941:2 7954:1 8071:1 8082:1 8129:1 8198:1 8210:1 8255:4 8260:1 8328:1 8338:1 8384:6 8456:1 8514:6 8644:7 8712:2 8723:1 8774:6 8840:2 8851:1 8907:3 8966:2 8969:1 8979:1 9038:2 9107:1 9168:2 9225:2 9235:2 9269:1 9299:2 9351:1 9353:2 9365:1 9396:3 9429:1 9482:1 9493:1 9524:3 9610:3 9622:1 9737:1 9739:2 9750:1 9867:2 9993:1 9995:3 10122:4 10250:4 10378:4 10507:4 10635:4 10764:2 10767:1 10891:1 10894:2 11021:4 11149:4 11278:3 11404:1 11407:3 11534:1 11536:3 11541:2 11661:2 11664:3 11790:1 11793:3 11918:2 11922:2 12047:2 12051:1 12175:1 12301:1 12303:1 12429:1 12557:1 12684:1 12811:1 12938:1 13836:2 13962:1 14095:3 14219:1 14223:3 14346:1 14351:2 14473:1 14478:2 14606:1 14734:1 14861:1,"{""x"":0.03906,""y"":0.1875,""w"":0.67969,""h"":0.72656}"
361,train/shadows/000361.png,128,"A cleaned target silhouette shows the shadow figure from a historical hand-shadow instruction plate. Infer the expert hand-and-arm ink arrangement that produced that shadow. Submit hand_ink_rle as a 128 by 128 binary mask RLE of the hand/arm drawing, hand_bbox_json as normalized x/y/w/h of the ink mask, and confidence in [0,1].",3053:2 3181:3 3309:3 3437:3 3565:4 3693:3 3730:2 3821:4 3857:4 3950:4 3985:4 4078:1 4080:2 4115:3 4208:3 4243:4 4337:3 4371:5 4421:2 4466:3 4499:2 4502:2 4549:3 4595:2 4627:1 4631:1 4677:3 4723:2 4806:1 4939:2 5068:2 5196:3 5325:2 5328:2 5453:2 5456:4 5584:5 5715:3 5844:3 5974:3 6102:3 6231:3 6360:1 9539:2 9665:4 9792:4 9916:6 10041:15 10068:13 10162:1 10165:23 10190:22 10288:54 10415:13 10433:37 10542:9 10570:10 10593:6 10668:6 10675:1 10700:2 10726:1 10795:6 10922:5 11049:5 11173:2 11176:5 11301:7 11430:5 11549:3 11556:6 11677:4 11682:8 11805:3 11809:7 11937:6 12063:5 12191:4 12308:2 12318:5 12436:3 12444:5 12564:3 12571:6 12692:5 12698:6 12820:11 12947:10 13076:8 13207:1 13209:1,"{""x"":0.13281,""y"":0.17969,""w"":0.78125,""h"":0.63281}"
362,train/shadows/000362.png,128,"A cleaned target silhouette shows the shadow figure from a historical hand-shadow instruction plate. Infer the expert hand-and-arm ink arrangement that produced that shadow. Submit hand_ink_rle as a 128 by 128 binary mask RLE of the hand/arm drawing, hand_bbox_json as normalized x/y/w/h of the ink mask, and confidence in [0,1].",2454:2 2582:3 2710:1 2713:2 2838:2 2843:2 2967:2 2973:2 3096:3 3103:2 3225:3 3233:3 3354:3 3484:2 3492:2 3505:2 3602:1 3613:3 3622:2 3632:1 3635:1 3730:1 3732:4 3742:4 3750:1 3752:1 3760:2 3763:1 3865:2 3872:3 3882:1 3888:2 3892:1 3995:3 4001:2 4004:1 4011:2 4016:3 4020:1 4126:4 4131:3 4141:1 4144:3 4256:7 4271:4 4277:1 4385:1 4388:5 4399:5 4405:1 4515:7 4528:4 4533:1 4646:6 4659:4 4777:3 4790:1 4907:2 4919:1 5038:4 5047:2 5170:1 5178:1 5299:1 5307:1 5436:2 5553:3 5566:2 5696:2 5825:2 5955:2 6064:1 6077:1 6082:2 6085:1 6207:1 6214:2 6344:1 6602:1 6731:1 6860:2 6865:5 6989:1 6999:5 7117:1 7119:1 7131:1 7246:1 7253:2 7260:1 7374:1 7382:3 7389:1 7501:1 7505:3 7514:4 7590:4 7629:1 7632:5 7643:4 7714:1 7718:5 7724:1 7759:3 7771:6 7839:11 7851:4 7884:1 7886:3 7900:6 7964:7 7972:8 7981:2 8012:4 8026:9 8089:2 8093:3 8099:2 8104:6 8111:1 8140:3 8152:2 8155:1 8157:7 8218:4 8236:5 8267:3 8277:2 8281:11 8368:5 8395:2 8404:1 8409:6 8416:4 8498:4 8522:2 8530:2 8536:4 8541:1 8543:1 8545:3 8628:3 8650:1 8656:3 8664:3 8668:2 8672:1 8675:2 8758:1 8777:2 8783:3 8791:3 8795:1 8798:2 8801:1 8805:1 8905:1 8912:1 8919:3 8923:1 8925:1 8928:1 8930:1 8934:2 9032:1 9054:1 9057:2 9065:3 9181:1 9184:1 9187:1 9189:1 9313:2 9316:3 9445:1 9448:2 9575:1 9577:1 9610:1 9737:1 9869:3 9997:4 10125:3 10252:2 11327:1 11584:1 11710:2 11838:1 11964:1 12107:1 13121:1 13500:1 13628:1,"{""x"":0.07031,""y"":0.14844,""w"":0.77344,""h"":0.6875}"
363,train/shadows/000363.png,128,"A cleaned target silhouette shows the shadow figure from a historical hand-shadow instruction plate. Infer the expert hand-and-arm ink arrangement that produced that shadow. Submit hand_ink_rle as a 128 by 128 binary mask RLE of the hand/arm drawing, hand_bbox_json as normalized x/y/w/h of the ink mask, and confidence in [0,1].",2920:1 2922:1 3050:3 3171:5 3177:3 3185:4 3304:7 3320:2 3430:1 3432:2 3436:2 3446:3 3559:2 3563:1 3573:2 3689:1 3699:3 3816:1 3825:4 3952:3 4085:7 4210:9 4336:2 5050:3 5176:1 5479:1 5862:1 5865:1 5989:1 5991:1 6118:2 6122:1 6247:2 6251:1 6376:1 6379:1 6382:3 6390:2 6505:1 6508:1 6511:2 6518:3 6563:3 6633:2 6636:1 6639:2 6646:3 6690:4 6762:1 6768:2 6773:5 6819:1 6891:1 6893:1 6897:2 6900:6 6947:1 7019:1 7022:1 7026:1 7028:4 7075:1 7142:1 7150:1 7154:1 7156:6 7203:1 7270:1 7276:1 7279:1 7283:7 7331:1 7398:2 7404:1 7412:3 7526:2 7532:1 7541:5 7670:4 7715:1 7773:1 7798:1 7902:2 7927:1 8030:1 8032:1 8056:1 8100:1 8158:2 8185:1 8228:1 8286:3 8313:1 8356:1 8414:3 8419:1 8428:2 8543:3 8549:1 8555:3 8561:1 8671:4 8680:6 8741:1 8799:4 8808:5 8869:1 8927:3 8931:1 8934:7 8947:1 8997:1 9000:2 9055:3 9060:9 9070:1 9125:2 9129:1 9184:2 9189:2 9192:5 9198:1 9204:1 9252:3 9256:2 9312:1 9315:1 9321:5 9382:1 9384:2 9441:1 9444:1 9447:5 9454:1 9462:1 9510:2 9573:2 9576:3 9582:1 9590:2 9697:1 9701:1 9703:3 9711:1 9718:2 9831:2 9839:1 9848:1 9956:3 9968:1 9976:1 10096:2 10104:2 10225:1 10232:2 10353:1 10361:1 10488:3 10610:1 10616:3 10738:1 10745:2 10867:1 10873:2 11001:2 11129:2 11253:1 11258:1 11382:1 11511:1 14121:1 14128:2 14138:1 14249:2 14256:4 14261:1 14263:2 14266:2 14269:1 14273:2 14377:2 14381:1 14384:3 14388:4 14394:7 14402:1 14404:1,"{""x"":0.26562,""y"":0.17188,""w"":0.70312,""h"":0.71094}"
365,train/shadows/000365.png,128,"A cleaned target silhouette shows the shadow figure from a historical hand-shadow instruction plate. Infer the expert hand-and-arm ink arrangement that produced that shadow. Submit hand_ink_rle as a 128 by 128 binary mask RLE of the hand/arm drawing, hand_bbox_json as normalized x/y/w/h of the ink mask, and confidence in [0,1].",4669:5 4675:2 4794:4 4800:2 4803:1 4806:2 4811:1 4924:7 4936:1 4938:7 4950:1 5046:3 5071:2 5076:1 5080:2 5084:1 5171:2 5175:3 5196:4 5203:1 5211:1 5300:1 5310:1 5315:2 5318:3 5322:4 5328:2 5419:7 5437:15 5455:1 5460:7 5468:1 5537:9 5564:7 5575:1 5577:2 5582:3 5588:3 5592:3 5596:1 5657:2 5660:1 5662:3 5691:5 5714:2 5720:5 5780:5 5818:3 5850:2 5905:2 5940:1 5946:1 6069:1 6073:1 6152:2 6155:1 6159:1 6197:2 6200:2 6278:2 6284:1 6325:2 6328:1 6453:4 6581:4 6667:1 6712:1 6724:1 6795:1 6831:1 6839:2 6854:4 6859:6 6960:1 6968:2 6983:10 7087:2 7091:1 7097:1 7113:1 7115:7 7216:2 7219:1 7225:1 7245:6 7345:3 7374:5 7473:5 7505:1 7601:4 7635:1 7638:1 7731:2 7734:1 7860:3 7894:1 7989:2 8113:1 8117:2 8241:1 8245:2 8371:3 8498:3 8587:1 8625:3 8715:1 8749:6 8783:1 8843:1 8876:2 8879:1 8911:1 8971:1 9001:1 9004:3 9013:1 9015:2 9042:1 9100:1 9131:3 9140:4 9168:2 9228:1 9258:1 9260:1 9262:6 9356:1 9386:1 9389:1 9392:4 9484:1 9516:1 9518:3 9612:1 9644:3 10011:1 10013:5 10131:1 10142:3 10260:2 10271:1 10273:1 10392:5 10401:1 10527:2 10657:1 12639:2 12643:1 12766:2 12770:1 12887:3 12891:1 12893:2 12896:1 12899:2 13008:1 13010:1 13012:1 13018:2 13022:1 13135:2 13138:1 13140:1 13142:1 13261:1,"{""x"":0.04688,""y"":0.28125,""w"":0.74219,""h"":0.53125}"
366,train/shadows/000366.png,128,"A cleaned target silhouette shows the shadow figure from a historical hand-shadow instruction plate. Infer the expert hand-and-arm ink arrangement that produced that shadow. Submit hand_ink_rle as a 128 by 128 binary mask RLE of the hand/arm drawing, hand_bbox_json as normalized x/y/w/h of the ink mask, and confidence in [0,1].",1894:3 2021:1 2023:3 2034:1 2037:3 2148:1 2150:3 2157:2 2166:2 2273:4 2278:6 2292:3 2404:1 2406:3 2418:4 2531:3 2537:1 2544:4 2661:1 2663:1 2671:4 2791:1 2799:1 2801:1 2926:1 2932:4 3060:5 3183:6 3191:2 4409:3 4454:1 4711:1 4837:1 4840:1 4964:1 4966:1 4969:1 5093:1 5097:1 5222:2 5226:1 5230:2 5351:2 5358:2 5365:2 5483:1 5493:3 5608:2 5615:2 5620:3 5624:1 5737:2 5740:1 5744:2 5747:1 5749:4 5866:1 5869:1 5873:1 5875:5 5925:1 5989:1 6001:2 6004:3 6008:1 6050:4 6117:1 6123:1 6130:7 6245:1 6251:1 6255:1 6259:4 6307:1 6374:2 6380:1 6389:2 6436:1 6503:1 6518:4 6564:1 6630:2 6692:1 6765:1 6775:1 6878:2 6893:1 6904:1 7006:1 7008:1 7021:1 7076:1 7134:2 7149:1 7161:1 7204:1 7262:3 7266:1 7276:2 7391:2 7395:1 7404:2 7409:1 7461:1 7519:3 7525:1 7530:5 7589:1 7647:2 7650:1 7656:2 7659:2 7662:1 7717:1 7775:3 7784:5 7790:1 7904:4 7912:5 7918:1 7923:1 8032:2 8036:10 8052:1 8160:1 8165:2 8168:7 8288:2 8297:3 8302:1 8310:1 8358:1 8361:2 8417:1 8420:1 8424:3 8430:1 8438:1 8490:1 8545:1 8549:6 8559:1 8567:1 8613:1 8617:2 8677:5 8687:1 8696:1 8745:1 8803:1 8806:3 8816:1 8823:2 8872:1 8932:1 8934:2 8944:2 8952:2 9073:1 9080:2 9201:1 9209:2 9330:1 9336:3 9458:1 9464:3 9593:2 9715:1 9721:2 9849:2 9978:2 10102:1 10107:1 10231:1 10235:1 13363:3 13367:2 13371:3 13377:2 13380:2 13484:1 13486:2 13490:2 13493:1 13495:2 13498:4 13503:4 13612:2 13615:1 13618:9 13628:5 13634:2 13637:2 13640:1 13740:1 13743:2,"{""x"":0.26562,""y"":0.10938,""w"":0.70312,""h"":0.73438}"
367,train/shadows/000367.png,128,"A cleaned target silhouette shows the shadow figure from a historical hand-shadow instruction plate. Infer the expert hand-and-arm ink arrangement that produced that shadow. Submit hand_ink_rle as a 128 by 128 binary mask RLE of the hand/arm drawing, hand_bbox_json as normalized x/y/w/h of the ink mask, and confidence in [0,1].",3172:1 3298:4 3425:2 3429:1 3550:2 3555:2 3677:2 3683:2 3802:2 3809:3 3929:1 3936:3 4043:2 4054:2 4063:2 4170:1 4172:2 4180:1 4182:1 4188:4 4200:2 4297:1 4299:3 4306:2 4315:4 4325:5 4425:1 4427:3 4432:2 4440:1 4442:3 4449:2 4555:3 4559:1 4567:5 4575:2 4680:1 4683:4 4694:8 4807:1 4809:5 4820:4 4825:1 4827:2 4935:1 4937:3 4946:5 5062:4 5073:5 5189:2 5200:3 5316:1 5326:2 5442:1 5451:4 5569:1 5577:2 5694:2 5821:2 5834:1 5947:2 6074:1 6076:1 6200:1 6202:1 6207:1 6327:2 6334:1 6453:2 6580:1 6706:1 6820:7 6829:1 6833:1 6947:1 6958:1 6960:1 7074:1 7086:2 7201:1 7207:2 7215:1 7328:1 7331:3 7340:1 7455:5 7465:5 7472:1 7581:7 7596:3 7600:1 7709:7 7724:4 7763:1 7836:9 7854:2 7857:1 7888:5 7963:7 7971:1 7973:2 7983:3 8014:10 8091:4 8096:5 8104:1 8112:2 8140:11 8152:3 8219:3 8223:1 8225:5 8233:1 8240:3 8267:8 8278:7 8347:1 8352:3 8356:2 8362:2 8370:1 8395:4 8411:6 8473:2 8477:1 8479:1 8482:1 8484:3 8491:3 8498:2 8519:5 8541:4 8598:2 8604:1 8607:1 8609:1 8613:2 8621:2 8627:1 8645:4 8724:2 8731:3 8736:1 8738:3 8742:2 8749:1 8773:3 8858:1 8860:1 8884:1 8984:1 8987:1 9109:1 9111:1 9113:2 9238:1 9240:1 9965:1 10090:1 10215:4 10345:2 10473:2 11068:1 11196:1 11323:1 11451:2 11581:1 11696:1 11710:1 11839:1 12472:1 12729:1 13118:1 13246:1,"{""x"":0.15625,""y"":0.1875,""w"":0.70312,""h"":0.625}"
369,train/shadows/000369.png,128,"A cleaned target silhouette shows the shadow figure from a historical hand-shadow instruction plate. Infer the expert hand-and-arm ink arrangement that produced that shadow. Submit hand_ink_rle as a 128 by 128 binary mask RLE of the hand/arm drawing, hand_bbox_json as normalized x/y/w/h of the ink mask, and confidence in [0,1].",4975:2 5026:2 5031:1 5101:3 5105:1 5149:8 5159:1 5225:1 5227:2 5230:1 5233:1 5236:1 5276:1 5352:3 5361:2 5364:3 5404:3 5421:1 5478:2 5481:1 5489:3 5493:1 5495:1 5533:8 5604:2 5611:1 5615:3 5623:1 5661:16 5730:2 5733:1 5735:1 5741:4 5750:1 5784:9 5794:1 5796:11 5813:1 5856:4 5865:1 5868:4 5876:1 5911:1 5915:2 5924:13 5938:1 5980:7 5988:1 5992:6 5999:1 6003:1 6040:1 6042:1 6056:2 6060:5 6106:7 6114:1 6118:7 6130:3 6168:2 6172:6 6185:1 6189:4 6195:1 6231:8 6244:8 6257:2 6296:4 6303:4 6313:1 6320:1 6357:4 6363:1 6370:5 6382:3 6388:1 6424:1 6435:8 6448:1 6483:5 6498:3 6509:3 6515:1 6561:1 6567:1 6569:6 6576:1 6584:2 6610:2 6613:1 6624:2 6627:4 6636:2 6639:1 6682:9 6700:4 6738:1 6748:8 6763:3 6770:1 6816:5 6823:1 6829:2 6832:1 6856:1 6874:1 6878:1 6880:1 6889:5 6945:7 6969:1 6984:1 7003:1 7006:1 7015:5 7024:1 7069:1 7072:3 7077:6 7095:1 7097:1 7112:2 7134:1 7140:8 7151:1 7199:4 7206:6 7224:1 7241:1 7262:1 7268:6 7279:2 7330:1 7334:1 7337:3 7352:1 7369:1 7393:3 7397:2 7405:4 7466:2 7478:1 7497:1 7521:4 7533:2 7588:2 7595:1 7607:1 7624:1 7649:1 7659:2 7662:1 7664:1 7719:2 7733:1 7752:2 7764:1 7783:1 7786:3 7849:1 7858:1 7863:1 7880:2 7892:1 7910:1 7912:4 7918:1 7978:2 7988:1 7990:1 7992:1 8009:1 8037:7 8045:1 8106:1 8115:1 8120:2 8137:1 8148:1 8153:1 8162:1 8164:3 8168:2 8281:1 8291:2 8300:1 8365:1 8368:1 8418:3 8495:1 8538:1 8547:1 8552:1 8622:1 8650:1 8666:1 8679:1 8751:1 8778:1 8871:1 8878:3 8906:1 8931:1 8999:1 9007:3 9033:1 9058:2 9126:2 9136:2 9161:1 9185:1 9265:2 9290:1 9312:1 9380:1 9394:2 9409:1 9439:1 9507:1 9524:1 9547:1 9564:2 9635:1 9652:1 9691:1 9763:1 9780:2 9804:1 9817:2 9909:1 9932:2 9944:2 10072:1 10434:1 10458:1 10560:1 10714:1 10796:2 10922:3 11049:3 11177:1 11311:1 11437:3 11566:1 12083:1 12211:1,"{""x"":0.17969,""y"":0.29688,""w"":0.75781,""h"":0.45312}"
370,train/shadows/000370.png,128,"A cleaned target silhouette shows the shadow figure from a historical hand-shadow instruction plate. Infer the expert hand-and-arm ink arrangement that produced that shadow. Submit hand_ink_rle as a 128 by 128 binary mask RLE of the hand/arm drawing, hand_bbox_json as normalized x/y/w/h of the ink mask, and confidence in [0,1].",2494:1 2622:1 2749:2 3149:1 3254:1 3274:3 3382:1 3402:1 3508:3 3636:1 3763:1 3891:1 3954:1 4018:2 4082:1 4193:1 4205:3 4209:2 4321:1 4325:3 4332:3 4336:1 4448:1 4463:1 4541:4 4576:1 4591:1 4800:2 4919:8 5048:4 5067:1 5175:5 5192:4 5322:3 5446:6 5703:2 6828:1 6955:2 7083:2 7211:2 7337:4 7465:4 7573:2 7592:5 7603:1 7702:2 7727:1 7730:2 7828:4 7855:1 7858:1 7954:3 7959:2 7982:1 7986:2 8082:2 8110:1 8113:4 8208:3 8242:2 8335:3 8370:1 8463:2 8498:1 8590:3 8625:1 8717:2 8752:2 8844:3 8880:1 8971:2 9007:1 9099:2 9134:2 9262:2 9389:2 9517:2 9645:1 9654:2 9772:1 9781:2 9900:1 9909:2 10027:2 10154:2 10281:2 10409:2 10536:2,"{""x"":0.08594,""y"":0.14844,""w"":0.8125,""h"":0.5}"
371,train/shadows/000371.png,128,"A cleaned target silhouette shows the shadow figure from a historical hand-shadow instruction plate. Infer the expert hand-and-arm ink arrangement that produced that shadow. Submit hand_ink_rle as a 128 by 128 binary mask RLE of the hand/arm drawing, hand_bbox_json as normalized x/y/w/h of the ink mask, and confidence in [0,1].",948:4 955:7 968:2 1080:12 1096:1 1098:1 1219:2 1225:2 1349:1 1354:1 1451:8 1460:2 1472:3 1478:1 1576:2 1579:10 1590:2 1611:1 1702:4 1711:10 1733:1 1740:1 1831:2 1842:10 1869:1 1960:1 1975:5 2104:2 2107:1 3022:1 3279:2 3408:1 3537:1 3666:1 4659:1 7018:1 7146:1 9415:1 9543:1 11880:1 12006:2 12134:1 12635:1 12763:1 12891:2 13019:3 13147:5 13274:6 13403:4 13531:5 13659:4 13788:3 13916:3 14044:3 14172:2 14300:2,"{""x"":0.29688,""y"":0.05469,""w"":0.53906,""h"":0.82031}"
372,train/shadows/000372.png,128,"A cleaned target silhouette shows the shadow figure from a historical hand-shadow instruction plate. Infer the expert hand-and-arm ink arrangement that produced that shadow. Submit hand_ink_rle as a 128 by 128 binary mask RLE of the hand/arm drawing, hand_bbox_json as normalized x/y/w/h of the ink mask, and confidence in [0,1].",2360:1 2363:1 2365:3 2375:1 2483:15 2503:1 2505:1 2626:2 2633:1 2756:1 2761:1 2878:4 2885:1 2890:1 2986:8 2995:2 3010:1 3019:1 3111:2 3114:10 3125:3 3237:4 3246:13 3276:1 3366:2 3377:10 3495:1 3510:3 4430:1 4559:1 4688:1 4816:1 4945:1 6195:1 8297:1 8425:1 10825:1 13160:1 13287:1 13917:1 14045:2 14173:2 14300:6 14428:5 14556:4 14685:3 14813:1 14815:1 14942:2 15070:2 15198:2 15327:1 15455:1,"{""x"":0.28906,""y"":0.14062,""w"":0.53906,""h"":0.80469}"
373,train/shadows/000373.png,128,"A cleaned target silhouette shows the shadow figure from a historical hand-shadow instruction plate. Infer the expert hand-and-arm ink arrangement that produced that shadow. Submit hand_ink_rle as a 128 by 128 binary mask RLE of the hand/arm drawing, hand_bbox_json as normalized x/y/w/h of the ink mask, and confidence in [0,1].",2498:2 2626:2 2755:1 2995:1 3124:2 3253:3 3274:1 3401:2 3531:1 3727:1 3788:1 3855:1 3858:3 3865:2 3871:2 3916:1 3984:1 3992:4 3999:2 4045:1 4123:1 4128:1 4173:1 4257:1 4415:4 4543:5 4670:2 4800:9 4935:1 5044:5 5060:5 5175:1 5300:7 5559:3 6866:1 6994:1 7122:1 7250:1 7378:3 7499:1 7506:4 7627:2 7634:5 7656:1 7756:1 7759:1 7783:2 7883:2 7887:1 7911:1 8010:3 8037:5 8139:3 8166:1 8169:3 8268:1 8298:3 8396:1 8427:3 8556:4 8653:1 8685:3 8781:2 8815:2 8910:1 8943:3 9039:1 9073:2 9167:1 9202:1 9295:2 9415:2 9424:2 9544:2 9552:2 9672:2 9681:2 9801:2 9810:1 9937:2 10066:2 10194:2 10322:3 10451:2,"{""x"":0.11719,""y"":0.14844,""w"":0.78125,""h"":0.49219}"
374,train/shadows/000374.png,128,"A cleaned target silhouette shows the shadow figure from a historical hand-shadow instruction plate. Infer the expert hand-and-arm ink arrangement that produced that shadow. Submit hand_ink_rle as a 128 by 128 binary mask RLE of the hand/arm drawing, hand_bbox_json as normalized x/y/w/h of the ink mask, and confidence in [0,1].",3746:3 3871:3 3876:2 3879:2 4011:1 4122:3 4141:2 4144:3 4248:1 4272:1 4276:2 4406:1 4510:1 4512:4 4535:1 4636:2 4645:5 4664:1 4761:3 4779:3 4785:2 4793:1 4887:2 4911:2 4915:1 4921:3 5044:1 5052:1 5173:1 5180:1 5310:1 5439:2 5546:5 5568:1 5680:1 5697:1 5826:1 5955:2 6085:1 6214:1 6343:1 6440:2 6443:2 6473:1 6489:6 6565:3 6574:1 6602:1 6614:2 6688:3 6703:1 6731:1 6733:1 6739:5 6746:1 6860:1 6862:1 6866:1 6870:1 6991:1 6994:1 6997:2 7006:1 7008:6 7017:2 7120:3 7134:2 7141:4 7147:2 7247:4 7262:1 7265:7 7278:1 7375:3 7390:3 7408:4 7456:1 7503:4 7519:7 7529:7 7537:1 7539:3 7569:1 7632:3 7646:2 7652:1 7759:4 7774:2 7782:1 7826:1 7887:3 7902:1 7911:1 7953:3 8015:2 8029:1 8039:3 8080:1 8142:3 8157:1 8170:1 8207:1 8270:3 8285:1 8299:1 8334:1 8340:1 8398:2 8413:1 8428:1 8525:3 8544:1 8558:1 8653:3 8669:1 8674:1 8687:1 8782:2 8797:1 8802:1 8816:1 8888:1 8890:1 8909:2 8925:1 8928:1 8931:1 8945:1 9016:8 9036:3 9055:1 9059:1 9075:1 9146:11 9163:3 9180:1 9182:1 9187:1 9277:8 9291:3 9308:1 9310:1 9315:1 9407:5 9413:3 9417:3 9421:1 9436:2 9443:2 9538:11 9563:2 9570:3 9666:11 9691:2 9699:2 9796:9 9819:1 9828:2 9924:10 9957:2 10053:9 10085:2 10183:7 10213:1 10215:1 10269:1 10310:1 10312:5 10342:2 10391:1 10396:2 10410:7 10438:5 10444:1 10461:1 10471:2 10520:4 10529:17 10565:1 10567:5 10600:1 10649:8 10660:14 10695:1 10698:2 10729:1 10785:2 10789:12 10802:2 10805:1 10823:1 10826:2 10857:1 10913:1 10918:4 10923:10 10934:3 11041:1 11045:1 11055:10 11161:2 11169:5 11193:1 11291:10 11424:1 11427:2 11555:1 12130:1 12256:3 12385:1,"{""x"":0.10938,""y"":0.22656,""w"":0.8125,""h"":0.53125}"
375,train/shadows/000375.png,128,"A cleaned target silhouette shows the shadow figure from a historical hand-shadow instruction plate. Infer the expert hand-and-arm ink arrangement that produced that shadow. Submit hand_ink_rle as a 128 by 128 binary mask RLE of the hand/arm drawing, hand_bbox_json as normalized x/y/w/h of the ink mask, and confidence in [0,1].",3120:3 3248:2 3376:2 4017:2 4145:2 4272:3 4400:1 4527:1 4654:2 4782:2 5056:3 5183:6 5310:3 5315:2 5438:2 5564:1 5566:1 5666:1 5691:3 5794:1 5819:2 5922:1 5947:1 6050:1 6074:1 6178:2 6307:1 6433:1 6435:1 6561:1 6580:3 6689:1 6691:1 6697:4 6704:4 6817:1 6819:1 6827:2 6874:1 6945:1 6947:1 6952:1 6955:5 7002:1 7073:1 7075:1 7079:2 7130:4 7203:1 7206:3 7260:5 7330:2 7334:3 7458:1 7461:3 7586:5 7717:1 7844:2 8226:2 8261:6 8354:2 8389:4 10275:2 10402:2 10530:1 10653:1 10781:1 10783:1 10909:4 11036:5 11166:1 11181:1 11293:2 11309:2 11421:1 11438:2 11549:2 11563:3 11568:3 11676:2 11692:3 11697:3 11805:1 11821:2 11824:1 11933:1 12188:1 12315:2 12331:2 12360:2 12369:2 12443:1 12461:1 12489:15 12589:2 12619:13 12717:1 12719:3 12743:7 12845:7 12869:7 12955:1 12969:17 12991:10 13082:2 13097:29 13210:1 13226:3 13235:18 13353:2 13373:1 13480:3 13607:3 13736:2 13863:3 13991:3 14119:2 14247:1 14374:2 14501:2 14629:2 14757:2 14885:2 15013:1 15140:1 15268:1,"{""x"":0.20312,""y"":0.1875,""w"":0.55469,""h"":0.75}"
377,train/shadows/000377.png,128,"A cleaned target silhouette shows the shadow figure from a historical hand-shadow instruction plate. Infer the expert hand-and-arm ink arrangement that produced that shadow. Submit hand_ink_rle as a 128 by 128 binary mask RLE of the hand/arm drawing, hand_bbox_json as normalized x/y/w/h of the ink mask, and confidence in [0,1].",1384:2 1511:3 1639:1 1641:1 1765:2 1769:1 1891:3 1896:2 2017:3 2023:2 2143:2 2150:2 2270:1 2277:3 2396:2 2403:4 2523:2 2531:3 2650:2 2658:3 2670:2 2764:2 2776:2 2784:4 2795:5 2893:1 2902:2 2905:1 2911:4 3019:1 3021:2 3029:1 3039:2 3046:2 3146:1 3148:3 3156:1 3163:1 3165:2 3171:3 3274:1 3276:3 3282:2 3290:9 3401:1 3404:3 3409:1 3417:5 3424:1 3529:1 3532:5 3543:5 3549:2 3552:1 3656:1 3659:5 3670:4 3675:3 3784:1 3787:3 3796:1 3798:5 3911:1 3913:5 3925:4 4039:2 4042:2 4052:2 4167:4 4179:3 4294:2 4304:3 4420:2 4429:4 4547:1 4683:2 4801:2 4810:1 4928:1 4941:1 5054:2 5066:3 5179:2 5307:2 5434:1 5436:1 5582:2 5688:2 5695:2 5815:2 5823:1 5941:3 6068:2 6194:1 6321:1 6568:5 6576:1 6695:1 6700:1 6704:1 6817:2 6820:2 6829:1 6831:1 6944:1 6957:2 7071:1 7086:1 7127:4 7198:1 7204:3 7210:1 7214:1 7255:3 7325:2 7328:3 7336:5 7343:1 7379:1 7381:9 7392:3 7452:1 7455:2 7463:6 7471:1 7507:19 7579:7 7595:2 7599:1 7633:3 7637:4 7644:14 7706:4 7711:2 7724:4 7729:1 7760:7 7780:3 7785:1 7833:9 7854:2 7857:1 7887:7 7911:3 7961:10 7983:4 8014:5 8088:8 8097:1 8099:2 8112:3 8140:1 8142:3 8216:11 8230:2 8240:4 8265:3 8269:1 8344:4 8349:1 8352:4 8360:3 8369:3 8393:5 8472:3 8476:1 8478:6 8488:1 8490:3 8499:1 8521:2 8599:2 8603:1 8605:1 8607:1 8609:4 8619:3 8628:1 8726:2 8730:1 8732:1 8734:1 8736:5 8748:3 8757:1 8861:3 8867:3 8886:1 8980:2 8985:1 8987:2 8994:1 8997:3 9107:2 9112:4 9119:2 9209:1 9232:2 9239:1 9242:1 9244:1 9338:1 9368:1 9461:1 9466:1 9491:1 9493:2 9588:2 9618:2 9715:1 9717:3 9746:1 9748:1 9845:3 9974:3 10103:1 11329:1 11457:1 11712:1 11841:2 11970:2 12100:2 12229:1 12338:2 12990:1 13118:1 13375:1 13894:1,"{""x"":0.125,""y"":0.07812,""w"":0.83594,""h"":0.77344}"
378,train/shadows/000378.png,128,"A cleaned target silhouette shows the shadow figure from a historical hand-shadow instruction plate. Infer the expert hand-and-arm ink arrangement that produced that shadow. Submit hand_ink_rle as a 128 by 128 binary mask RLE of the hand/arm drawing, hand_bbox_json as normalized x/y/w/h of the ink mask, and confidence in [0,1].",2450:1 2452:1 2577:3 2582:1 2706:4 2711:1 2714:2 2835:3 2840:2 2953:5 2960:7 2968:1 3074:2 3078:1 3087:1 3089:2 3093:2 3096:2 3203:5 3219:1 3222:1 3224:1 3332:5 3348:1 3351:1 3463:4 3478:1 3592:4 3724:2 3853:1 3975:1 3977:1 3983:1 4099:2 4102:8 4227:4 4238:1 4551:3 5273:1 5400:1 5655:1 5658:1 5782:1 5785:1 5856:1 5859:1 5914:1 5984:1 6037:1 6040:2 6113:1 6115:1 6167:2 6243:1 6292:1 6371:1 6415:2 6422:2 6499:1 6536:2 6543:3 6548:1 6550:2 6627:1 6663:3 6671:2 6675:1 6678:1 6790:5 6799:1 6806:1 6919:4 6926:2 6930:1 6933:1 7011:1 7046:6 7054:1 7061:1 7139:1 7174:8 7188:1 7195:1 7302:6 7313:1 7316:1 7433:4 7440:1 7444:1 7450:1 7523:1 7558:6 7572:1 7577:2 7651:1 7686:5 7699:1 7779:1 7817:1 7828:1 7844:2 7943:2 7956:1 7971:2 8071:1 8073:1 8084:1 8098:3 8200:1 8212:1 8226:3 8290:1 8340:1 8351:1 8354:3 8418:1 8455:1 8468:1 8478:1 8481:4 8546:1 8595:3 8609:3 8670:1 8675:2 8723:4 8732:1 8736:1 8738:2 8799:1 8802:2 8851:1 8853:5 8865:3 8927:2 8930:1 8975:1 8979:1 8981:5 8991:6 9055:2 9058:1 9108:7 9116:2 9119:1 9122:1 9124:1 9185:2 9238:9 9250:2 9358:1 9365:8 9376:1 9378:2 9485:1 9492:6 9503:1 9506:2 9612:1 9620:1 9623:5 9629:3 9634:1 9739:1 9748:1 9752:7 9762:1 9866:2 9875:1 9880:6 9889:1 9994:2 10003:1 10010:3 10016:1 10121:2 10130:1 10139:5 10249:2 10258:1 10268:1 10377:1 10385:2 10505:2 10513:2 10633:2 10641:2 10760:3 10769:1 10888:3 10897:1 11016:2 11024:1 11143:3 11152:1 11271:3 11279:1 11399:3 11406:2 11527:3 11534:1 11655:3 11661:1 11784:2 11789:1 11913:1 11916:1 12041:1 14177:1 14292:1 14297:2 14302:2 14306:1 14418:1 14420:1 14423:4 14430:5 14536:3 14540:1 14542:2 14545:2 14548:7 14662:1 14665:8 14788:2 14791:1,"{""x"":0.01562,""y"":0.14844,""w"":0.77344,""h"":0.75781}"
379,train/shadows/000379.png,128,"A cleaned target silhouette shows the shadow figure from a historical hand-shadow instruction plate. Infer the expert hand-and-arm ink arrangement that produced that shadow. Submit hand_ink_rle as a 128 by 128 binary mask RLE of the hand/arm drawing, hand_bbox_json as normalized x/y/w/h of the ink mask, and confidence in [0,1].",4112:2 4241:1 4243:2 4322:3 4327:1 4362:3 4367:1 4370:1 4373:1 4375:1 4451:2 4454:9 4489:7 4502:4 4590:1 4616:1 4621:3 4634:2 4700:1 4708:1 4718:1 4744:1 4751:4 4761:1 4764:3 4835:1 4838:9 4874:2 4880:5 4886:1 4895:2 4898:1 4958:1 4960:6 4967:7 5004:1 5009:4 5014:1 5021:7 5075:1 5084:21 5106:2 5138:2 5141:5 5151:4 5156:3 5204:1 5209:12 5222:1 5224:6 5231:3 5266:1 5268:6 5275:1 5279:1 5283:5 5334:9 5344:3 5359:2 5363:1 5388:1 5390:2 5397:11 5412:6 5461:8 5471:1 5481:1 5485:1 5488:2 5519:2 5529:6 5541:7 5550:1 5591:5 5600:1 5607:8 5616:3 5644:1 5648:3 5657:1 5659:4 5671:1 5673:8 5719:4 5728:1 5733:5 5742:5 5772:1 5777:3 5788:5 5804:6 5837:1 5854:6 5861:2 5875:1 5901:1 5906:3 5915:1 5917:7 5933:1 5935:2 5980:7 5993:2 6030:1 6034:4 6043:1 6045:10 6066:1 6094:2 6106:4 6119:11 6163:5 6180:4 6205:2 6233:1 6235:1 6242:1 6245:10 6288:1 6292:1 6294:5 6309:2 6333:1 6363:1 6371:4 6376:2 6382:1 6418:1 6421:8 6437:1 6461:1 6497:6 6504:2 6510:1 6554:5 6565:1 6589:1 6606:2 6622:7 6633:1 6636:2 6673:2 6676:1 6682:7 6716:2 6734:3 6748:7 6760:3 6801:3 6805:1 6811:1 6813:4 6844:2 6863:2 6877:1 6882:1 6929:4 6934:1 6943:4 6972:2 6992:2 7005:2 7011:1 7013:2 7057:1 7059:6 7073:2 7087:1 7100:1 7121:2 7133:1 7139:2 7188:3 7193:1 7202:1 7228:1 7248:1 7250:1 7265:2 7314:1 7317:4 7322:1 7338:1 7356:1 7379:1 7382:1 7392:1 7446:6 7471:1 7484:2 7508:1 7519:1 7571:1 7575:7 7600:1 7612:1 7631:1 7637:1 7701:1 7707:5 7740:2 7758:2 7774:1 7830:1 7839:2 7850:1 7868:1 7887:1 7896:1 7900:1 7959:2 7966:3 7978:1 7996:1 8025:1 8028:1 8089:2 8096:1 8106:1 8124:1 8153:2 8156:1 8219:1 8224:1 8281:3 8348:1 8361:1 8409:1 8477:1 8507:1 8536:2 8545:1 8607:1 8635:1 8662:3 8736:1 8763:1 8790:2 8802:2 8891:1 8918:2 8993:2 8996:1 9019:1 9046:2 9061:1 9126:1 9172:3 9189:2 9255:1 9274:1 9299:2 9383:2 9402:1 9427:1 9512:1 9529:1 9554:3 9642:2 9656:1 9682:1 9701:2 9771:1 9784:1 9900:1 10281:2 10537:1 10665:1 10717:1 10844:3 10973:4 11101:1 11103:2 11225:1 11353:3 11482:2 12116:1 12245:1 12371:1,"{""x"":0.0625,""y"":0.25,""w"":0.84375,""h"":0.50781}"
380,train/shadows/000380.png,128,"A cleaned target silhouette shows the shadow figure from a historical hand-shadow instruction plate. Infer the expert hand-and-arm ink arrangement that produced that shadow. Submit hand_ink_rle as a 128 by 128 binary mask RLE of the hand/arm drawing, hand_bbox_json as normalized x/y/w/h of the ink mask, and confidence in [0,1].",3765:5 3891:1 3893:2 3897:4 4018:6 4025:2 4030:3 4068:2 4142:3 4146:1 4152:1 4156:1 4158:3 4163:2 4172:2 4175:1 4177:8 4187:3 4191:5 4200:1 4261:1 4265:3 4269:1 4288:1 4290:1 4292:1 4294:6 4301:1 4303:2 4307:1 4309:1 4330:2 4338:1 4388:7 4421:1 4423:1 4427:1 4461:1 4463:1 4465:2 4468:1 4470:2 4516:2 4531:7 4591:2 4594:1 4636:2 4639:2 4645:3 4650:2 4658:9 4719:2 4722:1 4770:2 4774:1 4776:13 4790:7 4850:1 4890:1 4902:1 4905:10 4921:5 4931:1 4978:1 5016:1 5022:1 5032:4 5052:2 5059:1 5104:1 5149:4 5156:3 5181:2 5187:1 5274:1 5276:2 5279:3 5310:2 5314:2 5400:2 5403:3 5439:5 5529:2 5568:3 5657:2 5696:2 5824:2 5952:2 5962:1 6067:1 6080:1 6089:2 6207:2 6216:2 6317:1 6319:2 6322:1 6335:2 6343:3 6438:3 6443:6 6469:1 6471:2 6567:9 6596:5 6696:6 6703:1 6725:4 6822:6 6853:4 6950:5 6981:3 7027:1 7077:4 7109:2 7155:1 7205:3 7237:2 7242:1 7283:1 7331:4 7365:2 7493:2 7586:1 7622:4 7714:1 7751:1 7753:2 7756:2 7880:9 7892:1 8013:5 8143:4 8260:2 8269:1 8272:1 8274:3 8362:1 8388:7 8399:3 8518:8 8529:1 8651:6 8743:2 8783:2 8798:1 8812:2 8872:3 8926:4 8931:1 8937:3 9001:1 9053:2 9057:1 9061:3 9181:1 9184:1 9310:1 9315:2 9440:2 9566:1 12958:3 13083:1 13087:1 13089:2 13092:1 13094:5 13100:3 13104:1 13106:3 13212:1 13214:2 13217:1 13221:2 13224:1 13226:1 13228:1 13230:1 13232:6 13338:1 13340:1 13342:2 13346:1 13348:1 13350:3 13355:1 13357:4 13363:2 13465:3,"{""x"":0.1875,""y"":0.22656,""w"":0.75,""h"":0.60156}"
383,train/shadows/000383.png,128,"A cleaned target silhouette shows the shadow figure from a historical hand-shadow instruction plate. Infer the expert hand-and-arm ink arrangement that produced that shadow. Submit hand_ink_rle as a 128 by 128 binary mask RLE of the hand/arm drawing, hand_bbox_json as normalized x/y/w/h of the ink mask, and confidence in [0,1].",2120:3 2247:1 2250:2 2375:1 2379:2 2504:1 2507:3 2632:1 2636:2 2760:2 2764:2 2892:2 3016:1 3021:3 3144:1 3271:1 3398:2 3411:6 3525:1 3527:1 3539:1 3541:1 3543:1 3545:2 3652:2 3667:1 3670:3 3674:4 3780:1 3782:1 3795:1 3797:2 3803:3 3907:1 3910:1 3931:1 3933:1 4035:1 4037:1 4060:1 4162:1 4164:1 4188:1 4289:1 4292:1 4316:2 4416:1 4419:1 4444:2 4543:1 4547:1 4573:1 4670:1 4674:1 4702:1 4797:1 4801:1 4830:2 4924:1 4927:2 4958:2 5051:2 5087:1 5180:1 5216:2 5307:2 5343:3 5435:2 5471:2 5562:2 5593:1 5600:1 5690:1 5721:1 5727:2 5818:1 5849:1 5945:2 5976:1 6073:3 6104:1 6201:2 6232:1 6329:2 6360:1 6457:2 6485:1 6488:1 6584:3 6612:1 6614:4 6704:4 6712:3 6740:6 6830:5 6836:1 6840:3 6867:1 6869:5 6956:2 6959:5 6965:1 6968:2 6995:6 7081:3 7085:9 7095:3 7124:7 7207:2 7213:4 7218:9 7250:7 7335:1 7338:4 7343:1 7345:1 7348:7 7376:6 7462:7 7470:1 7472:2 7476:6 7502:6 7510:1 7520:2 7587:3 7591:5 7597:2 7605:5 7628:3 7632:3 7650:2 7711:2 7715:1 7717:3 7733:5 7753:5 7760:1 7778:5 7838:1 7840:2 7843:5 7862:3 7880:3 7884:1 7907:5 7913:2 7966:1 7969:2 7972:1 7990:3 8006:5 8038:7 8090:6 8118:2 8132:4 8168:1 8170:4 8211:2 8214:8 8247:1 8249:4 8256:8 8301:1 8335:15 8376:14 8469:1 8477:1 8499:5 8505:12 8605:1 8620:10 8631:2 8634:8 8733:1 8744:16 8762:6 8770:2 8861:2 8871:1 8873:6 8883:1 8890:9 8989:2 8993:7 9001:3 9018:6 9062:4 9115:7 9127:2 9146:1 9148:3 9189:3 9193:2 9247:2 9255:2 9275:1 9277:4 9316:6 9323:1 9362:6 9376:1 9384:2 9405:3 9444:6 9451:1 9512:2 9532:4 9572:1 9575:2 9578:1 9639:3 9660:1 9662:1 9703:1 9706:1 9767:3 9788:1 9790:2 9895:1 9897:1 9917:2 10022:2 10025:1 10045:2 10153:1 10173:1 10175:1 10197:1 10281:1 10301:1 10303:1 10324:2 10409:1 10453:1 10537:1 10579:1 10665:1 10793:1 10921:1 10954:3 10959:1 11049:1 11085:3 11095:3 11177:1 11216:4 11222:5 11305:1 11350:3 11357:1 11366:1 11434:1 11486:2 11494:2 11502:1 11562:1 11616:8 11625:5 11747:2 11752:1 12572:1 13462:1 13591:1 13720:2 13848:2 13976:2 14103:2 14227:4,"{""x"":0.11719,""y"":0.125,""w"":0.75,""h"":0.75}"
384,train/shadows/000384.png,128,"A cleaned target silhouette shows the shadow figure from a historical hand-shadow instruction plate. Infer the expert hand-and-arm ink arrangement that produced that shadow. Submit hand_ink_rle as a 128 by 128 binary mask RLE of the hand/arm drawing, hand_bbox_json as normalized x/y/w/h of the ink mask, and confidence in [0,1].",3145:1 3274:2 3402:2 4169:2 4298:3 4428:2 4557:1 4686:1 4814:1 5178:1 5180:1 5305:2 5308:1 5433:1 5435:4 5565:2 5594:1 5694:3 5723:1 5824:3 5851:1 5953:2 5978:2 6082:1 6106:2 6211:1 6234:1 6362:1 6364:1 6492:1 6600:2 6610:3 6618:1 6620:1 6730:5 6737:2 6746:1 6748:1 6865:1 6869:2 6874:1 6876:1 6990:4 6997:2 7002:1 7004:1 7125:3 7130:2 7253:3 7258:2 7330:2 7383:3 7388:1 7457:3 7512:5 7585:2 7641:1 7710:3 7769:1 7838:1 8155:2 8284:2 8373:1 8501:5 10203:2 10333:1 10461:1 10467:1 10592:1 10594:2 10719:2 10722:3 10848:1 10850:1 10852:1 10964:1 10978:1 11091:1 11107:1 11219:1 11235:1 11346:1 11348:2 11363:2 11472:2 11476:1 11491:1 11597:3 11602:2 11619:1 11729:3 11876:1 12005:2 12117:2 12133:2 12245:1 12372:1 12464:1 12472:2 12499:1 12591:3 12599:3 12626:3 12717:11 12750:7 12774:2 12842:5 12848:10 12859:2 12875:14 12903:1 12970:3 12983:9 13000:12 13013:3 13112:3 13116:19 13143:2 13246:10 13271:3 13399:3 13529:2 13658:3 13786:3 13915:2 14044:1 14172:2 14301:2 14429:2 14557:2 14685:2 14814:1 14943:1 15071:1,"{""x"":0.23438,""y"":0.1875,""w"":0.57812,""h"":0.73438}"
386,train/shadows/000386.png,128,"A cleaned target silhouette shows the shadow figure from a historical hand-shadow instruction plate. Infer the expert hand-and-arm ink arrangement that produced that shadow. Submit hand_ink_rle as a 128 by 128 binary mask RLE of the hand/arm drawing, hand_bbox_json as normalized x/y/w/h of the ink mask, and confidence in [0,1].",2069:2 2198:1 2324:4 2329:1 2448:2 2452:5 2458:4 2566:2 2575:1 2579:1 2582:3 2586:1 2695:3 2708:2 2712:1 2714:1 2824:3 2838:1 2954:4 2967:1 3083:3 3215:2 3335:1 3345:1 3462:6 3590:11 4549:1 4633:1 4680:1 4888:1 5015:1 5270:1 5273:2 5400:2 5525:1 5648:2 5655:2 5776:2 5780:1 5782:2 5896:2 5903:2 5907:1 5910:1 6023:3 6031:1 6037:1 6108:2 6150:6 6159:1 6165:1 6236:4 6280:4 6286:1 6290:1 6292:1 6365:2 6406:9 6417:1 6420:1 6426:1 6534:5 6540:2 6548:1 6554:1 6663:5 6682:1 6749:1 6792:5 6800:1 6803:1 6809:1 6877:2 6919:1 6921:3 6931:1 6937:1 7005:1 7048:3 7059:1 7133:1 7177:1 7201:2 7304:1 7330:1 7432:1 7455:1 7457:2 7517:1 7559:1 7571:1 7584:3 7645:1 7686:1 7699:1 7709:1 7712:2 7773:1 7826:2 7836:1 7839:3 7954:1 7956:2 7961:2 7968:2 8078:1 8082:1 8084:3 8094:4 8156:1 8210:1 8212:5 8221:5 8284:1 8333:1 8339:8 8348:1 8350:1 8352:1 8412:1 8460:1 8467:9 8479:2 8540:1 8587:1 8594:5 8602:1 8607:2 8664:1 8668:1 8715:1 8722:6 8735:1 8792:1 8795:2 8842:1 8850:1 8853:5 8859:2 8863:1 8920:1 8923:2 8969:2 8977:1 8982:6 9048:2 9051:1 9096:2 9105:1 9111:4 9118:1 9178:2 9224:2 9232:1 9240:2 9245:1 9351:2 9360:1 9369:4 9479:1 9487:1 9606:2 9614:2 9734:2 9742:2 9861:3 9870:1 9989:3 9998:1 10117:3 10125:1 10245:3 10253:1 10373:2 10501:2 10508:1 10629:1 10631:1 10635:1 10757:2 10762:1 10886:1 10889:1 11016:1 13775:2 13782:1 13885:2 13888:2 13893:3 13898:2 13901:1 13903:2 13907:1 13910:1 14013:1 14016:1 14018:5 14024:1 14026:2 14029:1 14032:1 14035:1 14038:2 14139:1 14141:2 14145:1 14147:1 14150:1 14154:2 14157:1 14159:1 14163:5,"{""x"":0.03906,""y"":0.125,""w"":0.71094,""h"":0.74219}"
388,train/shadows/000388.png,128,"A cleaned target silhouette shows the shadow figure from a historical hand-shadow instruction plate. Infer the expert hand-and-arm ink arrangement that produced that shadow. Submit hand_ink_rle as a 128 by 128 binary mask RLE of the hand/arm drawing, hand_bbox_json as normalized x/y/w/h of the ink mask, and confidence in [0,1].",1990:1 1992:2 2117:3 2122:1 2245:1 2247:1 2250:1 2373:1 2375:1 2501:1 2503:1 2507:1 2628:2 2631:1 2635:1 2755:2 2759:1 2762:1 2883:2 2889:1 3011:2 3018:1 3139:2 3146:2 3264:5 3275:1 3390:1 3404:3 3409:1 3413:2 3516:2 3520:1 3532:2 3536:3 3540:4 3646:2 3661:1 3671:2 3774:1 3789:1 3800:2 3901:1 3917:2 3929:1 4029:1 4041:2 4045:1 4153:3 4157:1 4168:2 4173:2 4179:2 4185:1 4272:2 4278:6 4285:1 4289:1 4296:2 4302:2 4307:1 4313:1 4389:4 4395:4 4411:1 4413:1 4425:1 4430:3 4437:1 4441:1 4516:4 4539:1 4542:1 4554:1 4558:4 4570:1 4644:2 4667:1 4670:1 4682:1 4686:2 4698:1 4773:1 4786:1 4795:1 4798:1 4810:1 4814:2 4824:1 4826:1 4901:2 4914:1 4923:1 4926:1 4952:1 4954:1 5030:3 5039:4 5044:1 5046:6 5055:1 5072:1 5083:1 5161:5 5171:3 5176:3 5200:1 5209:1 5211:1 5288:2 5327:2 5338:1 5416:1 5423:1 5455:2 5467:1 5551:1 5595:1 5673:1 5682:1 5686:2 5712:1 5721:3 5804:5 5810:1 5813:3 5841:1 5851:1 5969:1 5978:3 6094:1 6097:1 6106:3 6222:1 6225:1 6236:1 6364:1 6478:1 6481:1 6492:1 6606:1 6609:1 6619:1 6747:1 6875:1 7130:2 7258:2 7387:1 7515:1 7642:2 7771:1 7898:1 8026:1 8153:2 8408:1 8537:1 8665:1 8792:3 8922:1 9024:1 9049:2 9176:6 9281:2 9287:2 9305:5 9410:1 9434:5 9539:1 9553:1 9563:5 9669:1 9683:1 9691:6 9698:2 9796:1 9798:1 9812:1 9819:1 9821:2 9826:3 9925:1 9940:1 9947:3 9954:1 9956:2 10054:1 10068:1 10075:2 10082:1 10084:2 10197:1 10204:1 10211:4 10324:1 10329:2 10338:1 10340:4 10453:1 10457:2 10469:2 10585:1 10597:3 10712:1 10725:3 10840:1 10852:6 10966:2 10977:1 10980:1 10984:2 11073:1 11093:1 11095:1 11105:1 11108:1 11111:1 11113:2 11201:1 11220:1 11222:1 11233:1 11236:1 11239:1 11241:2 11245:1 11327:1 11347:1 11361:1 11364:1 11371:1 11375:3 11476:1 11488:2 11492:1 11501:1 11585:1 11603:1 11615:2 11619:1 11623:1 11630:1 11709:1 11712:2 11731:1 11742:3 11747:1 11758:1 11837:1 11839:2 11858:1 11870:3 11875:1 11882:1 11884:1 11887:1 11965:1 11968:1 11985:1 11998:3 12003:1 12010:1 12095:1 12113:1 12126:3 12131:1 12138:1 12222:1 12255:2 12259:1 12267:1 12348:1 12350:1 12384:1 12387:1 12395:1 12476:2 12515:1 12523:1 12603:2 12643:1 12731:1 12771:1 12780:1 12859:1 12870:1 12907:1 12998:1 13114:1 13126:1 13146:1 13164:1 13243:1 13254:1 13274:2 13292:1 13372:1 13382:1 13403:1 13409:1 13420:1 13501:1 13510:1 13518:1 13537:1 13630:1 13638:1 13641:3 13646:1 13665:1 13766:1 13770:2 13774:1 13793:1 13887:1 13893:1 13898:3 13904:1 13921:1 14014:1 14016:1 14021:1 14026:2 14033:2 14048:1 14142:4 14149:1 14154:3 14163:1 14270:1 14272:1 14277:1 14281:5 14292:1 14398:2 14405:1 14409:7 14431:1 14526:5 14533:1 14537:9 14557:1 14559:1 14654:6 14661:1 14664:12 14687:1 14784:1 14786:1 14789:1 14792:2 14795:2 14798:6 14815:1 14911:7 14921:1 14923:1 14925:2 14928:1 14930:1 14933:1 15042:3 15046:2 15054:1 15057:1 15063:1 15067:1 15070:1 15168:5 15174:1 15182:1 15193:3 15197:2 15297:4 15302:1 15426:3 15555:1 15557:1 15683:1,"{""x"":0.28125,""y"":0.11719,""w"":0.60938,""h"":0.84375}"
389,train/shadows/000389.png,128,"A cleaned target silhouette shows the shadow figure from a historical hand-shadow instruction plate. Infer the expert hand-and-arm ink arrangement that produced that shadow. Submit hand_ink_rle as a 128 by 128 binary mask RLE of the hand/arm drawing, hand_bbox_json as normalized x/y/w/h of the ink mask, and confidence in [0,1].",3921:3 4047:2 4053:3 4173:2 4184:3 4298:2 4316:1 4423:2 4547:3 4674:1 4690:3 4697:2 4801:1 4815:2 4827:3 4928:1 4939:2 4958:1 5055:1 5062:4 5182:1 5188:1 5309:1 5315:1 5436:1 5563:1 5690:1 5705:5 5817:1 5944:1 6071:1 6198:1 6453:1 6580:1 6603:1 6608:5 6707:1 6730:1 6743:2 6834:1 7070:5 7087:1 7197:1 7200:1 7204:5 7214:1 7269:1 7325:1 7330:1 7332:2 7336:2 7340:2 7397:1 7465:3 7524:2 7593:3 7652:1 7654:1 7701:1 7703:7 7721:4 7783:1 7826:2 7829:1 7834:2 7838:1 7850:3 7908:1 7913:1 7952:3 7960:7 7978:3 8077:2 8092:3 8106:3 8203:4 8210:7 8235:2 8330:6 8344:1 8349:3 8363:3 8471:1 8479:1 8492:2 8598:1 8607:1 8620:2 8736:1 8748:3 8852:1 8864:1 8876:3 8979:1 8992:1 9005:3 9024:3 9106:1 9117:1 9133:3 9149:5 9233:1 9245:1 9249:1 9262:3 9273:1 9275:5 9360:1 9374:1 9377:1 9391:3 9400:7 9487:1 9499:1 9519:4 9526:7 9614:1 9627:1 9631:2 9648:3 9654:5 9755:1 9760:3 9776:10 9821:1 9868:1 9882:2 9889:2 9904:9 9949:1 9954:1 10010:2 10018:1 10032:9 10078:3 10082:1 10138:1 10147:1 10160:9 10189:21 10266:2 10276:1 10289:8 10316:13 10393:3 10417:8 10443:15 10521:2 10545:8 10571:8 10580:2 10650:1 10674:5 10695:10 10709:1 10720:1 10776:2 10785:1 10802:2 10806:1 10821:8 10838:10 10930:2 10948:4 10967:1 11031:1 11096:2 11158:1 11225:1 11353:1 12447:3 12575:1,"{""x"":0.07812,""y"":0.23438,""w"":0.75,""h"":0.53906}"
390,train/shadows/000390.png,128,"A cleaned target silhouette shows the shadow figure from a historical hand-shadow instruction plate. Infer the expert hand-and-arm ink arrangement that produced that shadow. Submit hand_ink_rle as a 128 by 128 binary mask RLE of the hand/arm drawing, hand_bbox_json as normalized x/y/w/h of the ink mask, and confidence in [0,1].",2635:1 2762:1 2764:1 2871:2 2887:2 2891:1 3002:1 3013:1 3018:1 3132:1 3138:2 3144:3 3270:3 3396:2 3525:1 4168:6 4293:1 4300:2 4426:3 4550:5 4677:2 5419:1 6307:1 8740:1 10782:1 11417:1 12188:3 12199:1 12320:1 12324:2 12581:1 12587:1 12708:1 12716:1 12849:2 12965:1 12977:1 12982:1 13092:1 13094:1 13103:7 13193:1 13218:1 13221:2 13226:11 13321:1 13340:23 13364:1 13366:1 13447:2 13469:15 13485:3 13489:4 13495:1 13574:1 13597:4 13603:3 13607:4 13612:2 13618:2 13621:1 13700:1 13729:6 13736:1 13740:2 13747:1 13749:1 13860:2 13867:1 13870:1 13872:2 13875:1 13877:1 13993:1 13996:2 14000:2 14003:1 14119:1 14251:3 14368:4 14493:2 14764:6 14773:4 14778:2 14791:6 14798:2 14801:1 14893:6 14900:8 14919:2 14922:2 14926:4,"{""x"":0.03125,""y"":0.15625,""w"":0.60938,""h"":0.75781}"
394,train/shadows/000394.png,128,"A cleaned target silhouette shows the shadow figure from a historical hand-shadow instruction plate. Infer the expert hand-and-arm ink arrangement that produced that shadow. Submit hand_ink_rle as a 128 by 128 binary mask RLE of the hand/arm drawing, hand_bbox_json as normalized x/y/w/h of the ink mask, and confidence in [0,1].",1327:3 1454:4 1581:1 1583:1 1586:1 1709:3 1714:1 1836:2 1839:1 1842:1 1963:1 1965:1 1967:1 1969:1 2090:1 2094:1 2096:1 2218:2 2223:2 2345:3 2353:1 2481:1 2609:1 2737:2 2852:2 2866:2 2976:4 2981:1 2994:1 2996:2 3102:2 3105:4 3123:1 3125:1 3226:4 3231:1 3233:1 3235:3 3251:1 3254:1 3354:3 3358:1 3380:1 3383:1 3482:1 3484:1 3508:2 3511:2 3611:1 3637:1 3640:1 3739:1 3766:1 3769:1 3866:1 3894:2 3898:1 3994:2 4023:1 4027:1 4122:2 4151:1 4156:1 4249:3 4280:1 4285:1 4376:3 4409:2 4413:2 4504:2 4538:2 4543:1 4631:3 4670:3 4759:2 4800:1 4888:1 4928:2 5014:2 5056:2 5142:3 5185:2 5271:2 5314:1 5399:1 5441:2 5527:1 5534:1 5570:1 5655:3 5663:1 5698:2 5791:1 5825:3 5919:2 5954:2 6048:1 6082:2 6176:1 6210:3 6303:2 6338:3 6346:3 6431:3 6435:2 6465:1 6467:2 6473:1 6475:5 6559:5 6565:1 6596:2 6600:1 6602:3 6607:3 6686:6 6693:1 6723:3 6727:1 6730:6 6738:2 6814:8 6851:3 6855:1 6857:9 6867:3 6942:7 6950:1 6979:1 6981:2 6985:7 6993:2 6998:3 7071:7 7107:8 7116:2 7119:8 7128:3 7199:2 7203:4 7208:1 7235:7 7246:1 7248:2 7251:7 7259:3 7328:1 7330:1 7333:4 7365:5 7378:2 7381:2 7384:5 7390:4 7460:1 7462:7 7492:6 7505:1 7508:4 7513:6 7521:2 7575:3 7590:1 7592:1 7594:5 7620:5 7640:10 7651:1 7702:2 7721:3 7725:5 7749:4 7774:1 7777:4 7827:4 7850:1 7855:6 7878:2 7907:13 7951:1 7953:5 7983:1 7985:6 8006:2 8036:11 8048:5 8078:6 8111:1 8115:7 8134:1 8164:9 8204:2 8207:1 8209:2 8239:2 8243:9 8258:1 8261:2 8292:5 8298:1 8300:1 8329:6 8336:1 8373:3 8377:5 8385:1 8387:4 8420:1 8457:3 8503:14 8518:11 8548:1 8634:10 8645:19 8675:2 8761:1 8764:8 8774:10 8785:13 8803:2 8890:10 8912:11 8926:8 9019:7 9027:1 9046:4 9055:12 9149:7 9176:2 9184:3 9194:6 9231:1 9277:5 9283:1 9304:2 9314:1 9328:1 9358:1 9360:2 9408:2 9411:1 9432:1 9486:2 9489:4 9533:5 9560:2 9613:10 9661:6 9688:3 9741:1 9743:7 9791:2 9794:1 9816:3 9869:9 9918:3 9922:1 9945:3 9998:1 10002:1 10048:1 10050:1 10072:1 10074:1 10126:1 10129:2 10176:2 10199:2 10303:3 10327:1 10431:1 10433:1 10455:1 10559:1 10561:1 10583:1 10662:2 10711:1 10790:1 10839:1 10920:2 10967:1 11046:1 11048:1 11095:1 11223:1 11351:1 11436:2 11440:3 11479:1 11554:3 11565:3 11607:1 11680:1 11682:3 11687:5 11735:1 11807:4 11812:2 11863:1 11924:2 11934:1 12042:2 12051:1 12060:2 12171:1 12187:2 12300:4 12306:10 12392:1 12432:4 12438:2 12520:1 12648:1 12776:1 12903:2 13031:1 13806:1 13934:1 14061:1 14188:2 14316:2 14443:3 14573:2 14703:3 14833:1,"{""x"":0.07031,""y"":0.07812,""w"":0.84375,""h"":0.82812}"
395,train/shadows/000395.png,128,"A cleaned target silhouette shows the shadow figure from a historical hand-shadow instruction plate. Infer the expert hand-and-arm ink arrangement that produced that shadow. Submit hand_ink_rle as a 128 by 128 binary mask RLE of the hand/arm drawing, hand_bbox_json as normalized x/y/w/h of the ink mask, and confidence in [0,1].",4752:1 4878:1 4881:2 5001:3 5006:1 5009:1 5011:4 5082:3 5087:2 5091:1 5130:6 5141:3 5210:2 5217:1 5219:2 5256:1 5260:4 5271:3 5348:1 5384:2 5390:3 5400:4 5468:1 5470:3 5474:3 5519:4 5524:1 5531:3 5588:2 5591:5 5597:6 5643:1 5648:5 5660:4 5665:1 5707:1 5714:22 5737:2 5776:8 5789:7 5836:1 5841:12 5856:5 5862:3 5866:1 5899:3 5904:1 5906:7 5915:1 5917:9 5967:11 5984:1 5992:1 5994:1 6026:1 6029:2 6032:1 6035:2 6038:1 6040:4 6051:6 6096:3 6104:1 6112:2 6116:1 6119:3 6159:2 6167:3 6171:3 6181:1 6183:4 6224:3 6232:1 6237:13 6284:1 6288:3 6299:3 6313:6 6343:1 6352:2 6360:6 6368:2 6377:1 6417:3 6426:6 6442:5 6471:1 6486:7 6545:4 6555:10 6573:1 6600:1 6609:1 6611:4 6624:2 6632:1 6670:1 6674:6 6686:1 6689:1 6691:1 6712:1 6739:2 6745:1 6749:9 6799:1 6802:1 6804:6 6818:1 6821:1 6840:1 6867:1 6874:6 6884:1 6928:1 6931:9 6968:1 6984:1 7001:1 7003:2 7007:2 7012:1 7057:1 7061:8 7095:2 7112:2 7126:6 7135:1 7137:3 7183:4 7192:6 7223:1 7252:7 7263:1 7311:5 7322:6 7351:1 7369:1 7382:3 7387:1 7390:1 7439:1 7441:4 7453:2 7480:1 7498:1 7510:1 7517:1 7568:1 7570:3 7574:1 7583:2 7607:2 7626:2 7643:1 7697:1 7700:4 7735:2 7755:1 7758:1 7766:1 7768:2 7826:1 7829:6 7863:2 7880:1 7884:1 7894:2 7959:5 7975:1 7980:1 7991:1 8083:1 8089:4 8108:1 8136:1 8150:1 8212:1 8218:4 8272:1 8276:2 8341:1 8349:1 8358:1 8401:2 8404:1 8477:1 8529:3 8601:1 8630:1 8657:2 8730:1 8741:1 8758:1 8785:1 8860:1 8886:1 8913:1 8922:1 9015:1 9040:2 9119:1 9167:2 9178:1 9248:1 9250:1 9270:1 9294:1 9307:1 9377:2 9407:1 9422:2 9437:1 9507:2 9525:1 9637:2 9652:1 9676:1 9765:3 9780:1 9803:2 9895:2 9907:1 9931:1 9949:1 10024:1 10406:1 10430:1 10533:1 10789:1 10835:3 10964:3 11093:3 11223:1 11346:2 11474:2 11602:1 12109:1 12237:1,"{""x"":0.0625,""y"":0.28906,""w"":0.77344,""h"":0.46094}"
396,train/shadows/000396.png,128,"A cleaned target silhouette shows the shadow figure from a historical hand-shadow instruction plate. Infer the expert hand-and-arm ink arrangement that produced that shadow. Submit hand_ink_rle as a 128 by 128 binary mask RLE of the hand/arm drawing, hand_bbox_json as normalized x/y/w/h of the ink mask, and confidence in [0,1].",998:1 1002:1 1126:1 1128:3 1248:2 1253:1 1255:3 1377:4 1383:5 1392:5 1507:1 1509:2 1512:5 1530:1 1634:2 1637:3 1642:2 1653:5 1762:2 1765:1 1769:1 1779:6 1892:1 1895:1 1906:4 2021:1 2033:4 2160:2 2286:1 2420:3 2546:10 2670:6 2679:2 3376:3 3502:1 3940:1 4197:1 4325:1 4450:1 4454:1 4577:1 4579:1 4706:1 4711:1 4835:2 4964:2 4968:1 5010:5 5094:1 5096:1 5100:3 5138:5 5221:1 5225:1 5229:2 5237:1 5350:2 5353:1 5357:1 5365:1 5367:1 5396:1 5479:1 5482:1 5486:2 5494:2 5524:1 5607:2 5615:2 5620:6 5651:2 5736:1 5739:1 5743:2 5747:6 5780:1 5864:1 5872:8 5908:1 5986:1 5993:1 5996:1 6001:2 6004:6 6114:1 6121:1 6125:1 6131:7 6242:1 6249:1 6254:1 6258:7 6292:1 6371:1 6378:1 6387:4 6420:1 6499:2 6506:1 6516:5 6634:1 6645:5 6744:3 6762:1 6804:1 6873:1 6903:2 6932:1 7000:3 7030:2 7060:1 7128:4 7158:1 7256:3 7261:1 7273:1 7287:1 7384:4 7390:1 7401:1 7445:1 7513:3 7519:1 7529:2 7544:1 7573:1 7641:4 7648:1 7656:3 7662:1 7701:1 7769:3 7773:1 7778:7 7786:1 7829:1 7833:2 7897:4 7909:4 7957:1 7961:2 8026:2 8030:1 8036:6 8048:1 8084:3 8089:2 8155:2 8159:1 8162:8 8214:1 8217:1 8282:2 8288:10 8299:1 8305:1 8342:4 8410:2 8414:1 8416:3 8420:6 8427:1 8434:1 8470:3 8539:1 8543:1 8549:6 8563:1 8667:1 8671:1 8675:6 8682:2 8692:1 8800:8 8811:1 8820:2 8924:1 8928:7 8939:1 8948:2 9056:2 9059:3 9068:1 9077:2 9186:3 9196:1 9205:2 9314:1 9325:1 9333:2 9453:2 9463:1 9582:1 9590:2 9710:2 9719:2 9838:1 9846:2 9966:1 9974:3 10094:1 10102:3 10223:1 10230:3 10358:3 10480:2 10487:2 10609:1 10615:2 10743:2 10866:1 10870:1 10872:1 10995:1 10999:2 11127:1 13850:1 13977:2 13980:2 13984:3 14105:1 14109:1 14114:1 14116:1 14119:2 14123:4 14128:1 14131:1 14232:5 14241:1 14244:5 14250:1 14252:2 14256:2 14259:3 14263:1 14368:1 14370:1 14372:3 14376:1 14380:3 14384:3 14388:1 14390:1 14518:1,"{""x"":0.14062,""y"":0.05469,""w"":0.82812,""h"":0.83594}"
397,train/shadows/000397.png,128,"A cleaned target silhouette shows the shadow figure from a historical hand-shadow instruction plate. Infer the expert hand-and-arm ink arrangement that produced that shadow. Submit hand_ink_rle as a 128 by 128 binary mask RLE of the hand/arm drawing, hand_bbox_json as normalized x/y/w/h of the ink mask, and confidence in [0,1].",3379:6 3504:3 3508:1 3510:1 3512:4 3629:2 3633:6 3640:2 3645:3 3748:10 3767:1 3771:3 3777:2 3875:1 3878:3 3883:1 3902:4 3909:4 3923:16 3944:1 4003:5 4035:2 4038:1 4041:10 4054:1 4070:2 4075:1 4082:1 4122:2 4125:2 4131:4 4136:2 4142:1 4144:9 4205:2 4208:1 4210:1 4213:2 4216:1 4247:2 4256:2 4260:22 4336:1 4338:1 4387:2 4390:21 4464:1 4466:1 4517:2 4521:3 4536:5 4546:1 4592:1 4594:1 4630:1 4634:5 4644:3 4666:3 4675:1 4720:1 4722:1 4761:3 4765:5 4796:3 4802:1 4848:1 4850:1 4887:1 4889:1 4891:2 4925:2 4930:1 5014:4 5054:1 5057:2 5182:2 5185:2 5311:4 5439:3 5450:1 5567:3 5683:1 5695:2 5704:3 5803:1 5810:1 5822:2 5832:2 5930:7 5950:2 5957:1 5959:3 6053:2 6056:8 6078:2 6085:2 6088:1 6181:7 6189:1 6212:2 6215:2 6308:7 6341:3 6436:5 6467:4 6563:5 6569:1 6595:3 6692:2 6724:2 6770:1 6818:3 6851:2 6944:3 6979:2 6984:1 7071:1 7107:2 7199:1 7235:2 7364:4 7493:6 7539:1 7623:7 7667:1 7754:6 7763:1 7795:1 7884:4 7891:1 7923:1 7976:1 8002:2 8005:1 8013:1 8015:2 8019:1 8104:1 8131:10 8144:4 8260:10 8271:1 8357:1 8392:4 8398:1 8485:2 8488:1 8523:3 8527:1 8614:2 8653:3 8684:2 8797:1 8799:2 8809:3 8924:4 8936:1 9052:2 9055:1 9062:3 9187:2 9312:2 9437:2 12697:3 12822:1 12826:4 12831:2 12834:1 12836:1 12838:2 12841:1 12843:2 12846:2 12949:2 12954:1 12957:2 12960:1 12965:3 12969:1 12971:2 12975:1 13077:1 13081:2 13084:2 13087:1 13089:1 13094:2 13097:1 13099:2 13103:1 13105:1 13205:3,"{""x"":0.16406,""y"":0.20312,""w"":0.78125,""h"":0.60938}"
398,train/shadows/000398.png,128,"A cleaned target silhouette shows the shadow figure from a historical hand-shadow instruction plate. Infer the expert hand-and-arm ink arrangement that produced that shadow. Submit hand_ink_rle as a 128 by 128 binary mask RLE of the hand/arm drawing, hand_bbox_json as normalized x/y/w/h of the ink mask, and confidence in [0,1].",2502:2 2631:1 2760:1 3128:3 3258:3 3406:1 3534:2 3663:1 3735:1 3737:1 3863:1 3866:3 3878:1 3920:1 3992:1 4000:3 4006:1 4048:2 4121:1 4128:3 4135:1 4177:1 4263:1 4420:4 4548:4 4675:2 4806:7 4939:1 5050:4 5064:5 5196:1 5306:6 5565:2 6869:1 6997:2 7125:2 7253:2 7381:4 7510:3 7631:1 7634:1 7638:4 7658:1 7759:2 7762:1 7785:2 7888:1 7913:1 8015:2 8019:1 8040:4 8142:4 8168:1 8171:2 8271:2 8300:3 8400:1 8429:3 8528:1 8558:4 8657:1 8687:3 8785:2 8816:3 8914:1 8945:3 9042:1 9074:2 9170:2 9203:1 9299:2 9419:1 9427:2 9548:1 9556:2 9676:2 9685:1 9804:1 9812:1 9932:2 9941:1 10069:2 10198:1 10326:2 10454:2,"{""x"":0.17969,""y"":0.14844,""w"":0.72656,""h"":0.49219}"
399,train/shadows/000399.png,128,"A cleaned target silhouette shows the shadow figure from a historical hand-shadow instruction plate. Infer the expert hand-and-arm ink arrangement that produced that shadow. Submit hand_ink_rle as a 128 by 128 binary mask RLE of the hand/arm drawing, hand_bbox_json as normalized x/y/w/h of the ink mask, and confidence in [0,1].",2761:2 2889:3 3018:2 3785:3 3913:1 3915:1 4042:3 4172:1 4300:2 4429:1 4557:1 4793:3 4919:6 5047:2 5051:3 5180:2 5309:3 5338:1 5438:3 5465:2 5567:3 5594:1 5697:2 5721:1 5723:1 5826:1 5849:3 5977:2 6105:2 6108:1 6236:1 6343:3 6355:1 6361:2 6364:1 6471:8 6481:2 6489:2 6492:1 6609:1 6613:1 6617:2 6620:1 6733:5 6741:2 6745:2 6748:1 6861:5 6869:2 6874:1 6944:2 6997:3 7002:2 7068:5 7126:3 7131:1 7194:5 7254:5 7383:5 7511:2 7640:1 7986:1 8026:2 8114:6 8155:2 10073:2 10201:3 10329:1 10331:1 10464:1 10592:1 10718:1 10720:2 10846:1 10848:3 10974:1 10976:1 10978:1 11089:2 11104:2 11216:1 11233:1 11343:1 11360:2 11467:3 11472:4 11489:2 11595:3 11600:3 11617:1 11726:4 11745:1 12002:1 12130:2 12212:2 12242:1 12258:2 12331:2 12338:3 12369:2 12456:11 12496:1 12581:16 12622:2 12709:3 12715:2 12722:7 12746:8 12852:8 12871:11 12884:2 12899:1 12981:10 12996:17 13028:1 13113:18 13137:5 13246:9 13267:4 13396:3 13525:3 13653:3 13782:2 13911:2 14039:2 14168:1 14296:2 14424:2 14552:2 14681:2 14809:2 14938:2 15066:2,"{""x"":0.20312,""y"":0.16406,""w"":0.58594,""h"":0.75781}"
400,train/shadows/000400.png,128,"A cleaned target silhouette shows the shadow figure from a historical hand-shadow instruction plate. Infer the expert hand-and-arm ink arrangement that produced that shadow. Submit hand_ink_rle as a 128 by 128 binary mask RLE of the hand/arm drawing, hand_bbox_json as normalized x/y/w/h of the ink mask, and confidence in [0,1].",2626:1 2754:2 2882:2 3274:1 3378:2 3402:2 3506:3 3510:1 3530:2 3661:1 3918:1 4046:2 4174:2 4511:1 4621:1 4624:3 4638:2 4749:1 4752:4 4760:3 4766:2 4801:4 4877:3 4895:2 5024:1 5056:2 5065:2 5186:9 5321:2 5430:4 5446:3 5557:1 5686:6 5813:1 5817:4 5945:2 6073:4 7127:1 7255:2 7383:2 7511:2 7639:4 7768:3 7791:2 7888:1 7896:4 7919:1 8016:1 8045:6 8145:1 8148:1 8173:7 8272:2 8276:2 8306:3 8399:4 8405:1 8435:4 8527:4 8564:4 8657:1 8693:4 8785:1 8823:2 8914:1 8951:4 9042:1 9081:2 9170:2 9210:1 9299:1 9429:1 9557:2 9685:2 9814:2 9933:2 9943:2 10061:2 10071:2 10190:2 10200:1 10318:2 10328:1 10457:2 10585:2 10714:2 10842:3 10971:2,"{""x"":0.10156,""y"":0.15625,""w"":0.85938,""h"":0.51562}"
401,train/shadows/000401.png,128,"A cleaned target silhouette shows the shadow figure from a historical hand-shadow instruction plate. Infer the expert hand-and-arm ink arrangement that produced that shadow. Submit hand_ink_rle as a 128 by 128 binary mask RLE of the hand/arm drawing, hand_bbox_json as normalized x/y/w/h of the ink mask, and confidence in [0,1].",821:4 951:3 1077:1 1081:2 1205:1 1209:3 1338:2 1467:1 1588:1 1592:1 1594:2 1716:5 1722:2 1844:2 1850:2 1978:2 2096:5 2107:1 2109:3 2218:14 2240:3 2344:3 2350:2 2354:2 2366:3 2371:1 2472:2 2497:1 2500:1 2599:1 2610:1 2625:1 2628:1 2726:1 2738:1 2756:1 2865:2 2868:1 2884:1 2981:1 2993:1 3012:1 3109:1 3114:2 3121:1 3125:2 3134:1 3137:1 3141:4 3147:3 3237:1 3243:2 3248:1 3254:2 3266:1 3268:7 3280:3 3284:4 3292:1 3366:1 3370:1 3373:5 3382:1 3394:1 3396:2 3410:1 3417:4 3493:2 3503:3 3510:1 3524:2 3547:2 3621:2 3632:1 3637:1 3652:2 3676:1 3749:2 3760:2 3765:1 3780:2 3790:1 3803:2 3876:3 3887:2 3905:2 3908:5 3915:1 3918:1 3930:1 4004:1 4006:1 4015:1 4033:2 4036:2 4039:3 4043:3 4047:3 4052:1 4055:2 4132:1 4143:2 4164:2 4178:1 4183:1 4259:2 4305:1 4312:1 4387:2 4399:2 4432:1 4440:1 4516:1 4553:1 4555:2 4561:1 4566:2 4644:1 4646:1 4655:1 4681:1 4683:1 4685:1 4692:1 4772:1 4809:3 4816:4 4899:3 5027:1 5041:1 5155:2 5166:1 5169:1 5282:2 5294:1 5297:1 5411:1 5421:1 5538:2 5550:1 5553:1 5667:2 5681:1 5795:2 5923:2 6051:3 6179:3 6307:2 6435:2 6564:2 6693:1 6821:2 6949:1 7077:2 7335:1 7462:1 7590:1 7717:3 7846:3 7973:2 8098:1 8100:4 8127:1 8226:4 8231:1 8246:1 8248:1 8354:4 8373:3 8382:1 8481:4 8493:1 8509:1 8609:4 8620:2 8636:1 8731:10 8747:2 8762:2 8858:3 8865:3 8875:2 8891:1 8985:4 8990:1 8995:2 9018:2 9114:3 9118:1 9124:2 9131:1 9241:4 9252:2 9259:1 9369:2 9373:1 9497:1 9501:1 9509:2 9514:1 9624:3 9638:2 9642:1 9751:4 9766:2 9879:2 9882:1 9895:2 10005:4 10010:1 10132:3 10136:1 10139:2 10153:3 10257:1 10261:1 10263:1 10265:1 10268:1 10271:1 10284:1 10304:1 10388:1 10395:2 10399:1 10410:1 10413:1 10510:1 10514:1 10518:1 10520:1 10527:1 10539:1 10561:1 10641:1 10645:1 10648:1 10655:1 10686:2 10690:1 10773:1 10776:1 10780:1 10783:2 10796:1 10814:1 10818:1 10896:1 10898:1 10908:1 10911:3 10925:1 10943:1 10945:1 11028:1 11036:1 11039:2 11053:2 11073:1 11075:2 11156:1 11164:1 11167:3 11183:1 11201:1 11204:1 11293:1 11296:2 11330:1 11332:1 11412:1 11421:1 11424:2 11459:2 11540:1 11549:1 11552:1 11587:2 11668:1 11677:1 11805:1 11844:1 11923:1 11933:1 11961:1 12051:1 12061:1 12089:1 12102:1 12179:1 12189:1 12218:1 12230:1 12325:1 12346:1 12435:1 12453:1 12474:1 12484:1 12602:1 12722:1 12726:2 12730:1 12739:1 12831:1 12850:1 12854:1 12858:1 12866:1 12959:1 12979:1 12981:1 12986:1 12992:3 13087:1 13101:1 13108:2 13114:1 13120:1 13215:1 13228:1 13235:3 13242:1 13248:3 13343:1 13356:1 13363:5 13371:1 13375:4 13484:1 13490:6 13499:1 13502:5 13611:1 13616:8 13627:1 13631:4 13729:1 13731:1 13741:9 13751:2 13755:1 13760:3 13857:1 13869:12 13883:1 13885:4 13890:1 13985:1 13995:2 13998:2 14002:2 14005:1 14007:1 14011:1 14013:1 14016:2 14113:1 14116:2 14121:1 14125:1 14127:1 14129:3 14133:1 14139:6 14242:1 14258:1 14261:1 14265:1 14267:3 14370:2 14380:1 14394:1 14396:5 14498:1 14524:4 14651:5 14779:4,"{""x"":0.10938,""y"":0.04688,""w"":0.61719,""h"":0.85938}"
402,train/shadows/000402.png,128,"A cleaned target silhouette shows the shadow figure from a historical hand-shadow instruction plate. Infer the expert hand-and-arm ink arrangement that produced that shadow. Submit hand_ink_rle as a 128 by 128 binary mask RLE of the hand/arm drawing, hand_bbox_json as normalized x/y/w/h of the ink mask, and confidence in [0,1].",2723:2 2846:4 2855:4 2971:2 2985:3 3117:2 3247:1 3359:2 3362:2 3376:2 3485:3 3492:2 3506:2 3608:1 3610:3 3621:2 3638:2 3737:1 3753:2 3768:1 3883:3 3897:1 4015:1 4026:1 4144:3 4155:1 4274:4 4406:1 4412:1 4534:1 4540:1 4663:1 4669:1 4778:6 4792:1 4798:1 4927:1 5041:1 5056:1 5185:1 5314:1 5443:1 5572:1 5664:4 5673:3 5700:1 5805:1 5829:1 5934:1 5958:1 6214:1 6287:1 6343:1 6415:1 6472:1 6543:2 6558:1 6667:1 6669:2 6730:1 6796:1 6859:2 6922:1 6928:1 6989:1 6997:5 7118:2 7123:2 7130:3 7135:1 7248:3 7253:3 7263:1 7376:3 7391:1 7503:4 7518:2 7630:3 7647:1 7758:3 7773:12 7886:3 7901:1 7905:2 7909:1 7911:3 8013:4 8029:8 8042:1 8141:3 8157:2 8160:1 8172:2 8269:3 8284:1 8288:8 8302:2 8396:3 8412:3 8419:1 8424:1 8433:2 8500:1 8502:1 8524:3 8540:1 8548:2 8555:8 8628:4 8651:3 8668:1 8678:1 8690:2 8758:4 8778:2 8781:1 8806:2 8820:2 8886:4 8891:1 8906:4 9016:5 9033:3 9051:1 9064:1 9110:1 9145:7 9160:3 9178:1 9182:1 9193:1 9232:1 9238:1 9274:7 9287:4 9306:1 9321:1 9360:6 9404:7 9415:3 9433:1 9436:2 9439:1 9450:1 9489:6 9533:7 9542:1 9545:1 9561:1 9564:1 9567:1 9579:1 9619:16 9662:11 9691:2 9708:1 9751:18 9770:1 9791:10 9816:1 9824:1 9837:1 9884:15 9919:10 9944:3 9952:1 9966:1 10010:1 10015:12 10047:10 10072:2 10080:1 10095:1 10129:3 10143:1 10146:9 10175:10 10199:2 10208:2 10224:1 10259:4 10265:1 10269:2 10274:8 10303:1 10305:8 10327:1 10337:1 10391:7 10404:7 10430:10 10454:1 10464:2 10523:2 10535:10 10559:3 10563:4 10592:2 10650:1 10669:5 10689:4 10694:1 10719:3 10778:1 10798:4 10817:1 10820:2 10847:3 10948:2 10967:1 10975:3 11077:1 11096:1 11104:3 11233:2 11363:1 11620:1 11749:1 12889:1 13017:1 13146:1,"{""x"":0.07812,""y"":0.16406,""w"":0.84375,""h"":0.64062}"
403,train/shadows/000403.png,128,"A cleaned target silhouette shows the shadow figure from a historical hand-shadow instruction plate. Infer the expert hand-and-arm ink arrangement that produced that shadow. Submit hand_ink_rle as a 128 by 128 binary mask RLE of the hand/arm drawing, hand_bbox_json as normalized x/y/w/h of the ink mask, and confidence in [0,1].",4239:1 4250:1 4256:5 4293:2 4361:7 4373:2 4379:2 4387:1 4392:1 4417:3 4423:1 4425:2 4494:1 4496:1 4499:1 4520:9 4536:3 4541:2 4546:3 4550:2 4556:2 4622:1 4624:2 4657:11 4669:3 4684:6 4750:1 4752:1 4816:1 4818:1 4820:5 4878:1 4880:1 4933:2 4947:1 4952:1 5006:1 5008:1 5059:5 5065:1 5067:1 5075:5 5136:1 5179:1 5187:15 5207:2 5306:1 5312:6 5319:13 5333:3 5339:5 5440:4 5457:5 5464:2 5473:2 5563:1 5567:1 5569:1 5585:3 5590:1 5603:2 5691:2 5694:2 5717:3 5726:1 5819:2 5822:2 5849:3 5853:2 5856:2 5947:4 5980:6 6076:2 6111:4 6116:1 6195:1 6204:2 6242:3 6323:2 6331:3 6452:2 6460:2 6580:2 6583:1 6589:1 6601:1 6709:1 6711:2 6717:2 6730:1 6732:2 6735:1 6797:1 6837:4 6860:5 6966:4 6990:4 6996:2 7095:3 7120:6 7223:2 7249:2 7252:3 7352:2 7378:5 7435:1 7475:1 7479:2 7507:5 7563:1 7607:2 7636:2 7691:1 7734:2 7765:3 7819:1 7860:4 7895:2 7947:1 7983:4 7988:2 8026:1 8105:1 8109:8 8236:5 8361:1 8363:2 8490:1 8493:1 8500:6 8620:13 8721:1 8748:1 8753:3 8849:3 8858:1 8860:4 8876:5 8913:1 8981:2 8988:3 9040:1 9117:1 9119:1 9171:1 9241:2 9247:1 9299:1 9372:2 9425:2 9503:1 13255:2 13258:1 13260:1 13262:1 13383:4 13388:1 13390:1 13393:1 13395:3 13399:2 13402:2 13509:1 13511:1 13514:3 13520:1 13524:2 13527:1 13529:3 13534:1 13647:1 13649:2 13652:3 13656:1 13658:2 13663:1 13786:2 13789:1 13791:2,"{""x"":0.07031,""y"":0.25781,""w"":0.71875,""h"":0.58594}"
405,train/shadows/000405.png,128,"A cleaned target silhouette shows the shadow figure from a historical hand-shadow instruction plate. Infer the expert hand-and-arm ink arrangement that produced that shadow. Submit hand_ink_rle as a 128 by 128 binary mask RLE of the hand/arm drawing, hand_bbox_json as normalized x/y/w/h of the ink mask, and confidence in [0,1].",2613:3 2767:1 2875:2 2894:1 2896:1 3016:1 3019:1 3023:1 3136:1 3142:1 3149:2 3275:2 3278:1 3401:4 3529:2 4176:1 4293:1 4295:1 4298:7 4431:2 4556:4 4681:3 5291:2 5544:1 6306:2 8229:1 8356:1 8998:1 10648:1 10775:2 10903:1 11545:2 11803:1 11805:6 12067:1 12193:1 12200:1 12321:1 12328:1 12422:1 12450:1 12456:1 12549:1 12577:1 12590:1 12675:2 12701:4 12706:1 12718:1 12723:1 12802:2 12825:1 12829:1 12831:2 12834:1 12840:1 12845:6 12928:1 12953:25 13082:3 13086:17 13104:1 13106:1 13212:5 13218:6 13225:8 13344:3 13348:1 13352:2 13357:3 13479:3 13487:1 13489:1 13606:1 13610:4 13615:3 13731:1 13739:3 13743:1 13849:1 13853:4 13863:2 13978:1 13993:2 14504:6 14513:4 14518:1 14632:6 14639:9 14659:3 14786:2 14789:3 14793:2 14796:2 14917:2 14921:4,"{""x"":0.0,""y"":0.15625,""w"":0.63281,""h"":0.75781}"
406,train/shadows/000406.png,128,"A cleaned target silhouette shows the shadow figure from a historical hand-shadow instruction plate. Infer the expert hand-and-arm ink arrangement that produced that shadow. Submit hand_ink_rle as a 128 by 128 binary mask RLE of the hand/arm drawing, hand_bbox_json as normalized x/y/w/h of the ink mask, and confidence in [0,1].",1736:2 1865:2 1994:1 2633:1 2760:3 2889:1 2891:1 3017:2 3020:1 3148:2 3276:2 3405:2 3534:2 4026:1 4150:4 4155:3 4279:3 4283:3 4316:1 4407:2 4413:2 4443:3 4541:2 4572:2 4670:3 4700:2 4799:3 4827:3 4928:2 4955:1 4957:1 5057:2 5083:1 5085:1 5185:2 5212:1 5214:1 5340:1 5342:1 5453:3 5458:3 5468:1 5470:1 5576:7 5586:4 5596:1 5598:1 5706:3 5714:2 5719:1 5724:1 5726:1 5838:6 5847:1 5852:1 5854:1 5975:2 5980:1 6103:3 6108:2 6232:3 6237:1 6361:5 6489:6 6559:1 6618:3 6686:2 6747:1 6811:4 6937:5 7133:3 7261:3 7390:2 7474:2 7602:6 7733:4 9438:3 9568:1 9695:1 9701:2 9826:3 9830:1 9955:2 9958:1 10083:2 10086:1 10088:1 10211:2 10215:2 10342:2 10454:1 10470:2 10580:2 10598:2 10707:2 10712:1 10726:3 10834:2 10838:2 10854:2 10959:3 10964:3 10983:2 11091:4 11112:1 11219:1 11221:2 11369:1 11497:2 11608:1 11626:1 11735:1 11862:1 11989:2 12087:2 12115:3 12139:1 12206:1 12212:4 12240:8 12267:2 12331:12 12367:9 12377:4 12457:17 12493:14 12585:3 12591:5 12599:10 12618:7 12632:5 12713:2 12728:12 12743:9 12762:3 12858:3 12862:15 12891:3 12996:3 13019:3 13126:1 13148:2 13276:4 13406:2 13535:2 13663:2 13791:3 13919:4 14048:3 14176:3 14305:2 14434:2 14564:1 14692:1,"{""x"":0.19531,""y"":0.10156,""w"":0.65625,""h"":0.79688}"
410,train/shadows/000410.png,128,"A cleaned target silhouette shows the shadow figure from a historical hand-shadow instruction plate. Infer the expert hand-and-arm ink arrangement that produced that shadow. Submit hand_ink_rle as a 128 by 128 binary mask RLE of the hand/arm drawing, hand_bbox_json as normalized x/y/w/h of the ink mask, and confidence in [0,1].",1697:3 1824:1 1826:2 1952:1 1954:2 2080:1 2083:2 2209:1 2213:1 2341:2 2465:1 2470:2 2593:1 2598:2 2721:1 2728:1 2851:1 2856:2 2978:2 2985:2 3107:1 3114:2 3243:1 3354:6 3364:1 3370:2 3477:1 3484:1 3490:2 3493:1 3498:4 3603:6 3623:1 3629:1 3732:1 3737:5 3750:1 3756:2 3861:13 3878:2 3884:3 3990:14 4013:2 4128:4 4135:1 4141:5 4257:3 4263:1 4269:7 4387:2 4391:1 4397:2 4404:1 4513:4 4519:1 4525:2 4640:1 4642:4 4647:1 4652:4 4768:1 4770:4 4775:1 4781:5 4893:3 4898:7 4911:3 5019:2 5024:1 5030:3 5039:3 5151:1 5157:2 5160:1 5167:4 5279:1 5285:4 5296:2 5412:5 5424:2 5528:1 5531:4 5538:7 5655:1 5659:4 5666:7 5786:5 5794:7 5910:1 5914:6 5921:7 6040:1 6042:5 6051:5 6164:2 6168:8 6179:5 6291:1 6294:2 6297:5 6307:7 6419:1 6421:1 6424:1 6426:5 6432:1 6435:6 6546:1 6548:1 6551:10 6563:5 6672:2 6679:8 6688:1 6691:6 6799:2 6803:1 6806:8 6816:1 6819:6 6927:1 6931:1 6934:8 6943:1 6948:4 7054:1 7058:2 7061:3 7065:5 7075:5 7186:1 7188:3 7193:1 7195:3 7204:2 7309:1 7313:2 7316:2 7322:4 7332:4 7437:1 7441:4 7451:2 7460:3 7472:1 7564:1 7579:2 7588:3 7601:1 7692:1 7708:2 7717:1 7728:2 7821:1 7836:1 7845:1 7964:1 7973:1 8076:1 8092:1 8204:1 8332:1 8348:1 8476:1 8587:1 8604:1 8715:1 8732:1 8842:2 8854:1 8860:1 8970:2 8979:4 8987:2 9097:3 9108:11 9225:2 9235:1 9237:10 9354:1 9365:1 9367:2 9370:5 9482:1 9490:1 9492:2 9495:1 9497:4 9502:1 9608:2 9623:4 9628:1 9630:1 9736:2 9739:1 9747:2 9750:1 9753:6 9864:2 9868:1 9876:1 9881:5 9992:3 9997:1 10003:1 10009:3 10122:1 10126:1 10136:4 10247:1 10250:1 10255:1 10257:1 10264:3 10375:1 10387:1 10391:4 10513:1 10517:6 10540:1 10639:1 10643:2 10646:5 10665:4 10767:1 10770:8 10794:2 10895:1 10898:5 10904:1 10921:3 11024:1 11027:4 11032:1 11046:1 11048:3 11153:6 11161:1 11174:4 11282:5 11290:1 11302:4 11410:2 11418:1 11428:5 11538:4 11547:2 11556:4 11663:1 11666:4 11677:1 11683:5 11807:1 11810:6 11936:1 11938:3 11942:3 12065:1 12067:7 12195:6 12202:1 12325:6 12457:3 12583:4 12706:8 12834:8 12963:6 13091:5 13219:6 13347:5 13474:6 13601:6 13728:6 13855:3 13859:3 13985:4 14113:4 14238:3 14242:2 14367:3 14493:4 14498:2 14621:4 14626:1 14748:5 14876:1,"{""x"":0.05469,""y"":0.10156,""w"":0.35938,""h"":0.8125}"
411,train/shadows/000411.png,128,"A cleaned target silhouette shows the shadow figure from a historical hand-shadow instruction plate. Infer the expert hand-and-arm ink arrangement that produced that shadow. Submit hand_ink_rle as a 128 by 128 binary mask RLE of the hand/arm drawing, hand_bbox_json as normalized x/y/w/h of the ink mask, and confidence in [0,1].",3004:1 3132:2 3135:1 3260:2 3263:2 3277:1 3388:2 3392:1 3403:1 3406:1 3516:2 3534:1 3644:2 3648:2 3658:1 3661:2 3772:1 3776:2 3789:2 3904:2 3913:1 3917:2 4027:1 4032:2 4041:1 4045:2 4155:1 4160:2 4168:1 4172:3 4282:1 4288:1 4295:1 4300:2 4410:1 4415:2 4422:1 4427:3 4543:2 4554:1 4556:1 4665:1 4671:2 4681:4 4792:1 4798:2 4809:4 4919:1 4925:3 4930:1 4936:4 5046:1 5053:2 5057:1 5064:3 5172:1 5181:2 5184:1 5192:2 5299:1 5308:2 5311:1 5319:3 5325:4 5426:1 5436:2 5444:1 5447:2 5553:1 5563:3 5569:6 5679:2 5693:2 5803:3 5928:2 5938:1 5965:1 6053:2 6093:2 6178:3 6189:2 6217:7 6304:3 6337:6 6344:8 6406:2 6430:1 6467:2 6470:12 6534:1 6536:1 6556:2 6559:1 6597:8 6606:4 6662:1 6666:1 6683:1 6727:5 6737:2 6790:1 6795:2 6809:1 6857:3 6861:1 6867:1 6918:1 6924:8 6936:1 6987:4 7056:3 7060:1 7063:1 7118:2 7181:1 7183:2 7187:5 7248:1 7309:1 7315:2 7318:1 7443:1 7558:1 7571:1 7685:2 7699:1 7769:1 7812:1 7826:2 7898:1 7943:1 7955:1 8000:1 8028:1 8072:1 8083:1 8128:2 8211:1 8256:4 8339:1 8385:5 8457:1 8467:1 8514:8 8585:1 8595:1 8644:7 8711:1 8713:1 8723:1 8775:5 8839:1 8841:1 8851:2 8905:6 8970:1 8980:1 9035:2 9038:2 9096:1 9098:1 9108:1 9163:1 9168:2 9225:1 9236:2 9269:1 9299:1 9353:2 9365:1 9396:3 9429:2 9481:3 9493:1 9524:3 9609:3 9621:2 9738:2 9749:2 9866:3 9993:2 9996:2 10122:1 10124:2 10250:1 10252:1 10254:1 10378:1 10381:2 10507:1 10509:2 10635:5 10764:1 10766:2 10892:4 11021:4 11150:3 11278:4 11407:3 11533:1 11535:3 11541:1 11661:6 11668:2 11789:2 11792:3 11796:1 11918:1 11921:2 12046:3 12050:2 12174:2 12301:2 12428:2 12556:1 12684:1 13835:1 13962:1 13964:1 14091:1 14095:2 14218:1 14223:2 14350:2 14478:1 14605:1 14733:1,"{""x"":0.03125,""y"":0.17969,""w"":0.69531,""h"":0.72656}"
413,train/shadows/000413.png,128,"A cleaned target silhouette shows the shadow figure from a historical hand-shadow instruction plate. Infer the expert hand-and-arm ink arrangement that produced that shadow. Submit hand_ink_rle as a 128 by 128 binary mask RLE of the hand/arm drawing, hand_bbox_json as normalized x/y/w/h of the ink mask, and confidence in [0,1].",1679:2 1682:1 1807:5 1937:3 2065:4 2192:3 2320:2 2340:1 2468:2 2596:2 2724:3 2851:4 2979:2 2982:1 3107:2 3110:1 3238:1 3359:2 3366:1 3487:2 3494:1 3615:2 3622:1 3743:2 3750:1 3870:3 3877:2 3997:4 4005:2 4125:4 4253:3 4381:3 4508:3 4636:2 4763:3 4890:4 5016:5 5143:3 5270:1 5399:1 5526:2 5653:2 5780:3 5908:2 5915:1 6035:3 6042:2 6163:2 6168:6 6291:2 6296:6 6424:1 6426:1 6428:2 6554:1 6556:3 6684:3 6811:4 6939:2 6942:1 7067:2 7070:1 7195:4 7242:2 7326:1 7370:2 7496:4 7624:4 7752:4 7880:2 8008:2 8136:2 8262:4 8390:4 8518:3 8645:4 8773:3 8901:2 9028:3 9156:3 9280:1 9284:2 9297:2 9408:5 9425:2 9535:6 9552:3 9662:7 9679:3 9783:1 9790:6 9806:3 9822:1 9910:2 9917:6 9933:2 9949:3 10034:6 10044:7 10060:3 10077:2 10161:6 10170:5 10176:2 10186:4 10204:3 10285:9 10295:1 10297:6 10312:5 10332:2 10412:9 10422:8 10439:4 10460:2 10539:9 10549:5 10555:2 10564:7 10587:2 10666:8 10675:3 10679:1 10690:9 10714:3 10778:2 10793:7 10801:3 10805:3 10815:5 10841:3 10906:2 10920:14 10939:7 10968:3 11034:3 11044:18 11065:7 11097:2 11161:1 11163:3 11172:12 11192:5 11224:2 11287:4 11292:3 11302:4 11313:17 11352:1 11411:5 11418:4 11431:3 11441:2 11455:2 11463:1 11479:2 11537:5 11545:3 11549:1 11556:4 11583:10 11606:3 11662:5 11672:2 11684:4 11712:10 11734:2 11788:5 11799:2 11812:3 11842:9 11862:2 11916:3 11940:3 11971:8 11989:2 12068:3 12102:3 12116:3 12197:2 12243:4 12315:8 12325:2 12371:3 12437:14 12453:2 12456:1 12531:3 12563:10 12575:4 12581:4 12658:4 12690:8 12703:5 12710:3 12721:4 12786:4 12819:1 12821:4 12829:8 12838:1 12840:4 12848:5 12914:4 12948:3 12956:3 12960:5 12968:4 12974:8 13076:2 13081:2 13084:8 13097:1 13103:8 13209:5 13215:1 13231:8 13240:1 13337:3 13341:2 13363:4 13368:3 13462:1 13466:1 13492:3 13496:4 13509:1 13588:1 13590:2 13624:6 13635:3 13716:4 13763:3 13767:2 13891:6,"{""x"":0.09375,""y"":0.10156,""w"":0.82812,""h"":0.75}"
414,train/shadows/000414.png,128,"A cleaned target silhouette shows the shadow figure from a historical hand-shadow instruction plate. Infer the expert hand-and-arm ink arrangement that produced that shadow. Submit hand_ink_rle as a 128 by 128 binary mask RLE of the hand/arm drawing, hand_bbox_json as normalized x/y/w/h of the ink mask, and confidence in [0,1].",2113:2 2240:1 2242:2 2369:1 2497:1 2500:1 2512:2 2625:1 2627:2 2639:1 2642:1 2752:1 2756:2 2880:1 2884:2 2894:1 2897:1 3012:2 3022:1 3025:2 3135:1 3140:2 3149:1 3154:1 3268:2 3281:2 3390:1 3396:2 3404:1 3409:2 3518:1 3522:3 3531:1 3536:3 3651:2 3658:1 3663:4 3773:1 3778:2 3785:1 3790:4 3900:1 3906:2 3912:1 3917:4 4027:1 4034:2 4039:1 4045:4 4154:2 4161:2 4166:1 4172:4 4281:1 4289:2 4293:1 4300:3 4408:1 4416:2 4420:1 4428:3 4534:2 4544:4 4555:3 4660:2 4671:2 4680:1 4683:2 4690:3 4786:2 4799:2 4805:6 4910:3 4928:3 5035:2 5046:1 5048:1 5160:2 5172:3 5256:1 5286:2 5383:1 5385:1 5412:1 5460:1 5511:1 5514:1 5537:2 5576:2 5579:9 5644:1 5662:4 5701:15 5766:1 5772:5 5788:1 5832:13 5894:1 5901:6 5915:1 5961:6 5968:5 6022:1 6028:3 6033:5 6041:2 6090:6 6100:2 6150:1 6157:2 6160:1 6165:4 6221:3 6230:1 6292:2 6295:1 6352:2 6406:1 6420:1 6422:2 6481:2 6534:1 6548:1 6611:2 6661:1 6676:1 6740:1 6791:1 6803:2 6919:1 6931:2 7048:1 7059:2 7177:1 7187:2 7261:1 7305:1 7315:2 7390:1 7433:1 7493:1 7520:2 7561:1 7572:1 7619:4 7687:1 7689:1 7700:1 7747:6 7816:1 7818:1 7828:1 7877:8 7946:1 7956:1 8007:7 8074:1 8084:2 8138:5 8202:2 8213:1 8268:5 8329:3 8341:1 8399:3 8458:2 8469:1 8526:1 8529:3 8586:2 8598:1 8660:1 8713:4 8726:2 8759:3 8790:2 8843:1 8854:2 8887:3 8920:1 8969:1 8971:2 9097:5 9226:4 9354:3 9483:4 9611:1 9613:2 9740:2 9743:1 9867:1 9869:3 9995:5 10124:1 10126:3 10252:5 10381:4 10509:5 10638:4 10766:4 10773:1 10892:1 10895:3 10900:1 11021:2 11025:2 11149:3 11153:2 11278:1 11282:1 11404:3 11532:1 11660:1 11786:2 11914:1 12041:1 13065:1 13192:1 13194:1 13321:1 13325:3 13452:4 13576:1 13580:3 13703:1 13708:1 13835:2 13963:2 14091:1,"{""x"":0.03906,""y"":0.125,""w"":0.72656,""h"":0.74219}"
415,train/shadows/000415.png,128,"A cleaned target silhouette shows the shadow figure from a historical hand-shadow instruction plate. Infer the expert hand-and-arm ink arrangement that produced that shadow. Submit hand_ink_rle as a 128 by 128 binary mask RLE of the hand/arm drawing, hand_bbox_json as normalized x/y/w/h of the ink mask, and confidence in [0,1].",2100:4 2227:3 2231:1 2354:4 2359:1 2482:2 2485:1 2487:1 2609:2 2612:1 2614:1 2737:2 2740:3 2864:2 2870:1 2998:1 3127:1 3255:1 3366:1 3369:4 3383:2 3491:3 3495:2 3498:3 3512:2 3618:3 3622:2 3625:4 3640:1 3642:1 3746:1 3748:1 3769:1 3771:1 3874:1 3876:1 3897:1 4003:1 4026:1 4028:1 4131:1 4154:1 4156:2 4258:1 4283:1 4285:2 4385:3 4411:1 4414:2 4513:2 4540:1 4544:2 4640:1 4669:1 4673:1 4767:2 4798:1 4802:1 4894:2 4926:1 4930:1 5022:1 5057:2 5150:2 5187:1 5278:3 5315:2 5406:2 5443:2 5535:1 5541:1 5571:2 5663:2 5700:2 5798:1 5828:2 5926:1 5956:2 6054:2 6084:3 6183:1 6212:3 6311:1 6340:3 6438:2 6469:2 6565:5 6571:1 6596:3 6693:5 6699:1 6725:3 6731:4 6821:6 6853:3 6858:1 6860:2 6864:2 6950:6 6982:4 6988:5 6994:3 7079:5 7085:1 7110:4 7115:8 7124:3 7206:7 7237:8 7246:1 7248:4 7254:2 7326:2 7337:1 7339:6 7365:6 7373:1 7375:1 7377:1 7379:4 7384:2 7453:1 7467:1 7469:1 7471:4 7494:5 7504:1 7506:3 7510:5 7578:4 7598:2 7601:4 7622:5 7636:6 7643:3 7704:5 7731:4 7750:4 7768:2 7771:2 7775:2 7828:1 7831:1 7833:3 7859:5 7879:3 7898:6 7905:1 7954:4 7959:2 7987:1 7990:4 8007:2 8028:1 8031:4 8081:6 8119:6 8135:1 8160:8 8169:3 8209:1 8248:8 8258:2 8261:3 8289:10 8300:4 8379:9 8389:1 8391:2 8417:8 8507:4 8512:4 8517:12 8545:1 8636:8 8645:1 8647:16 8673:1 8765:7 8773:1 8777:7 8785:9 8801:1 8857:1 8895:6 8912:1 8915:5 8922:3 8929:2 8981:1 8983:1 8986:1 9024:5 9045:3 9052:7 9109:8 9152:5 9175:1 9181:11 9236:8 9280:1 9282:3 9303:1 9311:1 9321:2 9364:1 9366:6 9407:3 9411:1 9430:1 9451:2 9492:2 9495:4 9536:2 9558:2 9621:1 9663:4 9686:3 9749:1 9792:1 9794:1 9814:3 9920:1 9922:1 9941:1 9944:1 10048:1 10050:1 10069:1 10154:1 10176:2 10197:1 10282:1 10303:1 10305:1 10325:1 10410:1 10412:2 10453:1 10581:1 10709:1 10804:2 10837:1 10927:5 10965:1 11044:1 11046:3 11051:4 11093:1 11162:2 11171:1 11173:2 11176:2 11221:1 11282:1 11290:1 11298:1 11349:1 11410:1 11423:2 11477:1 11542:9 12131:1 12259:1 12387:1 12514:2 12642:1 13288:1 13416:1 13543:1 13671:1 13799:1 13927:2 14056:2 14186:2,"{""x"":0.13281,""y"":0.125,""w"":0.74219,""h"":0.74219}"
416,train/shadows/000416.png,128,"A cleaned target silhouette shows the shadow figure from a historical hand-shadow instruction plate. Infer the expert hand-and-arm ink arrangement that produced that shadow. Submit hand_ink_rle as a 128 by 128 binary mask RLE of the hand/arm drawing, hand_bbox_json as normalized x/y/w/h of the ink mask, and confidence in [0,1].",1739:1 1866:1 1868:1 1992:2 1995:1 2105:2 2118:1 2122:1 2244:1 2249:2 2364:1 2369:1 2375:1 2377:1 2501:3 2629:2 3400:6 3525:1 3532:2 3659:2 3783:5 3909:2 3912:1 4777:3 5159:1 5539:1 6050:1 8100:1 8228:1 8871:1 10905:1 11033:1 11161:1 11931:5 11942:1 12197:1 12324:1 12331:1 12460:1 12581:1 12587:1 12593:1 12708:1 12721:1 12726:1 12834:3 12838:1 12849:6 12937:1 12961:3 12965:1 12974:8 13065:2 13085:2 13088:21 13110:1 13192:1 13212:19 13232:3 13236:3 13318:2 13340:3 13345:2 13350:6 13357:1 13361:3 13366:2 13445:1 13472:8 13484:2 13491:1 13493:2 13605:1 13607:1 13612:1 13616:2 13619:1 13621:1 13738:2 13742:3 13747:1 13864:2 13868:1 13872:1 13875:1 13990:1 14114:1 14122:2 14237:1 14239:3 14636:6 14645:4 14650:2 14663:6 14670:2 14673:1 14765:6 14772:8 14791:2 14794:2 14798:4,"{""x"":0.03906,""y"":0.10156,""w"":0.60156,""h"":0.80469}"
417,train/shadows/000417.png,128,"A cleaned target silhouette shows the shadow figure from a historical hand-shadow instruction plate. Infer the expert hand-and-arm ink arrangement that produced that shadow. Submit hand_ink_rle as a 128 by 128 binary mask RLE of the hand/arm drawing, hand_bbox_json as normalized x/y/w/h of the ink mask, and confidence in [0,1].",3175:2 3178:1 3182:2 3302:2 3307:6 3428:1 3435:3 3441:1 3556:1 3562:3 3568:1 3682:2 3689:4 3808:2 3811:1 3813:1 3815:4 3823:1 3934:4 3941:5 4060:2 4064:1 4069:5 4188:3 4196:5 4202:1 4205:1 4208:1 4315:1 4317:1 4324:4 4330:1 4332:2 4336:1 4441:5 4447:1 4450:4 4459:2 4463:1 4567:5 4575:6 4585:3 4694:5 4702:7 4712:3 4718:1 4820:3 4824:1 4830:4 4839:4 4845:1 4947:4 4956:6 4966:4 5074:2 5079:1 5084:3 5093:3 5097:1 5100:1 5150:3 5200:3 5211:2 5220:6 5228:1 5275:4 5280:1 5326:3 5338:2 5347:6 5355:1 5357:1 5401:1 5454:3 5465:1 5473:1 5475:4 5482:4 5526:2 5535:1 5542:1 5550:2 5590:1 5594:2 5600:5 5609:5 5658:4 5664:9 5674:2 5677:2 5727:6 5736:4 5741:1 5783:23 5853:6 5863:4 5912:21 5941:1 5956:1 5981:3 5990:4 5996:1 6038:5 6045:4 6058:3 6084:1 6109:2 6117:5 6123:1 6163:5 6172:1 6180:1 6196:1 6212:2 6245:4 6290:1 6292:3 6299:2 6308:1 6341:1 6373:3 6379:1 6418:1 6420:2 6424:8 6434:5 6442:1 6469:1 6499:4 6506:1 6547:3 6551:2 6555:2 6559:3 6564:6 6581:1 6598:1 6615:1 6624:1 6626:3 6633:1 6675:1 6691:1 6696:2 6708:2 6726:2 6738:1 6743:1 6753:4 6760:1 6803:1 6812:2 6818:1 6837:1 6854:2 6866:1 6871:1 6881:2 6933:1 6937:10 6948:1 6964:2 6982:2 6994:1 7009:1 7062:4 7070:9 7092:1 7111:1 7128:1 7137:1 7193:1 7201:1 7203:7 7219:2 7239:1 7256:1 7268:1 7321:1 7323:4 7331:1 7334:3 7395:1 7451:4 7459:1 7464:1 7474:1 7477:1 7514:1 7584:3 7602:1 7650:1 7716:3 7720:1 7735:2 7753:1 7776:1 7848:2 7858:1 7881:1 7903:1 7976:2 7983:1 8009:1 8030:1 8105:1 8137:1 8234:2 8237:2 8265:1 8284:2 8364:3 8394:1 8411:2 8493:2 8522:1 8538:2 8622:1 8651:1 8653:1 8665:3 8751:2 8770:1 8780:2 8793:1 8880:3 8910:1 8999:1 9010:1 9038:1 9127:1 9138:2 9254:1 9269:1 9308:1 9380:1 9397:2 9526:1 9565:1 10671:2 10798:2 10924:3 11053:1 11058:1 11186:1 11313:2 11704:1 11832:1,"{""x"":0.14062,""y"":0.1875,""w"":0.75,""h"":0.53906}"
418,train/shadows/000418.png,128,"A cleaned target silhouette shows the shadow figure from a historical hand-shadow instruction plate. Infer the expert hand-and-arm ink arrangement that produced that shadow. Submit hand_ink_rle as a 128 by 128 binary mask RLE of the hand/arm drawing, hand_bbox_json as normalized x/y/w/h of the ink mask, and confidence in [0,1].",2393:1 2395:1 2521:1 2523:1 2648:2 2776:2 2903:2 3031:2 3158:2 3285:2 3291:1 3413:2 3418:2 3540:1 3546:1 3667:1 3794:2 3801:1 3921:2 3929:1 3936:1 4049:1 4056:1 4058:2 4064:1 4067:5 4177:2 4184:1 4201:1 4305:2 4311:1 4320:4 4325:1 4327:2 4433:1 4439:1 4444:12 4560:2 4567:1 4570:12 4688:2 4695:1 4699:4 4816:2 4826:3 4944:2 4955:2 5066:4 5071:3 5078:1 5082:3 5194:1 5199:2 5206:1 5209:3 5213:1 5327:3 5334:1 5337:3 5341:1 5453:4 5462:2 5465:3 5470:3 5581:4 5590:3 5594:1 5598:1 5602:2 5710:3 5718:4 5727:1 5837:3 5847:3 5855:1 5965:2 5975:3 5990:1 6093:3 6103:5 6111:3 6119:1 6221:3 6231:5 6240:4 6247:1 6359:5 6368:5 6376:1 6486:8 6495:7 6505:1 6615:5 6624:6 6632:1 6634:1 6743:5 6752:8 6762:2 6871:6 6880:9 6999:6 7009:8 7019:1 7021:1 7128:5 7135:10 7151:1 7255:6 7263:1 7265:9 7276:1 7280:1 7384:5 7391:1 7394:5 7400:2 7409:1 7512:5 7522:5 7528:3 7532:2 7641:4 7650:2 7653:1 7657:2 7769:3 7779:3 7787:4 7794:1 7897:3 7907:3 7922:1 8026:2 8035:2 8143:1 8153:3 8163:2 8179:1 8267:2 8272:1 8283:1 8291:2 8306:2 8400:1 8420:1 8435:1 8539:1 8548:1 8564:1 8676:1 8692:1 8803:2 8932:1 8949:1 9060:1 9077:1 9188:1 9205:1 9316:3 9322:3 9333:3 9443:11 9461:3 9571:7 9579:1 9590:3 9699:8 9708:1 9710:1 9718:1 9720:1 9827:6 9834:1 9836:2 9848:1 9955:6 9962:1 9964:2 9973:1 9975:2 10083:1 10085:6 10093:1 10100:1 10103:2 10211:6 10221:1 10227:1 10230:3 10340:4 10345:1 10350:1 10354:1 10358:1 10361:1 10469:5 10480:2 10486:1 10599:3 10607:1 10611:1 10726:8 10736:1 10739:1 10858:3 10863:1 10866:1 10967:1 10969:1 10985:4 10990:1 10994:1 11094:2 11097:1 11113:3 11117:4 11122:1 11223:2 11244:4 11250:1 11351:3 11369:1 11372:5 11480:5 11496:1 11500:4 11609:4 11628:5 11737:5 11756:5 11762:1 11866:5 11878:1 11886:1 11994:6 12005:1 12123:7 12132:1 12252:6 12259:1 12380:7 12506:1 12508:5 12633:1 12635:4 12762:3 12889:2 13017:7 13025:1 13146:7 13274:6 13403:6 13532:6 13661:6 13789:6 13918:3 13922:2 14047:4 14177:3 14181:1 14304:6 14433:2 14436:3 14561:1 14563:5 14690:7 14820:3 14824:1 14947:1 14949:5,"{""x"":0.57812,""y"":0.14062,""w"":0.375,""h"":0.77344}"
419,train/shadows/000419.png,128,"A cleaned target silhouette shows the shadow figure from a historical hand-shadow instruction plate. Infer the expert hand-and-arm ink arrangement that produced that shadow. Submit hand_ink_rle as a 128 by 128 binary mask RLE of the hand/arm drawing, hand_bbox_json as normalized x/y/w/h of the ink mask, and confidence in [0,1].",942:5 949:1 951:3 966:1 1073:15 1095:1 1210:8 1224:1 1346:1 1352:1 1447:4 1475:1 1481:1 1571:3 1575:8 1584:2 1596:4 1603:1 1698:5 1705:12 1729:1 1737:1 1827:3 1835:13 1858:1 1866:1 1955:3 1966:11 1994:1 2094:1 2098:8 2123:1 3277:1 3405:2 3533:2 3662:2 3791:1 3920:2 4912:2 7656:1 9924:1 10053:1 12646:2 12773:2 13272:1 13400:2 13528:3 13656:3 13784:6 13912:5 14040:5 14168:3 14172:1 14297:3 14425:4 14554:3 14682:3 14810:2 14939:2,"{""x"":0.26562,""y"":0.05469,""w"":0.55469,""h"":0.85938}"
420,train/shadows/000420.png,128,"A cleaned target silhouette shows the shadow figure from a historical hand-shadow instruction plate. Infer the expert hand-and-arm ink arrangement that produced that shadow. Submit hand_ink_rle as a 128 by 128 binary mask RLE of the hand/arm drawing, hand_bbox_json as normalized x/y/w/h of the ink mask, and confidence in [0,1].",2025:1 2027:1 2152:1 2154:2 2279:1 2281:4 2404:3 2409:4 2415:3 2424:2 2536:1 2538:1 2541:1 2550:3 2664:1 2667:1 2676:3 2791:1 2794:1 2803:3 2930:3 3056:2 3184:1 3190:1 3192:1 3316:6 3440:5 4286:1 4411:1 4584:1 4841:1 4967:1 4970:1 5095:2 5099:1 5227:1 5352:2 5481:2 5484:1 5487:2 5496:1 5610:1 5616:1 5622:3 5738:2 5741:1 5744:2 5749:1 5751:2 5797:2 5800:2 5867:1 5873:1 5877:5 5925:3 5991:1 5996:1 5998:1 6002:7 6055:1 6119:1 6124:1 6130:1 6132:5 6247:1 6252:1 6260:4 6265:1 6310:2 6376:1 6384:1 6388:6 6439:1 6503:2 6509:1 6517:3 6567:1 6631:2 6637:1 6646:1 6648:2 6695:1 6765:1 6774:1 6776:2 6879:2 6903:1 7007:1 7032:1 7079:1 7135:3 7207:1 7263:3 7277:1 7289:1 7335:1 7392:2 7396:1 7405:2 7520:3 7525:1 7532:3 7537:1 7592:1 7648:2 7651:1 7657:4 7662:1 7720:1 7776:4 7785:6 7848:1 7905:2 7908:1 7911:8 7976:1 8033:2 8037:9 8052:1 8104:1 8108:1 8161:1 8166:2 8169:5 8175:1 8181:1 8232:2 8236:1 8289:2 8292:1 8297:6 8310:1 8360:2 8364:1 8418:1 8421:1 8424:4 8430:1 8438:1 8491:2 8546:1 8550:2 8553:3 8559:1 8566:2 8618:1 8675:1 8678:1 8680:2 8687:2 8695:2 8804:1 8807:2 8816:1 8823:2 8934:1 8945:1 8952:2 9073:1 9080:2 9201:2 9208:2 9330:1 9337:2 9458:1 9465:2 9587:1 9594:1 9721:2 9844:1 9849:2 9972:1 9977:2 10101:1 10105:2 10230:1 10234:1 12979:2 13101:2 13104:2 13108:1 13110:1 13112:2 13116:1 13118:1 13120:1 13122:5 13229:1 13232:2 13236:8 13245:7 13253:1 13255:1 13357:5 13363:7 13373:1 13376:4 13383:1,"{""x"":0.28906,""y"":0.11719,""w"":0.67188,""h"":0.70312}"
421,train/shadows/000421.png,128,"A cleaned target silhouette shows the shadow figure from a historical hand-shadow instruction plate. Infer the expert hand-and-arm ink arrangement that produced that shadow. Submit hand_ink_rle as a 128 by 128 binary mask RLE of the hand/arm drawing, hand_bbox_json as normalized x/y/w/h of the ink mask, and confidence in [0,1].",1612:1 1728:1 1730:10 1845:1 1851:12 1972:1 1978:8 2099:3 2105:1 2126:2 2129:1 2232:1 2238:1 2252:12 2354:2 2359:1 2362:2 2376:9 2387:4 2481:2 2489:1 2499:11 2517:3 2609:1 2616:1 2627:10 2645:2 2737:1 2755:7 2772:1 2882:1 2888:1 4143:1 4270:2 4397:2 4524:1 4651:1 5451:1 5579:1 8086:1 8214:1 10425:1 12953:1 13083:1 13606:1 13734:1 13861:2 13987:5 14115:5 14243:5 14371:5 14500:4 14628:3 14756:3 14884:3 15012:2 15140:2 15270:1,"{""x"":0.17188,""y"":0.09375,""w"":0.51562,""h"":0.84375}"
422,train/shadows/000422.png,128,"A cleaned target silhouette shows the shadow figure from a historical hand-shadow instruction plate. Infer the expert hand-and-arm ink arrangement that produced that shadow. Submit hand_ink_rle as a 128 by 128 binary mask RLE of the hand/arm drawing, hand_bbox_json as normalized x/y/w/h of the ink mask, and confidence in [0,1].",2005:2 2133:1 2135:1 2260:3 2389:2 2516:2 2644:2 2771:2 2898:2 2904:1 3026:1 3031:2 3153:1 3159:1 3281:1 3286:1 3408:1 3414:1 3423:7 3535:2 3544:7 3555:1 3662:2 3669:3 3677:1 3679:1 3684:2 3790:2 3796:1 3807:6 3918:1 3924:1 3930:9 4047:1 4053:1 4056:1 4058:5 4174:2 4181:1 4184:4 4302:2 4313:2 4430:2 4440:2 4553:7 4567:3 4680:1 4685:3 4692:1 4695:3 4699:1 4813:3 4820:1 4823:3 4827:3 4832:1 4939:1 4941:2 4948:3 4952:3 4956:1 4959:1 5067:4 5076:4 5085:1 5195:3 5205:3 5213:1 5220:1 5323:3 5333:3 5349:1 5451:2 5461:5 5469:5 5475:1 5579:3 5589:5 5599:6 5607:1 5708:2 5718:4 5724:1 5726:8 5736:1 5845:6 5855:6 5865:2 5975:4 5983:7 5993:1 5995:1 6102:6 6112:8 6122:1 6124:1 6230:6 6238:1 6240:8 6250:1 6358:6 6366:1 6368:9 6486:5 6494:2 6497:8 6507:1 6614:6 6622:1 6625:5 6631:3 6635:2 6743:5 6753:2 6756:1 6760:2 6765:1 6769:1 6872:4 6882:3 6890:3 6897:1 7000:3 7010:2 7025:1 7128:3 7138:2 7154:1 7256:4 7283:1 7385:3 7396:1 7412:1 7503:1 7515:1 7524:1 7540:1 7631:2 7643:1 7652:1 7668:1 7780:1 7797:1 7908:1 7925:1 8036:1 8053:1 8164:2 8182:2 8292:9 8309:3 8419:7 8427:4 8438:1 8440:1 8547:9 8557:1 8566:1 8568:1 8675:8 8684:2 8693:1 8695:2 8804:5 8810:1 8812:2 8820:2 8824:2 8932:6 8939:1 8942:1 8948:1 8952:2 9060:7 9071:1 9075:1 9079:1 9081:1 9189:4 9194:1 9201:2 9207:1 9210:1 9318:5 9328:1 9332:1 9448:3 9454:1 9457:1 9576:6 9584:1 9587:1 9705:7 9715:1 9835:3 9839:3 9944:1 9946:1 9964:3 9968:2 10071:4 10090:1 10093:5 10200:3 10221:5 10329:2 10345:1 10348:1 10350:4 10458:3 10472:1 10477:4 10586:4 10600:1 10716:4 10721:1 10727:1 10844:8 10854:1 10973:7 10981:1 11102:6 11229:5 11356:6 11483:5 11612:1 11618:1 11739:5 11745:2 11868:7 11996:7 12125:7 12255:7 12384:7 12512:6 12642:2 12647:2 12771:3 12899:7 13028:3 13033:1 13157:6 13287:3 13291:1 13414:1 13416:5,"{""x"":0.5625,""y"":0.11719,""w"":0.39844,""h"":0.70312}"
423,train/shadows/000423.png,128,"A cleaned target silhouette shows the shadow figure from a historical hand-shadow instruction plate. Infer the expert hand-and-arm ink arrangement that produced that shadow. Submit hand_ink_rle as a 128 by 128 binary mask RLE of the hand/arm drawing, hand_bbox_json as normalized x/y/w/h of the ink mask, and confidence in [0,1].",3510:2 3634:4 3640:3 3759:3 3763:1 3765:4 3772:3 3802:8 3884:2 3888:5 3894:1 3898:3 3904:2 3920:10 3942:2 3952:2 4004:9 4030:3 4035:4 4041:1 4043:1 4045:2 4049:1 4051:1 4073:2 4078:1 4080:1 4083:2 4086:1 4131:1 4133:3 4138:1 4158:1 4163:1 4165:1 4203:2 4206:1 4258:1 4278:1 4334:1 4386:1 4388:1 4390:1 4392:1 4398:1 4400:9 4462:1 4505:2 4508:2 4514:23 4591:1 4631:1 4639:2 4643:1 4645:23 4719:1 4771:1 4773:1 4776:4 4794:3 4802:1 4886:1 4900:3 4923:1 4925:1 4930:1 5018:5 5053:2 5057:2 5145:3 5149:5 5182:1 5185:2 5271:5 5310:1 5312:2 5399:3 5438:3 5566:4 5577:1 5695:2 5705:1 5822:1 5824:1 5832:2 5939:1 5950:2 5959:2 6058:2 6065:1 6078:1 6085:1 6087:2 6187:6 6212:5 6309:9 6339:5 6437:7 6467:5 6564:6 6595:4 6692:5 6722:4 6770:1 6820:4 6825:1 6850:3 6898:2 6947:2 6978:3 7027:1 7075:1 7108:1 7155:1 7202:2 7236:2 7283:1 7328:1 7330:2 7364:2 7411:1 7493:6 7539:1 7584:1 7622:9 7635:1 7667:1 7752:1 7756:4 7763:1 7795:1 7885:4 8004:1 8014:4 8131:4 8137:5 8143:1 8145:3 8260:7 8270:3 8361:1 8389:4 8394:3 8400:1 8418:1 8489:1 8523:6 8541:2 8544:3 8617:1 8655:1 8669:5 8684:2 8742:3 8797:2 8800:1 8809:3 8925:1 8933:3 9053:1 9058:3 9183:2 9310:1 12969:1 12977:1 13081:1 13084:3 13088:1 13095:2 13098:1 13100:1 13103:1 13105:2 13213:1 13216:2 13219:3 13224:1 13226:1 13228:1 13230:2 13233:2 13236:1 13336:3 13341:1 13343:1 13345:1 13348:1,"{""x"":0.17188,""y"":0.21094,""w"":0.75781,""h"":0.60938}"
424,train/shadows/000424.png,128,"A cleaned target silhouette shows the shadow figure from a historical hand-shadow instruction plate. Infer the expert hand-and-arm ink arrangement that produced that shadow. Submit hand_ink_rle as a 128 by 128 binary mask RLE of the hand/arm drawing, hand_bbox_json as normalized x/y/w/h of the ink mask, and confidence in [0,1].",1353:1 1481:2 1606:1 1609:1 1711:3 1717:2 1733:1 1736:1 1848:1 1859:1 1864:1 1978:1 1984:2 1990:2 2116:3 2244:3 2372:2 2892:1 3016:5 3142:2 3147:2 3265:1 3267:1 3272:4 3400:2 3525:3 3652:1 4520:2 4648:1 5030:1 5538:1 6049:1 7972:2 8100:1 10778:1 10906:2 11034:2 11804:1 11812:2 11935:1 11937:3 12326:1 12332:1 12460:1 12581:1 12594:2 12599:1 12708:2 12711:1 12722:1 12725:2 12838:2 12848:7 12963:1 12965:3 12971:11 13066:1 13085:23 13109:1 13111:1 13194:1 13214:24 13320:2 13342:4 13347:3 13351:6 13358:1 13362:3 13447:2 13473:9 13485:2 13492:1 13494:1 13573:1 13606:1 13612:2 13615:3 13620:1 13739:1 13741:2 13744:3 13748:1 13865:1 13876:1 13990:2 13999:1 14123:1 14238:5 14392:1 14412:1 14414:1 14416:4 14510:2 14519:4 14524:2 14536:3 14540:2 14544:4 14639:5 14646:8 14665:2 14767:6 14774:2,"{""x"":0.03906,""y"":0.07812,""w"":0.61719,""h"":0.82812}"
425,train/shadows/000425.png,128,"A cleaned target silhouette shows the shadow figure from a historical hand-shadow instruction plate. Infer the expert hand-and-arm ink arrangement that produced that shadow. Submit hand_ink_rle as a 128 by 128 binary mask RLE of the hand/arm drawing, hand_bbox_json as normalized x/y/w/h of the ink mask, and confidence in [0,1].",2120:1 2248:3 2376:3 3144:1 3273:1 3400:3 3528:3 3659:1 3787:1 3915:2 4044:2 4278:1 4280:1 4405:3 4409:3 4533:1 4535:1 4537:3 4665:3 4795:1 4797:1 4925:3 4954:1 5053:3 5081:2 5183:1 5210:1 5312:1 5336:1 5338:1 5440:1 5464:2 5592:2 5595:1 5720:2 5723:1 5849:1 5851:1 5957:8 5967:3 5976:2 5979:1 6087:5 6095:4 6104:2 6107:1 6223:2 6232:2 6235:1 6302:1 6348:4 6356:1 6360:2 6363:1 6428:3 6484:1 6488:2 6555:4 6612:2 6617:2 6680:5 6740:3 6745:2 6807:1 6869:3 6997:5 7126:2 7254:2 7383:1 7599:2 7642:1 7727:6 7769:3 9944:3 10072:2 10200:2 10207:2 10333:1 10335:2 10460:4 10588:4 10716:3 10720:1 10831:1 10846:3 10957:2 10975:2 11084:2 11103:2 11211:2 11215:3 11231:2 11336:3 11341:3 11359:2 11468:3 11487:2 11596:1 11598:2 11617:1 12002:2 12070:4 12079:3 12112:1 12130:2 12196:14 12239:1 12322:14 12366:2 12450:4 12461:8 12491:3 12495:1 12591:7 12616:8 12643:1 12721:8 12741:11 12770:3 12853:32 12899:2 12983:19 13008:3 13116:9 13137:4 13267:3 13395:3 13523:3 13652:3 13781:2 13909:2 14038:2 14166:2 14294:3 14423:2 14551:2 14679:2 14808:2 14937:1 15065:2 15194:1,"{""x"":0.17969,""y"":0.125,""w"":0.60938,""h"":0.80469}"
426,train/shadows/000426.png,128,"A cleaned target silhouette shows the shadow figure from a historical hand-shadow instruction plate. Infer the expert hand-and-arm ink arrangement that produced that shadow. Submit hand_ink_rle as a 128 by 128 binary mask RLE of the hand/arm drawing, hand_bbox_json as normalized x/y/w/h of the ink mask, and confidence in [0,1].",4927:2 4931:3 5020:5 5028:1 5052:2 5057:2 5062:2 5141:3 5172:2 5176:2 5180:5 5190:4 5255:1 5257:2 5260:3 5264:2 5267:1 5286:1 5289:9 5299:1 5301:2 5305:2 5322:3 5328:2 5388:1 5390:2 5451:1 5453:2 5456:1 5458:1 5516:1 5518:1 5568:5 5574:1 5583:4 5644:1 5646:1 5695:11 5710:1 5713:2 5719:3 5772:1 5774:1 5814:1 5822:20 5844:2 5942:2 5948:4 5962:6 5970:1 5980:1 6070:1 6076:2 6093:4 6101:1 6104:1 6199:2 6202:3 6225:3 6230:5 6327:2 6330:2 6360:2 6363:2 6455:4 6491:2 6494:1 6576:1 6583:2 6586:1 6620:1 6705:1 6712:3 6749:1 6833:1 6841:1 6960:2 6970:1 7088:4 7097:1 7109:1 7111:2 7217:4 7225:1 7239:2 7242:2 7345:4 7369:2 7376:1 7474:4 7497:7 7563:1 7603:3 7627:7 7691:1 7731:3 7757:5 7819:1 7860:2 7884:1 7886:4 7984:1 7988:2 8016:2 8116:2 8145:3 8241:4 8277:1 8367:3 8371:1 8405:1 8494:4 8615:1 8619:5 8743:1 8746:3 8871:1 8873:3 8883:1 8885:2 9000:1 9003:11 9130:2 9134:4 9165:1 9232:1 9240:2 9258:5 9360:2 9369:3 9373:1 9386:3 9421:1 9490:2 9499:1 9501:2 9548:1 9550:1 9621:2 9627:1 9630:1 9677:2 9751:3 9757:1 9883:2 13381:3 13390:1 13394:2 13397:4 13507:1 13509:1 13511:1 13514:1 13516:2 13519:1 13522:1 13524:4 13531:1 13642:1 13644:2 13647:1 13649:5 13655:2 13658:1 13786:3,"{""x"":0.05469,""y"":0.29688,""w"":0.6875,""h"":0.54688}"
427,train/shadows/000427.png,128,"A cleaned target silhouette shows the shadow figure from a historical hand-shadow instruction plate. Infer the expert hand-and-arm ink arrangement that produced that shadow. Submit hand_ink_rle as a 128 by 128 binary mask RLE of the hand/arm drawing, hand_bbox_json as normalized x/y/w/h of the ink mask, and confidence in [0,1].",2247:2 2373:3 2377:1 2501:1 2503:4 2629:1 2631:1 2633:2 2757:1 2759:1 2761:3 2885:1 2887:1 2889:3 3013:2 3019:2 3142:1 3270:1 3397:1 3524:2 3536:4 3651:3 3664:3 3668:6 3778:1 3780:1 3792:4 3797:1 3799:4 3905:1 3907:1 3926:1 3928:1 3930:1 4033:1 4035:1 4056:1 4058:1 4160:2 4185:1 4287:2 4290:1 4313:1 4414:2 4417:1 4442:1 4541:2 4545:1 4569:3 4668:1 4672:1 4698:2 4795:1 4799:1 4827:2 4922:2 4926:1 4956:1 5049:1 5053:1 5085:1 5178:1 5214:1 5305:1 5341:2 5433:1 5468:2 5560:2 5597:1 5688:1 5724:2 5816:2 5847:1 5944:1 5974:1 6071:3 6102:1 6199:3 6229:1 6327:2 6357:1 6455:2 6485:2 6582:3 6610:1 6612:3 6703:3 6710:2 6713:1 6737:1 6739:4 6829:2 6832:1 6834:1 6838:2 6865:7 6955:3 6959:2 6962:2 6965:2 6992:1 6994:6 7080:2 7083:9 7093:3 7122:6 7207:1 7210:5 7216:7 7224:1 7247:1 7249:7 7334:6 7341:1 7343:1 7346:7 7375:4 7380:1 7460:3 7464:3 7468:1 7470:2 7474:6 7499:5 7505:1 7507:1 7517:2 7585:3 7589:4 7594:4 7603:4 7625:5 7631:2 7647:2 7710:3 7714:6 7731:4 7752:3 7757:2 7775:5 7837:10 7860:3 7879:3 7904:5 7964:1 7967:1 7969:2 7972:1 7988:2 8004:4 8035:4 8040:2 8088:6 8116:2 8129:7 8137:1 8165:6 8210:3 8216:5 8245:1 8248:3 8254:8 8295:1 8297:2 8334:15 8374:1 8376:11 8468:4 8476:1 8497:18 8604:1 8618:10 8629:13 8732:1 8744:14 8760:6 8860:1 8870:7 8881:1 8888:1 8890:6 8987:2 8991:9 9016:6 9059:3 9112:9 9125:3 9144:1 9146:4 9186:3 9191:1 9238:2 9246:2 9253:2 9273:1 9275:1 9313:7 9362:6 9374:1 9382:2 9403:4 9441:6 9511:1 9530:1 9532:1 9571:1 9574:2 9638:2 9658:1 9660:2 9699:2 9703:1 9765:3 9786:1 9831:1 9892:3 9915:1 10021:1 10023:1 10043:2 10151:1 10171:2 10194:1 10301:1 10322:1 10448:1 10576:1 10578:1 10951:7 11083:4 11092:1 11094:1 11216:9 11226:1 11234:2 11355:1 11363:1 11370:2 11484:2 11497:2 11614:9 11751:2 12058:1 12186:1 12314:1 12442:1 13333:1 13461:1 13591:1 13719:1 13847:1 13974:2 14098:4,"{""x"":0.10938,""y"":0.13281,""w"":0.73438,""h"":0.73438}"
429,train/shadows/000429.png,128,"A cleaned target silhouette shows the shadow figure from a historical hand-shadow instruction plate. Infer the expert hand-and-arm ink arrangement that produced that shadow. Submit hand_ink_rle as a 128 by 128 binary mask RLE of the hand/arm drawing, hand_bbox_json as normalized x/y/w/h of the ink mask, and confidence in [0,1].",686:1 813:3 939:1 1067:1 1070:1 1195:1 1198:2 1323:1 1327:1 1451:1 1455:2 1579:1 1584:2 1708:1 1712:2 1836:1 1841:2 1965:1 1970:2 2093:1 2099:2 2228:2 2332:6 2342:1 2350:1 2357:1 2459:1 2467:1 2469:1 2475:2 2484:2 2588:2 2604:1 2606:1 2612:2 2717:5 2740:2 2846:8 2855:2 2869:1 2978:10 2990:3 2997:1 3110:6 3119:1 3125:2 3241:3 3247:1 3253:3 3369:1 3371:1 3375:1 3382:2 3498:2 3503:1 3510:2 3625:1 3627:2 3631:1 3637:4 3642:1 3752:1 3754:4 3760:1 3766:2 3770:3 3880:1 3882:4 3888:1 3894:2 3901:1 4004:3 4011:3 4015:2 4021:3 4029:1 4127:1 4130:1 4134:1 4136:5 4142:2 4149:3 4261:1 4266:1 4268:4 4277:4 4382:1 4389:1 4396:4 4406:4 4524:4 4535:2 4636:1 4643:2 4648:1 4650:6 4662:3 4767:2 4770:3 4776:7 4790:4 4891:1 4895:6 4904:8 4919:3 5018:1 5021:9 5031:1 5034:5 5145:1 5149:9 5159:1 5161:6 5272:2 5276:9 5289:7 5401:1 5404:9 5417:6 5523:1 5527:1 5531:10 5545:6 5650:2 5655:1 5658:9 5669:1 5671:7 5777:1 5782:1 5786:9 5796:1 5800:6 5904:1 5910:1 5913:5 5919:4 5924:1 5928:6 6032:1 6037:2 6041:2 6044:6 6052:1 6056:5 6166:1 6168:2 6173:5 6179:1 6184:5 6287:1 6292:2 6295:2 6301:4 6312:5 6415:1 6420:4 6430:3 6440:4 6543:1 6558:3 6568:2 6571:1 6670:2 6686:3 6697:3 6798:2 6815:1 6824:4 6926:1 6943:1 6952:4 7071:1 7080:1 7082:1 7180:1 7197:1 7208:1 7220:2 7225:1 7308:1 7325:1 7335:1 7347:2 7453:2 7563:2 7581:1 7691:1 7709:1 7819:2 7837:1 7945:3 7964:3 8072:3 8084:4 8089:1 8092:3 8200:3 8211:12 8328:1 8330:1 8341:2 8344:8 8456:1 8458:1 8466:1 8469:1 8471:9 8584:2 8587:1 8596:2 8599:2 8602:6 8710:3 8715:1 8724:2 8727:1 8729:7 8838:3 8851:1 8854:1 8856:5 8862:1 8967:2 8973:1 8982:1 8984:1 8986:5 9095:1 9097:1 9102:1 9111:8 9221:1 9223:1 9231:1 9239:5 9349:1 9356:1 9361:1 9367:5 9484:1 9487:1 9495:4 9613:1 9616:2 9619:7 9741:1 9746:5 9752:1 9869:1 9873:2 9876:5 10000:1 10002:2 10005:3 10127:6 10153:3 10255:6 10263:1 10281:4 10383:5 10390:1 10409:4 10509:1 10511:2 10514:3 10519:1 10535:3 10639:3 10643:1 10648:1 10662:3 10767:5 10788:5 10906:1 10914:6 11042:6 11164:1 11169:6 11293:1 11295:7 11422:8 11551:6 11680:7 11809:5 11815:1 11939:6 12070:2 12190:1 12196:3 12318:1 12320:7 12448:6 12576:6 12702:7 12830:7 12957:7 13084:7 13211:8 13338:3 13342:4 13466:3 13470:3 13593:3 13597:3 13721:5 13846:1 13848:4 13974:7 14101:1 14103:3 14228:1 14235:1 14357:4,"{""x"":0.03906,""y"":0.03906,""w"":0.44531,""h"":0.84375}"
430,train/shadows/000430.png,128,"A cleaned target silhouette shows the shadow figure from a historical hand-shadow instruction plate. Infer the expert hand-and-arm ink arrangement that produced that shadow. Submit hand_ink_rle as a 128 by 128 binary mask RLE of the hand/arm drawing, hand_bbox_json as normalized x/y/w/h of the ink mask, and confidence in [0,1].",2493:2 2622:1 2750:1 2991:3 3121:2 3139:1 3267:1 3395:2 3398:1 3526:1 3600:1 3602:1 3654:1 3728:1 3731:3 3743:1 3782:1 3857:1 3865:3 3871:1 3911:1 3986:1 3993:3 3999:1 4039:1 4128:1 4411:3 4539:4 4666:2 4797:6 4913:4 4930:1 5043:1 5054:4 5168:6 5427:2 6859:1 6987:2 7115:2 7242:2 7370:3 7492:1 7495:1 7499:3 7621:1 7623:1 7627:4 7646:1 7749:1 7752:1 7773:2 7876:2 7880:1 7901:1 8005:2 8028:4 8133:1 8156:1 8159:2 8261:1 8288:2 8389:1 8417:2 8518:1 8546:3 8646:2 8674:3 8775:1 8804:2 8903:1 8933:2 9031:2 9062:2 9160:1 9191:1 9288:1 9408:1 9416:1 9536:2 9544:2 9665:2 9673:1 9793:2 9801:1 9930:1 10058:2 10187:1 10315:2 10443:2,"{""x"":0.125,""y"":0.14844,""w"":0.6875,""h"":0.49219}"
431,train/shadows/000431.png,128,"A cleaned target silhouette shows the shadow figure from a historical hand-shadow instruction plate. Infer the expert hand-and-arm ink arrangement that produced that shadow. Submit hand_ink_rle as a 128 by 128 binary mask RLE of the hand/arm drawing, hand_bbox_json as normalized x/y/w/h of the ink mask, and confidence in [0,1].",2917:1 2919:2 3045:4 3172:3 3301:2 3429:3 3540:1 3558:2 3666:2 3793:4 3921:2 3924:1 4049:2 4052:1 4177:2 4305:2 4433:2 4439:2 4561:2 4567:2 4689:2 4695:2 4817:3 4823:3 4945:3 4951:4 5079:4 5208:3 5336:3 5465:3 5594:2 5722:3 5851:4 5981:3 6110:4 6240:2 6369:1 6497:2 6626:2 6748:1 6755:1 6876:2 6883:1 7003:5 7012:1 7131:6 7140:1 7259:1 7261:1 7263:1 7268:1 7386:2 7389:1 7514:2 7642:3 7770:1 7772:1 7898:3 7983:2 8026:2 8111:2 8154:1 8239:2 8367:4 8495:4 8623:4 8753:2 8881:2 9009:2 9012:1 9137:4 9266:3 9394:4 9524:2 9652:2 9780:3 9909:2 10025:2 10037:2 10042:1 10153:2 10166:5 10281:3 10294:6 10410:2 10422:6 10434:1 10539:2 10551:5 10562:2 10653:1 10668:2 10680:5 10690:2 10781:2 10797:4 10809:2 10812:4 10820:5 10909:3 10926:5 10940:5 10946:10 11038:2 11056:4 11068:8 11077:8 11166:2 11184:7 11197:2 11200:5 11206:8 11295:2 11312:9 11330:5 11336:8 11356:2 11423:3 11447:5 11459:2 11462:3 11466:7 11484:2 11552:3 11577:6 11588:18 11612:2 11681:3 11708:6 11717:17 11740:2 11743:2 11810:2 11836:3 11841:5 11847:1 11852:7 11867:2 11872:4 11939:2 11962:8 11971:7 11984:4 11996:3 12002:2 12068:1 12084:1 12091:1 12104:2 12115:3 12125:3 12132:2 12196:2 12212:8 12243:3 12255:3 12260:4 12324:3 12338:10 12372:2 12384:3 12390:5 12453:2 12465:9 12500:2 12520:4 12581:3 12593:2 12596:5 12628:2 12650:2 12710:3 12724:2 12756:1 12838:3 12880:2 12883:1 12886:14 12936:3 13008:4 13014:4 13019:9 13064:3 13136:3 13141:5 13150:7 13192:3 13253:4 13263:3 13268:7 13280:3 13284:2 13320:3 13381:5 13389:5 13396:5 13402:2 13410:3 13508:7 13517:3 13525:7 13533:2 13539:1 13635:8 13657:1 13659:5 13761:10 13786:1 13788:4 13887:8 13917:1 13922:1 14005:1 14014:8 14049:3 14133:3 14140:7 14177:3 14259:1 14261:3 14387:5,"{""x"":0.0625,""y"":0.17188,""w"":0.78125,""h"":0.71094}"
432,train/shadows/000432.png,128,"A cleaned target silhouette shows the shadow figure from a historical hand-shadow instruction plate. Infer the expert hand-and-arm ink arrangement that produced that shadow. Submit hand_ink_rle as a 128 by 128 binary mask RLE of the hand/arm drawing, hand_bbox_json as normalized x/y/w/h of the ink mask, and confidence in [0,1].",698:3 825:1 953:1 958:1 1081:1 1085:3 1213:3 1340:1 1342:2 1465:1 1469:1 1472:1 1593:2 1600:1 1721:1 1727:2 1839:11 1855:2 1966:1 1970:1 1976:2 1983:2 2093:3 2098:2 2101:5 2112:5 2220:2 2230:2 2245:1 2347:2 2372:1 2474:2 2486:1 2501:1 2503:1 2601:1 2614:1 2632:1 2729:1 2741:2 2744:3 2760:1 2857:1 2862:2 2869:1 2873:1 2888:1 2992:1 2994:3 3001:2 3010:1 3013:1 3016:1 3112:2 3117:1 3121:4 3129:1 3138:1 3141:1 3144:2 3240:2 3251:2 3257:1 3269:1 3271:7 3281:1 3368:2 3379:2 3384:1 3397:1 3399:10 3413:2 3496:2 3507:2 3512:1 3525:1 3527:2 3545:3 3623:1 3625:1 3634:3 3640:1 3655:2 3676:1 3680:1 3751:1 3753:1 3762:2 3780:1 3783:2 3793:1 3807:1 3890:1 3908:1 3911:2 3921:1 3935:1 4006:2 4036:2 4039:5 4046:1 4049:1 4062:1 4134:2 4146:1 4167:7 4176:1 4179:11 4262:2 4273:1 4295:2 4308:1 4311:2 4390:1 4401:1 4435:1 4442:1 4518:1 4562:1 4570:1 4645:3 4683:1 4697:1 4773:2 4784:1 4811:5 4817:2 4823:2 4900:2 4912:1 4915:1 4939:6 4949:1 5028:3 5043:1 5156:2 5167:1 5284:2 5298:1 5412:2 5540:2 5668:2 5796:3 5924:2 6053:1 6181:3 6310:2 6438:1 6566:1 6694:1 6822:1 6952:1 7080:1 7207:1 7335:1 7462:3 7589:2 7718:1 7842:6 7872:1 7970:2 7973:2 7999:1 8097:4 8119:2 8127:1 8219:2 8224:5 8238:1 8253:2 8346:3 8350:7 8382:1 8473:4 8481:3 8492:1 8506:1 8508:2 8601:2 8605:1 8610:2 8619:1 8634:1 8636:1 8729:3 8733:1 8738:2 8747:1 8761:2 8856:3 8860:1 8867:2 8983:3 8988:1 8995:2 9002:1 9111:2 9116:1 9124:2 9238:4 9253:1 9257:1 9365:3 9369:1 9381:2 9492:3 9496:2 9510:1 9616:2 9619:2 9623:1 9625:2 9638:2 9742:2 9746:1 9753:2 9757:1 9767:2 9873:2 9876:1 9878:1 9881:2 9885:1 9895:1 9995:1 10000:1 10004:1 10006:1 10013:1 10024:2 10126:1 10131:1 10134:1 10137:1 10141:1 10152:1 10154:1 10253:1 10259:1 10265:2 10269:2 10281:1 10283:1 10302:1 10384:1 10386:1 10394:1 10397:2 10409:1 10431:1 10515:1 10523:1 10526:3 10539:1 10643:1 10651:1 10654:3 10685:2 10689:1 10770:2 10779:1 10782:3 10796:1 10814:2 10817:1 10907:1 10910:2 10925:1 10942:1 10944:1 11026:1 11035:1 11038:1 11054:1 11071:1 11074:1 11202:1 11291:1 11328:1 11330:1 11409:1 11419:1 11457:2 11537:1 11547:1 11585:2 11675:1 11714:1 11792:1 11803:1 11831:1 11842:1 11920:1 11938:1 11959:1 11971:1 12066:1 12087:1 12099:1 12194:1 12215:1 12227:1 12316:1 12335:1 12343:1 12354:1 12444:1 12463:1 12471:1 12481:1 12572:1 12594:2 12599:1 12608:1 12700:1 12721:2 12727:1 12735:1 12828:1 12843:1 12849:2 12855:1 12862:1 12970:1 12976:3 12983:1 12989:1 12991:1 13097:1 13103:5 13111:1 13118:1 13215:1 13224:1 13231:5 13239:1 13244:2 13341:1 13343:1 13357:7 13367:1 13371:1 13374:1 13469:1 13483:8 13495:1 13498:5 13597:1 13609:6 13616:2 13619:2 13623:1 13625:6 13725:2 13735:1 13737:7 13745:1 13747:2 13751:1 13753:1 13756:3 13854:1 13856:1 13860:1 13865:3 13869:2 13873:1 13875:1 13879:6 13982:2 13985:2 13995:1 13998:1 14005:1 14007:2 14011:3 14110:1 14125:1 14133:1 14135:5 14261:1 14263:3 14391:5 14518:5 14646:1 14648:2,"{""x"":0.08594,""y"":0.03906,""w"":0.67188,""h"":0.85938}"
433,train/shadows/000433.png,128,"A cleaned target silhouette shows the shadow figure from a historical hand-shadow instruction plate. Infer the expert hand-and-arm ink arrangement that produced that shadow. Submit hand_ink_rle as a 128 by 128 binary mask RLE of the hand/arm drawing, hand_bbox_json as normalized x/y/w/h of the ink mask, and confidence in [0,1].",2111:2 2238:1 2240:2 2365:1 2368:2 2480:2 2493:1 2496:2 2607:1 2610:1 2620:2 2624:2 2748:1 2752:2 2864:1 2867:1 2876:2 2881:1 2991:2 3004:2 3009:1 3119:2 3124:1 3132:2 3247:3 3260:2 3266:1 3375:3 3381:1 3388:3 3503:2 3510:1 3516:3 3521:3 3632:2 3639:1 3645:1 3651:1 3760:3 3768:1 3773:2 3780:1 3889:1 3891:1 3897:1 3901:2 4017:5 4026:1 4030:2 4037:1 4146:4 4155:1 4158:3 4167:1 4275:1 4277:1 4284:1 4287:2 4295:2 4404:2 4413:5 4425:1 4533:4 4543:3 4555:1 4653:1 4656:10 4672:3 4684:2 4797:5 4815:5 4936:1 4949:2 5066:1 5068:1 5080:2 5110:1 5209:1 5211:2 5237:1 5239:1 5342:1 5364:1 5421:1 5423:8 5432:1 5472:2 5491:1 5496:1 5550:14 5603:1 5624:1 5678:12 5732:1 5741:6 5805:5 5811:5 5861:2 5866:1 5868:3 5873:1 5933:2 5938:5 5992:4 5999:2 6002:2 6061:2 6067:3 6121:3 6128:3 6188:1 6193:2 6250:1 6265:1 6320:1 6393:1 6447:1 6508:1 6523:1 6574:1 6636:1 6648:1 6702:1 6764:1 6777:1 6892:2 7020:1 7148:1 7205:1 7229:3 7276:1 7286:1 7331:2 7356:4 7414:2 7458:1 7481:6 7532:1 7543:1 7607:7 7660:1 7669:1 7734:6 7787:1 7797:2 7860:6 7925:2 7928:1 7986:6 8042:2 8053:2 8114:3 8170:1 8180:2 8183:1 8240:3 8298:1 8309:1 8367:1 8426:1 8437:3 8494:1 8520:3 8553:2 8563:3 8620:2 8648:3 8691:5 8746:2 8819:4 8947:3 9075:3 9202:4 9330:3 9458:2 9585:3 9589:1 9713:2 9716:1 9840:3 9844:1 9968:2 9971:1 10095:3 10099:1 10223:3 10227:1 10348:1 10352:2 10355:2 10476:2 10479:3 10483:1 10605:1 10607:2 10611:1 10735:4 10865:2 10868:1 10994:1 10996:1 11124:1 11252:1 11382:1 11510:1 11639:1 12662:2 12793:1 12916:1 12919:1 13042:3 13048:1 13170:3 13177:1 13299:2 13306:1 13557:1 13686:1,"{""x"":0.26562,""y"":0.125,""w"":0.70312,""h"":0.71094}"
434,train/shadows/000434.png,128,"A cleaned target silhouette shows the shadow figure from a historical hand-shadow instruction plate. Infer the expert hand-and-arm ink arrangement that produced that shadow. Submit hand_ink_rle as a 128 by 128 binary mask RLE of the hand/arm drawing, hand_bbox_json as normalized x/y/w/h of the ink mask, and confidence in [0,1].",2498:2 2625:1 2753:1 3131:1 3149:2 3259:1 3276:2 3279:1 3384:1 3386:2 3512:2 3640:1 3768:1 3895:1 4023:1 4191:2 4204:1 4319:2 4323:3 4329:3 4334:1 4417:3 4447:1 4451:4 4462:1 4544:4 4574:1 4588:2 4675:2 4796:6 4924:1 5052:4 5066:4 5320:6 5577:2 6704:2 6832:2 6960:2 7087:3 7197:1 7214:4 7325:2 7342:3 7454:1 7476:1 7479:1 7581:3 7604:1 7606:1 7707:2 7711:1 7734:1 7834:2 7859:1 7862:2 7961:2 7989:2 7992:1 8087:3 8118:1 8215:3 8246:1 8342:2 8374:1 8469:3 8501:1 8596:3 8628:2 8724:1 8756:1 8884:1 9011:2 9139:1 9266:2 9393:2 9402:1 9521:2 9529:2 9648:2 9657:1 9775:2 9784:2 9903:1 10029:3 10157:2,"{""x"":0.15625,""y"":0.14844,""w"":0.71094,""h"":0.47656}"
437,train/shadows/000437.png,128,"A cleaned target silhouette shows the shadow figure from a historical hand-shadow instruction plate. Infer the expert hand-and-arm ink arrangement that produced that shadow. Submit hand_ink_rle as a 128 by 128 binary mask RLE of the hand/arm drawing, hand_bbox_json as normalized x/y/w/h of the ink mask, and confidence in [0,1].",2122:1 2124:2 2250:2 2253:2 2378:2 2382:1 2505:2 2509:1 2633:2 2637:2 2650:1 2761:2 2765:2 2777:1 2780:1 2889:1 2893:2 2905:1 2909:1 3022:2 3037:1 3144:1 3149:3 3160:1 3164:2 3277:3 3288:1 3293:1 3399:1 3405:2 3415:1 3420:2 3527:1 3532:3 3542:1 3547:3 3654:3 3660:3 3670:1 3675:3 3781:1 3788:1 3796:1 3803:3 3908:1 3914:3 3923:1 3928:4 4035:1 4042:3 4050:1 4056:4 4162:1 4170:3 4176:2 4182:1 4184:4 4289:1 4297:3 4303:1 4309:6 4415:1 4425:3 4429:2 4437:5 4542:2 4553:2 4556:2 4565:4 4666:2 4669:1 4679:3 4683:2 4693:3 4791:3 4808:2 4821:2 4874:2 4912:2 4915:3 4934:4 4942:1 4944:1 4946:4 5002:1 5004:1 5037:3 5051:1 5055:1 5063:2 5066:17 5086:1 5129:1 5133:1 5159:1 5162:3 5179:2 5182:1 5193:1 5200:1 5263:1 5286:1 5288:1 5302:2 5392:2 5411:1 5512:1 5520:3 5537:1 5640:1 5647:1 5651:6 5664:1 5768:1 5777:3 5784:5 5790:1 5793:1 5837:2 5845:6 5895:1 5907:2 5912:6 5966:4 5971:11 6039:2 6042:1 6095:14 6151:2 6166:2 6224:13 6277:2 6280:1 6295:1 6353:13 6481:5 6490:3 6536:2 6550:1 6612:3 6618:4 6665:1 6678:1 6741:4 6749:2 6794:1 6872:2 6879:1 6934:1 7001:1 7062:1 7130:3 7178:1 7190:1 7259:2 7306:1 7317:1 7388:1 7433:2 7446:1 7561:1 7563:1 7574:1 7691:1 7702:1 7752:1 7819:1 7830:1 7880:3 7944:2 7947:1 7958:2 8009:2 8012:1 8036:1 8075:2 8086:2 8137:5 8165:1 8202:3 8215:1 8266:6 8295:2 8330:3 8343:1 8396:6 8457:4 8472:1 8527:4 8584:5 8599:1 8655:6 8715:1 8727:1 8784:6 8840:2 8843:3 8915:3 8919:1 8970:4 9018:2 9044:4 9099:3 9146:4 9172:2 9175:2 9225:1 9227:3 9275:3 9305:1 9353:2 9356:2 9434:1 9482:5 9564:2 9610:5 9694:2 9740:2 9743:1 9824:1 9869:2 9994:1 9997:3 10123:5 10251:5 10380:5 10510:3 10635:2 10638:3 10763:2 10766:3 10772:2 10892:2 10896:2 11021:5 11028:1 11149:2 11275:4 11281:1 11403:2 11531:1 11658:1 11786:1 11912:2 12040:1 12167:2 13316:1 13318:1 13447:1 13573:2 13578:3 13704:4 13827:1 13832:3 13954:1 13961:2 14088:2 14216:1 14343:1,"{""x"":0.01562,""y"":0.125,""w"":0.80469,""h"":0.75781}"
438,train/shadows/000438.png,128,"A cleaned target silhouette shows the shadow figure from a historical hand-shadow instruction plate. Infer the expert hand-and-arm ink arrangement that produced that shadow. Submit hand_ink_rle as a 128 by 128 binary mask RLE of the hand/arm drawing, hand_bbox_json as normalized x/y/w/h of the ink mask, and confidence in [0,1].",4311:1 4315:2 4440:3 4444:7 4493:2 4578:1 4622:1 4624:3 4697:1 4699:4 4704:2 4745:2 4748:1 4751:1 4755:2 4817:1 4824:1 4829:5 4872:1 4874:4 4886:2 4946:17 4964:2 4999:1 5004:3 5011:1 5015:5 5074:18 5095:1 5133:3 5137:1 5139:1 5144:6 5193:1 5195:1 5198:10 5209:1 5218:1 5256:2 5262:6 5271:1 5275:5 5325:6 5333:1 5341:2 5350:1 5386:1 5391:7 5402:4 5408:3 5454:5 5469:6 5476:3 5515:1 5519:1 5523:3 5527:1 5532:1 5534:1 5536:5 5582:4 5590:1 5596:4 5603:1 5644:1 5650:1 5652:5 5658:1 5663:1 5665:3 5669:2 5710:1 5716:5 5722:2 5734:1 5769:1 5772:2 5781:8 5793:1 5798:6 5829:1 5844:3 5854:1 5860:1 5902:4 5912:6 5923:1 5927:6 5957:2 5968:4 5980:8 6027:1 6031:4 6041:3 6045:2 6050:1 6057:2 6095:1 6097:2 6104:8 6113:2 6156:1 6161:3 6168:1 6171:6 6178:1 6198:1 6225:1 6231:7 6242:1 6289:5 6303:1 6305:1 6308:1 6326:1 6341:1 6356:6 6365:2 6417:7 6432:1 6453:2 6469:3 6484:5 6494:3 6542:1 6547:5 6554:1 6581:2 6599:1 6612:3 6620:1 6671:1 6677:7 6688:1 6710:1 6728:2 6740:1 6745:1 6747:1 6798:2 6801:1 6806:4 6811:3 6838:1 6856:1 6867:1 6873:2 6926:5 6937:1 6940:4 6966:1 6984:2 6996:1 6998:3 7057:3 7061:1 7070:1 7094:1 7114:1 7125:2 7183:1 7187:2 7206:1 7210:1 7222:1 7242:1 7252:1 7312:1 7315:3 7319:1 7338:1 7349:1 7366:1 7368:1 7380:1 7443:6 7461:1 7477:1 7494:1 7499:1 7569:2 7573:6 7580:1 7589:1 7605:1 7699:1 7704:4 7717:1 7734:1 7760:1 7763:1 7835:2 7888:3 7958:1 7964:1 7990:1 8016:1 8087:1 8101:1 8143:2 8216:1 8245:1 8270:2 8347:2 8373:1 8397:2 8408:1 8476:2 8501:1 8525:1 8537:1 8605:1 8628:2 8653:2 8667:1 8734:2 8756:1 8766:1 8796:1 8863:2 8924:1 8994:2 9035:1 9052:1 9124:2 9162:2 9179:1 9253:2 9267:1 9290:1 9382:2 9395:1 9511:1 9522:1 9790:2 9893:2 9919:1 10149:1 10194:3 10323:3 10452:3 10576:1 10705:2 10834:1 11468:1 11596:1 11723:1,"{""x"":0.05469,""y"":0.25781,""w"":0.75781,""h"":0.46094}"
440,train/shadows/000440.png,128,"A cleaned target silhouette shows the shadow figure from a historical hand-shadow instruction plate. Infer the expert hand-and-arm ink arrangement that produced that shadow. Submit hand_ink_rle as a 128 by 128 binary mask RLE of the hand/arm drawing, hand_bbox_json as normalized x/y/w/h of the ink mask, and confidence in [0,1].",2491:1 2619:1 2748:1 3138:1 3245:5 3266:1 3375:1 3394:2 3524:1 3781:1 3909:2 4038:1 4125:1 4238:1 4240:1 4242:2 4247:3 4253:1 4366:1 4369:1 4374:4 4381:1 4410:3 4495:1 4510:1 4538:4 4624:1 4665:1 4794:8 4928:2 5040:4 5054:4 5170:1 5296:5 5554:3 6732:1 6860:2 6988:2 7116:2 7244:4 7264:1 7373:3 7392:1 7494:1 7497:1 7501:2 7519:1 7622:2 7625:1 7646:4 7751:1 7774:2 7777:2 7878:2 7882:1 7906:3 8005:4 8035:3 8134:2 8164:3 8263:1 8293:2 8391:1 8422:3 8520:1 8551:3 8648:2 8680:2 8777:1 8809:1 8905:1 9033:2 9162:1 9290:2 9411:1 9419:2 9539:2 9547:2 9668:1 9676:1 9796:2 9805:1 9933:2 10062:2 10191:2,"{""x"":0.10938,""y"":0.14844,""w"":0.71875,""h"":0.47656}"
441,train/shadows/000441.png,128,"A cleaned target silhouette shows the shadow figure from a historical hand-shadow instruction plate. Infer the expert hand-and-arm ink arrangement that produced that shadow. Submit hand_ink_rle as a 128 by 128 binary mask RLE of the hand/arm drawing, hand_bbox_json as normalized x/y/w/h of the ink mask, and confidence in [0,1].",1466:2 1593:4 1720:2 1723:2 1833:3 1847:2 1850:3 1960:2 1963:1 1975:1 1978:3 2088:1 2092:1 2103:2 2107:2 2216:1 2231:1 2235:2 2344:1 2349:1 2359:1 2364:1 2472:2 2477:1 2486:2 2600:2 2606:1 2614:2 2621:1 2728:3 2742:2 2749:1 2856:1 2863:1 2871:1 2985:2 2992:1 2999:3 3005:2 3113:3 3121:1 3127:3 3134:1 3241:4 3249:1 3255:3 3263:1 3370:5 3384:1 3392:1 3498:6 3512:3 3627:5 3637:1 3641:3 3649:1 3756:4 3766:1 3769:3 3778:2 3885:1 3887:1 3895:1 3898:3 3907:2 4014:2 4024:5 4037:2 4134:2 4142:4 4154:3 4166:2 4264:12 4283:3 4296:2 4403:4 4408:6 4427:2 4537:2 4557:2 4676:1 4686:1 4689:2 4807:1 4820:2 4902:1 4905:1 4940:1 4951:1 5031:6 5079:2 5158:10 5169:2 5172:2 5208:2 5239:1 5286:15 5339:2 5365:1 5367:1 5413:16 5468:4 5492:1 5496:1 5540:14 5596:1 5600:1 5619:1 5624:1 5667:3 5676:5 5730:1 5744:2 5794:2 5803:5 5859:2 5865:9 5929:4 5988:2 5992:2 5995:6 6053:5 6116:7 6126:4 6137:1 6181:2 6184:1 6246:2 6249:2 6265:1 6309:1 6377:2 6393:1 6505:1 6634:1 6648:2 6762:1 6776:1 6778:2 6812:1 6890:1 6903:1 6938:1 7018:2 7031:2 7064:2 7096:1 7158:1 7222:1 7224:1 7274:1 7348:1 7350:2 7402:1 7472:1 7474:6 7530:1 7541:1 7599:8 7657:2 7669:1 7726:7 7785:2 7797:2 7852:6 7913:2 7926:1 7979:5 8041:1 8052:1 8105:1 8107:3 8169:1 8180:1 8230:6 8296:2 8308:1 8310:2 8357:1 8364:1 8424:1 8435:2 8482:2 8552:1 8563:4 8607:2 8642:4 8680:1 8691:3 8735:1 8770:4 8807:1 8819:3 8934:2 8946:3 9075:2 9202:5 9329:5 9457:4 9585:5 9712:3 9717:1 9840:3 9968:5 10095:5 10223:4 10351:3 10355:1 10478:3 10482:2 10606:2 10610:1 10733:3 10738:1 10861:5 10985:1 10988:5 11113:1 11116:5 11242:1 11244:3 11249:2 11371:2 11375:2 11498:2 11502:3 11630:1 11633:1 11759:3 11888:2 12017:2 12146:1 12274:1 12532:2 13554:1 13556:1 13683:1 13685:1 13806:3 13812:1 13814:1 13934:4 14063:3 14069:1 14191:3 14198:1 14321:1 14327:1 14449:2 14578:1 14706:1,"{""x"":0.1875,""y"":0.08594,""w"":0.78125,""h"":0.8125}"
442,train/shadows/000442.png,128,"A cleaned target silhouette shows the shadow figure from a historical hand-shadow instruction plate. Infer the expert hand-and-arm ink arrangement that produced that shadow. Submit hand_ink_rle as a 128 by 128 binary mask RLE of the hand/arm drawing, hand_bbox_json as normalized x/y/w/h of the ink mask, and confidence in [0,1].",2360:1 2487:4 2613:2 2616:1 2618:1 2741:2 2744:1 2746:1 2868:2 2872:2 2996:2 3000:2 3124:2 3128:2 3386:1 3514:1 3629:4 3643:2 3754:6 3771:1 3773:1 3878:4 3883:1 3886:3 3900:1 4006:3 4010:1 4028:1 4030:1 4136:1 4157:1 4159:1 4285:1 4287:2 4391:1 4414:1 4417:1 4518:2 4542:1 4545:1 4645:2 4671:1 4674:1 4771:3 4799:1 4803:2 4899:2 4928:1 4932:1 5027:1 5057:1 5060:1 5155:1 5185:1 5189:1 5282:2 5317:2 5410:2 5446:1 5539:2 5574:2 5667:1 5703:1 5795:2 5831:1 5930:1 5959:2 6058:1 6087:2 6186:2 6215:2 6315:1 6343:2 6443:1 6471:3 6570:2 6573:1 6600:2 6698:5 6727:3 6735:1 6826:4 6831:1 6856:2 6862:4 6953:6 6984:2 6989:1 6991:5 7080:7 7113:2 7117:6 7124:2 7209:1 7211:4 7216:1 7241:3 7245:8 7254:3 7338:1 7341:4 7368:3 7372:2 7375:1 7377:1 7379:3 7385:1 7458:2 7467:1 7469:6 7496:7 7504:11 7585:1 7599:7 7625:5 7634:1 7638:4 7643:3 7710:4 7728:2 7732:3 7753:4 7763:2 7766:5 7772:1 7774:2 7837:4 7862:3 7881:4 7897:4 7904:2 7962:2 7965:2 7991:5 8009:4 8026:8 8035:1 8089:1 8091:2 8118:1 8120:5 8138:2 8158:1 8161:4 8214:5 8247:1 8250:7 8263:1 8266:2 8290:8 8299:1 8342:3 8380:2 8383:5 8389:2 8392:3 8419:15 8509:10 8520:3 8547:5 8553:2 8556:1 8640:2 8644:3 8648:1 8650:10 8675:1 8767:8 8776:17 8803:1 8897:6 8904:1 8910:3 8915:6 8931:1 8988:2 9026:6 9046:3 9050:7 9059:2 9114:1 9117:3 9155:5 9176:3 9183:7 9241:7 9284:4 9306:1 9312:2 9318:5 9368:1 9370:6 9411:2 9414:1 9432:1 9434:1 9441:1 9451:3 9498:3 9503:1 9539:2 9542:1 9560:2 9579:3 9625:1 9628:1 9667:3 9688:2 9753:1 9795:3 9816:3 9925:1 9944:1 9946:1 10051:1 10053:1 10072:1 10074:2 10179:2 10200:1 10286:1 10307:2 10328:1 10416:1 10456:1 10544:1 10584:1 10712:1 10840:1 10931:1 10933:2 10936:1 10968:1 11050:3 11058:3 11063:1 11096:1 11177:8 11224:1 11294:1 11303:3 11352:1 11413:2 11427:3 11542:2 11546:9 11672:2 12133:1 12261:1 12389:1 12516:2 12644:1 13290:1 13418:1 13545:2 13673:1 13801:1 13929:1 14189:1,"{""x"":0.16406,""y"":0.14062,""w"":0.72656,""h"":0.72656}"
444,train/shadows/000444.png,128,"A cleaned target silhouette shows the shadow figure from a historical hand-shadow instruction plate. Infer the expert hand-and-arm ink arrangement that produced that shadow. Submit hand_ink_rle as a 128 by 128 binary mask RLE of the hand/arm drawing, hand_bbox_json as normalized x/y/w/h of the ink mask, and confidence in [0,1].",830:2 833:2 958:1 961:2 1089:1 1091:1 1219:1 1341:1 1345:1 1347:1 1469:1 1473:1 1475:1 1597:1 1599:2 1603:2 1726:1 1731:2 1842:9 1852:2 1859:2 1967:3 1972:9 1986:2 2094:3 2105:2 2108:3 2114:4 2221:1 2233:1 2247:2 2349:1 2361:1 2373:2 2476:1 2489:1 2503:1 2505:1 2604:1 2616:1 2632:1 2634:1 2732:1 2737:2 2744:1 2747:2 2760:1 2762:1 2859:1 2866:1 2871:2 2888:1 2890:1 2987:1 2989:1 2992:1 2995:5 3004:2 3016:1 3115:1 3125:3 3132:1 3140:2 3144:1 3242:1 3254:2 3259:1 3272:1 3274:2 3370:1 3373:1 3382:2 3387:1 3399:2 3402:5 3500:1 3509:3 3515:1 3527:2 3530:11 3624:2 3637:2 3655:1 3658:1 3752:2 3763:2 3781:2 3786:1 3799:2 3880:2 3891:1 3913:1 3930:3 4008:1 4020:1 4037:2 4041:1 4061:1 4064:1 4136:1 4147:1 4169:7 4178:1 4192:1 4263:3 4297:3 4301:2 4304:4 4391:2 4402:1 4424:2 4436:2 4447:1 4519:1 4530:1 4565:10 4647:1 4658:1 4692:1 4696:2 4775:1 4789:1 4812:2 4827:1 4903:1 4913:1 4940:6 4955:1 5031:1 5041:1 5044:1 5068:10 5082:1 5159:1 5172:1 5206:4 5287:1 5542:2 5670:1 5798:2 5926:1 6054:2 6182:1 6310:1 6568:1 6695:1 6823:1 6950:3 7078:3 7204:2 7333:1 7457:4 7462:1 7579:1 7585:4 7706:3 7712:5 7833:11 7861:2 7870:1 7961:2 7964:1 7968:3 7980:1 7988:3 7998:1 8088:3 8097:3 8107:2 8124:2 8216:2 8219:1 8226:2 8234:2 8343:3 8347:1 8354:2 8362:1 8380:1 8470:3 8484:1 8504:1 8506:2 8598:3 8611:2 8617:1 8631:3 8725:5 8744:1 8850:4 8856:2 8860:1 8868:2 8872:1 8972:2 8975:4 8980:3 8984:1 8987:1 8996:1 9098:1 9105:1 9107:1 9109:1 9112:1 9115:1 9124:2 9230:1 9232:1 9237:1 9240:1 9243:1 9253:2 9357:1 9362:1 9368:1 9371:1 9381:1 9484:1 9490:1 9492:1 9496:1 9499:1 9510:2 9611:1 9615:1 9624:1 9627:2 9638:1 9641:1 9743:1 9745:1 9752:1 9755:2 9767:1 9873:1 9880:1 9883:3 9895:1 10000:1 10008:1 10011:3 10024:1 10043:1 10128:1 10136:1 10139:3 10153:1 10172:1 10256:1 10264:1 10267:3 10392:1 10395:1 10429:1 10511:1 10520:1 10538:1 10554:2 10638:1 10647:1 10684:1 10686:1 10766:1 10811:1 10813:1 10893:1 10939:1 10941:1 11021:1 11196:1 11288:1 11295:1 11326:1 11416:1 11423:1 11453:2 11544:1 11550:1 11571:1 11582:1 11672:1 11678:1 11699:1 11710:1 11800:1 11827:1 11928:1 11955:1 11967:1 12075:1 12083:1 12094:1 12203:1 12207:2 12211:1 12221:1 12313:1 12327:1 12332:1 12334:2 12339:1 12348:1 12440:1 12461:2 12467:1 12568:1 12579:1 12587:3 12594:1 12603:1 12696:1 12698:1 12706:1 12713:5 12722:1 12729:1 12839:8 12850:1 12856:2 12964:11 12978:1 12982:1 12984:1 13090:13 13106:1 13109:5 13209:1 13211:2 13217:1 13220:4 13225:5 13231:1 13234:1 13236:5 13337:3 13341:1 13348:1 13350:1 13352:8 13362:1 13364:1 13367:3 13475:1 13478:1 13481:2 13484:1 13486:1 13490:8 13612:1 13618:6 13744:1 13746:4 13751:2 13872:1 13874:5 14002:5 14129:3 14257:1 14259:1,"{""x"":0.07812,""y"":0.04688,""w"":0.67969,""h"":0.82812}"
447,train/shadows/000447.png,128,"A cleaned target silhouette shows the shadow figure from a historical hand-shadow instruction plate. Infer the expert hand-and-arm ink arrangement that produced that shadow. Submit hand_ink_rle as a 128 by 128 binary mask RLE of the hand/arm drawing, hand_bbox_json as normalized x/y/w/h of the ink mask, and confidence in [0,1].",1052:1 1178:1 1181:1 1291:1 1293:6 1307:2 1419:3 1433:1 1435:4 1550:3 1558:2 1561:2 1565:1 1567:1 1678:4 1689:1 1695:1 1807:4 1819:1 1823:2 1936:3 1947:1 1950:1 2067:2 2076:1 2185:1 2187:1 2189:1 2195:2 2314:7 2448:3 2579:2 3740:1 3995:1 4297:3 4377:1 4380:1 4382:1 4507:3 4618:2 4631:1 4634:1 4745:3 4754:2 4761:1 4872:2 4875:1 4881:2 4886:1 4889:1 5001:5 5008:3 5016:1 5130:4 5136:2 5141:1 5143:2 5256:6 5264:1 5268:1 5271:1 5384:8 5399:1 5404:1 5514:5 5523:1 5526:1 5532:1 5643:3 5654:1 5660:1 5769:5 5778:1 5782:1 5787:2 5899:1 5914:3 6024:3 6036:1 6110:5 6153:1 6164:1 6238:5 6281:1 6292:1 6368:1 6408:1 6420:1 6435:2 6535:1 6548:1 6562:2 6676:1 6689:3 6752:1 6800:1 6803:2 6817:3 6879:2 6931:3 6942:1 6945:3 7007:1 7059:1 7061:6 7068:2 7072:3 7181:1 7187:1 7189:4 7199:1 7201:2 7308:1 7314:1 7316:5 7326:4 7435:1 7444:8 7453:5 7519:1 7562:2 7571:10 7582:2 7585:1 7647:1 7698:6 7707:2 7711:2 7774:1 7817:2 7826:1 7828:5 7837:1 7839:2 7944:2 7954:1 7957:3 7961:2 7964:1 7967:2 8072:1 8081:1 8086:3 8090:3 8095:1 8157:1 8199:2 8209:1 8215:3 8219:1 8223:1 8285:1 8327:2 8336:1 8344:3 8350:1 8413:1 8453:3 8463:1 8474:1 8477:1 8537:1 8541:1 8580:3 8589:2 8603:2 8665:1 8668:2 8708:3 8717:1 8793:1 8796:3 8836:3 8845:1 8921:2 8964:3 8972:1 9050:2 9092:3 9100:1 9178:1 9220:2 9227:1 9348:1 9355:1 9476:3 9482:1 9605:1 9609:1 9736:1 13497:5 13503:1 13505:2 13516:2 13624:1 13626:1 13628:2 13633:2 13636:2 13639:2 13642:4 13651:1 13754:1 13756:7 13764:2 13767:2 13770:1 13772:2 13776:2 13779:1 13892:10 13904:1 13906:3 14032:5,"{""x"":0.03125,""y"":0.0625,""w"":0.74219,""h"":0.79688}"
448,train/shadows/000448.png,128,"A cleaned target silhouette shows the shadow figure from a historical hand-shadow instruction plate. Infer the expert hand-and-arm ink arrangement that produced that shadow. Submit hand_ink_rle as a 128 by 128 binary mask RLE of the hand/arm drawing, hand_bbox_json as normalized x/y/w/h of the ink mask, and confidence in [0,1].",1902:1 1904:2 2029:5 2157:3 2284:4 2396:1 2414:3 2523:2 2543:2 2651:2 2778:3 2905:5 3033:2 3036:2 3161:2 3164:2 3289:2 3417:2 3544:2 3551:2 3672:2 3679:2 3800:2 3807:2 3928:2 3935:2 4056:3 4063:3 4184:3 4191:3 4319:3 4448:2 4577:2 4706:1 4834:2 4962:3 5090:5 5221:2 5350:2 5479:3 5607:2 5736:1 5864:2 5993:2 6115:1 6121:3 6243:2 6250:2 6369:5 6378:3 6497:6 6507:2 6625:2 6628:1 6630:2 6635:2 6753:2 6756:1 6758:1 6881:2 6963:2 7009:3 7091:2 7138:2 7218:2 7265:3 7346:3 7392:2 7474:3 7602:3 7732:1 7860:1 7988:1 8116:1 8118:2 8244:4 8373:3 8501:3 8630:3 8759:2 8887:2 9015:3 9143:2 9258:2 9271:2 9386:2 9400:1 9404:1 9515:3 9528:5 9630:1 9644:3 9656:7 9669:1 9757:2 9774:2 9785:6 9797:2 9886:1 9902:3 9914:6 9925:2 10014:2 10031:4 10042:7 10054:2 10143:1 10160:4 10171:2 10174:5 10183:4 10271:1 10290:4 10302:6 10309:7 10399:2 10418:6 10431:8 10440:8 10527:3 10546:7 10560:2 10563:5 10569:8 10656:3 10680:3 10693:4 10698:8 10785:3 10809:5 10822:1 10824:2 10827:9 10914:3 10939:7 10951:2 10954:2 10957:8 10977:2 11041:3 11070:7 11080:14 11105:2 11170:3 11200:6 11208:19 11232:3 11299:2 11326:3 11331:4 11341:13 11359:3 11363:2 11427:3 11445:1 11451:9 11461:5 11471:9 11486:3 11490:3 11556:3 11572:4 11580:2 11591:5 11603:3 11614:3 11620:3 11685:2 11699:11 11722:2 11734:1 11743:4 11749:4 11813:3 11826:11 11862:4 11871:1 11873:3 11878:5 11942:2 11954:1 11956:7 11990:4 12003:2 12008:5 12039:2 12071:2 12084:6 12119:3 12132:2 12139:5 12167:3 12200:2 12247:3 12261:2 12269:5 12295:3 12375:3 12399:3 12423:3 12500:2 12503:2 12628:2 12631:2 12635:10 12756:5 12763:3 12768:9 12873:3 12883:5 12890:4 12899:8 13001:4 13009:5 13015:1 13017:7 13029:7 13127:7 13136:4 13141:1 13145:8 13157:4 13162:1 13251:2 13254:7 13273:7 13281:2 13286:3 13378:3 13382:7 13406:6 13415:2 13494:1 13505:4 13510:5 13533:2 13536:4 13622:1 13632:5 13638:3 13664:3 13747:2 13750:3 13758:7 13766:2 13793:1 13875:6 13926:1 14007:2 14053:2 14056:1 14181:4,"{""x"":0.05469,""y"":0.10938,""w"":0.83594,""h"":0.75781}"
449,train/shadows/000449.png,128,"A cleaned target silhouette shows the shadow figure from a historical hand-shadow instruction plate. Infer the expert hand-and-arm ink arrangement that produced that shadow. Submit hand_ink_rle as a 128 by 128 binary mask RLE of the hand/arm drawing, hand_bbox_json as normalized x/y/w/h of the ink mask, and confidence in [0,1].",3562:2 3689:4 3817:4 3945:4 4075:4 4203:3 4331:4 4460:4 4496:2 4588:1 4590:2 4623:4 4718:3 4753:4 4847:3 4881:5 4931:2 4976:3 5009:6 5059:3 5105:2 5137:2 5140:3 5187:3 5265:1 5270:1 5316:1 5449:3 5577:3 5705:3 5709:2 5834:2 5837:4 5965:5 6096:3 6225:3 6355:2 6483:3 6612:2 6741:2 6869:1 10049:2 10176:3 10303:3 10427:6 10451:2 10552:15 10573:18 10676:46 10801:51 10926:12 10943:19 10965:15 11053:8 11080:4 11102:6 11178:1 11180:6 11305:7 11431:8 11556:1 11558:6 11684:6 11813:4 11932:3 11939:5 12060:4 12065:7 12188:3 12192:6 12320:5 12446:5 12574:4 12701:5 12818:3 12827:5 12946:4 12954:6 13074:4 13081:6 13202:12 13330:11 13459:9 13588:6 13719:1,"{""x"":0.11719,""y"":0.21094,""w"":0.78125,""h"":0.63281}"
450,train/shadows/000450.png,128,"A cleaned target silhouette shows the shadow figure from a historical hand-shadow instruction plate. Infer the expert hand-and-arm ink arrangement that produced that shadow. Submit hand_ink_rle as a 128 by 128 binary mask RLE of the hand/arm drawing, hand_bbox_json as normalized x/y/w/h of the ink mask, and confidence in [0,1].",2636:1 2738:3 2763:1 2765:1 2872:2 2888:1 2892:1 3013:1 3018:2 3133:1 3139:1 3144:2 3147:1 3270:4 3398:2 3526:1 4046:1 4168:7 4291:1 4293:1 4301:2 4426:4 4551:3 5417:3 5799:1 6561:2 8485:1 8612:1 9255:1 11033:1 11161:1 11289:1 11931:2 12061:1 12063:6 12325:1 12451:1 12458:1 12579:1 12586:1 12708:1 12714:1 12720:1 12835:1 12848:1 12853:1 12936:1 12960:4 12965:1 12976:6 13064:1 13088:1 13090:2 13093:1 13099:10 13190:2 13212:22 13235:1 13237:1 13317:2 13340:4 13345:19 13443:1 13471:5 13477:6 13484:1 13488:3 13603:3 13607:1 13611:2 13618:1 13620:1 13738:2 13741:4 13746:3 13865:1 13870:3 13874:1 13990:1 14112:4 14122:4 14236:2 14635:6 14644:4 14649:2 14662:6 14669:2 14672:1 14764:6 14771:8 14790:2 14793:2 14797:4,"{""x"":0.02344,""y"":0.15625,""w"":0.60938,""h"":0.75}"
451,train/shadows/000451.png,128,"A cleaned target silhouette shows the shadow figure from a historical hand-shadow instruction plate. Infer the expert hand-and-arm ink arrangement that produced that shadow. Submit hand_ink_rle as a 128 by 128 binary mask RLE of the hand/arm drawing, hand_bbox_json as normalized x/y/w/h of the ink mask, and confidence in [0,1].",1511:1 1514:1 1638:1 1640:3 1765:1 1767:3 1780:4 1785:1 1890:4 1895:5 1902:3 1912:2 2021:5 2028:1 2038:3 2148:4 2154:1 2165:2 2277:2 2281:1 2290:3 2407:1 2417:4 2543:1 2545:1 2670:2 2680:1 2804:2 2807:3 2929:9 3054:2 3897:1 4022:2 4198:1 4455:1 4581:1 4584:1 4708:1 4713:1 4837:2 4841:1 4966:2 5098:1 5223:2 5230:2 5239:1 5352:2 5359:2 5365:4 5410:1 5481:1 5484:1 5487:1 5489:1 5492:6 5535:1 5538:1 5610:1 5616:1 5620:5 5664:1 5666:1 5733:1 5738:1 5745:2 5748:4 5792:1 5861:1 5867:1 5869:1 5873:1 5876:6 5920:1 5989:1 5995:1 5998:1 6002:8 6048:1 6117:1 6123:1 6131:4 6176:1 6246:1 6260:5 6374:1 6389:5 6508:1 6517:1 6560:1 6636:1 6646:3 6688:1 6748:2 6764:1 6775:1 6877:2 6892:1 6904:1 7005:3 7020:1 7032:1 7073:1 7133:2 7148:1 7161:1 7201:1 7261:3 7266:1 7275:2 7329:1 7390:3 7396:2 7403:2 7408:1 7518:4 7527:5 7533:1 7646:4 7655:2 7658:2 7661:1 7774:3 7778:1 7783:7 7794:1 7902:3 7907:9 7917:1 7923:1 8030:2 8036:10 8052:1 8098:1 8101:2 8159:2 8162:1 8168:6 8180:1 8225:1 8229:2 8287:1 8291:1 8294:5 8301:1 8309:2 8357:2 8419:7 8429:1 8437:2 8483:3 8544:1 8548:5 8558:1 8566:2 8611:1 8673:1 8678:2 8686:1 8695:1 8802:1 8806:1 8815:2 8823:2 8932:1 8943:2 8951:2 9072:1 9080:2 9200:2 9208:2 9329:1 9336:3 9457:1 9464:1 9466:1 9586:1 9593:2 9714:1 9721:2 9843:1 9849:2 9971:1 9977:2 10100:1 10104:1 10106:1 10229:1 10233:2 10358:1 10361:1 13230:2 13351:5 13358:2 13361:1 13363:2 13367:3 13373:5 13479:2 13482:2 13487:1 13489:1 13492:1 13494:2 13497:1 13499:2 13505:1 13607:3 13611:1 13614:2 13617:2 13620:1 13622:1 13624:4 13629:5 13635:1,"{""x"":0.24219,""y"":0.08594,""w"":0.71875,""h"":0.75}"
452,train/shadows/000452.png,128,"A cleaned target silhouette shows the shadow figure from a historical hand-shadow instruction plate. Infer the expert hand-and-arm ink arrangement that produced that shadow. Submit hand_ink_rle as a 128 by 128 binary mask RLE of the hand/arm drawing, hand_bbox_json as normalized x/y/w/h of the ink mask, and confidence in [0,1].",4974:3 5100:3 5108:2 5226:1 5232:1 5234:1 5236:3 5352:2 5360:4 5366:1 5413:3 5478:2 5481:1 5486:3 5536:8 5602:6 5613:4 5621:1 5661:2 5664:1 5666:1 5728:3 5734:1 5739:1 5741:3 5748:1 5789:1 5798:1 5805:1 5854:5 5866:5 5875:1 5917:8 5926:5 5932:1 5981:1 5983:1 5985:2 5992:5 6002:2 6044:1 6047:17 6107:1 6109:4 6116:1 6119:5 6127:1 6129:1 6132:1 6169:26 6232:7 6244:6 6255:2 6260:1 6297:1 6300:2 6304:1 6314:2 6317:6 6359:6 6371:3 6375:3 6382:3 6425:2 6428:1 6442:1 6445:1 6448:3 6452:1 6484:5 6497:5 6508:4 6515:1 6553:5 6560:3 6570:1 6577:1 6611:3 6623:2 6626:5 6636:2 6639:1 6642:1 6681:1 6685:2 6688:11 6739:4 6749:4 6754:1 6756:1 6759:1 6762:4 6769:1 6809:1 6823:1 6825:5 6831:1 6840:1 6856:1 6877:1 6879:1 6888:4 6938:3 6945:1 6956:3 6960:1 6969:1 6984:1 7002:1 7015:5 7069:8 7080:1 7086:1 7113:1 7139:7 7149:1 7151:1 7197:1 7199:9 7225:2 7241:1 7266:7 7276:1 7278:2 7325:1 7330:8 7353:1 7369:1 7392:8 7403:4 7457:2 7464:4 7480:2 7497:1 7521:1 7525:1 7530:4 7535:1 7583:3 7594:3 7607:2 7625:1 7657:4 7663:1 7715:2 7719:1 7723:2 7735:2 7753:2 7765:1 7769:1 7784:4 7790:1 7846:2 7852:1 7863:3 7881:2 7893:1 7911:3 7915:1 7917:1 7976:1 7980:1 7990:1 8010:1 8034:2 8038:5 8045:1 8106:2 8118:1 8120:1 8137:2 8163:6 8172:1 8235:1 8245:1 8282:1 8291:4 8299:1 8364:1 8378:1 8410:1 8419:3 8426:1 8493:2 8497:1 8538:1 8547:1 8553:1 8622:1 8651:1 8680:1 8751:2 8779:1 8795:1 8806:1 8880:2 8907:1 8931:1 8933:1 9009:2 9035:1 9059:2 9137:3 9163:1 9185:2 9266:2 9312:1 9385:1 9395:1 9420:1 9439:1 9512:1 9524:1 9539:1 9548:1 9566:1 9637:2 9652:1 9677:1 9692:2 9781:1 9818:2 9910:1 9933:1 9945:2 10037:2 10061:1 10073:1 10149:2 10435:1 10458:2 10562:2 10690:1 10716:1 11054:2 11180:3 11308:2 11441:2 11566:3 12342:1 12470:1 12472:1 12600:1,"{""x"":0.19531,""y"":0.29688,""w"":0.73438,""h"":0.47656}"
455,train/shadows/000455.png,128,"A cleaned target silhouette shows the shadow figure from a historical hand-shadow instruction plate. Infer the expert hand-and-arm ink arrangement that produced that shadow. Submit hand_ink_rle as a 128 by 128 binary mask RLE of the hand/arm drawing, hand_bbox_json as normalized x/y/w/h of the ink mask, and confidence in [0,1].",669:1 780:6 797:3 907:3 923:4 928:1 1037:3 1045:3 1051:4 1057:1 1166:3 1177:2 1181:3 1185:4 1296:4 1307:2 1311:1 1313:1 1425:3 1437:1 1439:4 1556:1 1566:1 1568:2 1684:2 1804:5 1931:9 1943:1 2059:2 2064:4 2196:1 2326:1 3613:2 3868:1 3917:2 3995:1 3999:1 4048:1 4123:1 4128:1 4177:1 4253:3 4378:1 4492:2 4500:2 4508:1 4618:3 4626:3 4632:1 4635:3 4745:1 4747:4 4753:1 4755:1 4759:1 4762:1 4873:6 4882:2 4887:1 4889:2 5002:5 5008:2 5014:1 5017:1 5131:4 5137:1 5144:2 5257:8 5269:1 5272:1 5278:1 5385:7 5396:1 5400:1 5406:1 5516:3 5534:1 5641:5 5655:1 5661:2 5769:5 5783:1 5789:1 5896:1 5899:1 5911:1 5917:1 6026:1 6038:1 6045:1 6117:2 6120:1 6154:1 6165:1 6247:3 6281:1 6293:1 6309:2 6375:1 6407:2 6421:1 6436:1 6438:1 6549:2 6563:1 6565:2 6677:2 6690:1 6692:3 6758:1 6801:1 6805:2 6817:1 6820:2 6886:2 6933:1 6935:1 6944:1 6947:3 7014:1 7060:2 7063:4 7069:2 7074:4 7142:1 7182:2 7188:1 7190:4 7201:5 7309:1 7315:1 7317:6 7328:6 7436:1 7443:1 7445:7 7455:1 7457:3 7526:1 7564:1 7571:12 7585:3 7654:1 7691:1 7700:5 7708:2 7714:2 7782:1 7818:2 7827:7 7836:1 7841:2 7945:2 7955:1 7959:5 7967:1 7970:1 8073:2 8083:1 8087:4 8093:2 8097:2 8164:1 8200:1 8210:1 8217:5 8292:1 8327:3 8337:2 8346:4 8353:1 8420:1 8454:3 8464:2 8475:2 8548:1 8581:3 8590:2 8671:2 8675:2 8709:3 8718:2 8799:2 8803:2 8836:4 8846:1 8927:2 8931:2 8964:2 8967:1 8974:1 9056:3 9060:1 9092:3 9101:1 9184:2 9220:3 9229:1 9348:3 9476:3 9484:1 9604:3 9611:1 9732:2 9738:1 9864:1 9991:1 14014:1 14016:3 14027:1 14139:2 14142:1 14144:4 14149:3 14153:3 14161:3 14275:5 14281:4 14286:2 14289:2 14293:2 14413:1 14415:4 14421:2 14424:2 14552:1,"{""x"":0.03125,""y"":0.03906,""w"":0.79688,""h"":0.85156}"
456,train/shadows/000456.png,128,"A cleaned target silhouette shows the shadow figure from a historical hand-shadow instruction plate. Infer the expert hand-and-arm ink arrangement that produced that shadow. Submit hand_ink_rle as a 128 by 128 binary mask RLE of the hand/arm drawing, hand_bbox_json as normalized x/y/w/h of the ink mask, and confidence in [0,1].",2496:2 2625:1 2753:1 3121:3 3144:1 3251:3 3272:1 3400:2 3403:1 3531:1 3659:1 3787:1 3916:1 4044:1 4110:1 4112:1 4126:1 4238:1 4241:3 4248:3 4254:1 4367:1 4375:4 4383:1 4415:3 4496:1 4511:2 4543:4 4669:2 4799:1 4801:7 4934:1 5044:5 5060:5 5300:7 5560:2 6739:1 6867:2 6995:2 7123:2 7251:4 7274:1 7380:3 7401:2 7500:1 7504:1 7508:4 7528:2 7629:1 7632:1 7656:3 7757:1 7783:2 7787:2 7884:3 7889:1 7916:3 8013:1 8045:3 8141:2 8174:4 8269:2 8303:3 8397:2 8432:3 8526:1 8561:3 8655:2 8690:3 8783:2 8820:1 8912:1 9040:2 9169:1 9297:2 9416:2 9426:2 9545:2 9554:2 9674:2 9683:1 9802:2 9812:2 9940:2 10069:1 10197:2 10326:1,"{""x"":0.10938,""y"":0.14844,""w"":0.80469,""h"":0.48438}"
457,train/shadows/000457.png,128,"A cleaned target silhouette shows the shadow figure from a historical hand-shadow instruction plate. Infer the expert hand-and-arm ink arrangement that produced that shadow. Submit hand_ink_rle as a 128 by 128 binary mask RLE of the hand/arm drawing, hand_bbox_json as normalized x/y/w/h of the ink mask, and confidence in [0,1].",1597:1 1725:4 1856:2 1983:3 2107:1 2111:3 2235:1 2239:1 2241:1 2363:1 2365:3 2369:1 2492:1 2494:1 2497:1 2608:1 2618:2 2625:1 2734:4 2740:1 2746:1 2753:1 2863:1 2869:1 2871:3 2880:3 2987:3 2999:2 3009:5 3115:1 3141:1 3243:1 3255:1 3268:1 3371:1 3376:1 3383:1 3397:1 3498:2 3503:1 3505:1 3510:1 3513:2 3527:1 3626:2 3634:3 3638:1 3642:2 3656:1 3754:2 3763:4 3770:2 3784:1 3881:1 3883:1 3892:2 3898:1 3906:1 3909:1 3912:1 4008:1 4010:1 4020:2 4025:1 4037:1 4040:1 4147:2 4152:1 4165:1 4168:3 4263:2 4274:3 4292:1 4294:4 4300:3 4391:2 4402:3 4422:2 4431:1 4519:3 4530:1 4547:1 4550:1 4562:3 4647:1 4658:1 4675:1 4678:2 4694:2 4774:3 4803:2 4806:2 4824:1 4902:3 4913:1 4934:6 4943:1 4953:2 4957:1 5030:1 5041:1 5062:3 5066:6 5084:1 5157:1 5199:3 5212:1 5285:1 5330:6 5339:1 5413:1 5423:1 5426:1 5456:2 5462:1 5464:2 5541:1 5551:1 5554:1 5577:1 5579:1 5590:1 5669:1 5705:3 5718:1 5797:1 5809:1 5845:1 5925:2 5967:5 6053:1 6308:2 6436:1 6564:2 6692:1 6820:2 7078:1 7205:1 7333:1 7459:3 7587:1 7712:1 7714:2 7839:6 7966:3 7970:2 8089:3 8094:5 8216:3 8222:4 8343:3 8347:1 8351:1 8353:1 8362:1 8371:1 8379:1 8469:4 8474:1 8481:1 8489:1 8499:2 8505:2 8597:4 8607:2 8615:1 8632:2 8724:3 8729:1 8736:1 8760:1 8852:3 8857:1 8870:1 8885:1 8887:1 8978:3 8982:1 8992:2 8998:1 9012:3 9105:3 9109:1 9125:1 9140:1 9226:3 9230:1 9233:2 9236:1 9250:1 9360:1 9362:1 9364:1 9367:1 9378:1 9485:2 9495:1 9498:1 9507:1 9611:1 9616:1 9625:1 9635:2 9741:1 9746:1 9753:1 9764:1 9871:1 9878:1 9881:1 9891:1 9893:1 9999:1 10006:1 10009:2 10022:1 10134:1 10137:3 10148:1 10254:1 10262:1 10265:2 10382:1 10390:1 10393:3 10405:1 10423:1 10509:2 10518:1 10521:2 10534:1 10552:1 10637:1 10649:1 10764:1 10773:1 10791:1 10806:1 10809:1 10901:1 10934:2 11019:1 11029:1 11063:1 11065:1 11147:1 11157:1 11190:1 11193:1 11319:1 11321:1 11420:1 11449:1 11548:1 11576:1 11675:2 11803:1 11833:1 11925:1 11951:1 11962:1 12053:1 12071:1 12078:1 12090:1 12181:1 12206:1 12327:1 12334:1 12345:1 12451:1 12458:2 12462:1 12578:1 12585:2 12590:1 12696:1 12705:1 12711:3 12718:1 12726:1 12822:1 12824:1 12838:5 12846:1 12853:1 12950:1 12964:7 12974:1 12980:2 13077:1 13090:9 13102:1 13107:1 13109:1 13206:1 13209:1 13213:1 13215:12 13229:1 13234:2 13237:1 13334:2 13344:2 13348:2 13351:4 13357:1 13360:4 13462:1 13472:1 13474:1 13476:3 13480:1 13485:1 13487:5 13599:1 13604:1 13615:1 13618:2 13739:1 13741:7 13869:6 13997:4 14125:5 14252:6 14380:3,"{""x"":0.07812,""y"":0.09375,""w"":0.65625,""h"":0.78906}"
458,train/shadows/000458.png,128,"A cleaned target silhouette shows the shadow figure from a historical hand-shadow instruction plate. Infer the expert hand-and-arm ink arrangement that produced that shadow. Submit hand_ink_rle as a 128 by 128 binary mask RLE of the hand/arm drawing, hand_bbox_json as normalized x/y/w/h of the ink mask, and confidence in [0,1].",4633:2 4714:4 4760:4 4842:4 4888:4 4970:3 5015:3 5097:4 5143:3 5225:4 5271:3 5352:5 5398:3 5480:1 5484:1 5527:1 5529:1 5566:1 5608:1 5654:2 5693:2 5781:2 5821:2 5908:2 6036:2 6164:1 6199:3 6326:3 6450:7 6578:5 6705:3 6833:2 6960:1 7087:2 7215:2 7342:2 10178:2 10306:5 10435:7 10564:9 10575:2 10675:1 10687:20 10794:16 10812:25 10921:29 10954:5 10961:6 11046:31 11092:6 11172:15 11188:9 11221:6 11300:6 11351:5 11429:5 11480:5 11486:2 11610:6 11620:3 11739:6 11747:4 11867:8 11876:3 11997:6 12126:7 12258:4 12386:5 12398:3 12514:1 12516:5 12525:4 12645:5 12652:5 12774:11 12903:9 13032:7 13162:2 13291:1,"{""x"":0.15625,""y"":0.28125,""w"":0.72656,""h"":0.53125}"
459,train/shadows/000459.png,128,"A cleaned target silhouette shows the shadow figure from a historical hand-shadow instruction plate. Infer the expert hand-and-arm ink arrangement that produced that shadow. Submit hand_ink_rle as a 128 by 128 binary mask RLE of the hand/arm drawing, hand_bbox_json as normalized x/y/w/h of the ink mask, and confidence in [0,1].",2792:1 2919:3 3047:3 3175:3 3303:5 3432:3 3560:4 3688:5 3818:1 3820:2 3948:3 4078:3 4207:2 4335:2 4803:2 4931:3 5059:3 5189:1 5265:3 5322:2 5393:5 5451:2 5454:2 5523:5 5579:2 5582:4 5651:6 5708:1 5710:5 5779:2 5782:3 5841:3 5907:2 5912:1 5970:3 6035:1 6100:4 6229:2 9698:1 9798:2 9816:15 9925:2 9944:17 10052:3 10066:24 10177:12 10191:19 10212:6 10302:26 10428:28 10554:24 10679:10 10805:7 10932:8 11060:5 11187:4 11315:4 11442:3 11569:4 11696:4 11820:2 11823:4 11948:7 12075:6 12197:2 12202:7 12325:3 12329:6 12453:2 12456:6 12585:3 12712:3 12840:3 12967:3 13093:4 13212:3 13220:5 13340:4 13347:5 13468:4 13473:7 13596:11 13724:10 13854:7 13983:2 13986:1,"{""x"":0.13281,""y"":0.16406,""w"":0.75,""h"":0.69531}"
461,train/shadows/000461.png,128,"A cleaned target silhouette shows the shadow figure from a historical hand-shadow instruction plate. Infer the expert hand-and-arm ink arrangement that produced that shadow. Submit hand_ink_rle as a 128 by 128 binary mask RLE of the hand/arm drawing, hand_bbox_json as normalized x/y/w/h of the ink mask, and confidence in [0,1].",3800:5 3924:3 3934:4 4050:3 4066:2 4175:2 4302:1 4425:3 4552:1 4570:3 4576:3 4679:1 4695:2 4706:3 4806:1 4818:3 4838:2 4933:1 4942:4 5060:1 5067:4 5187:1 5194:1 5314:1 5321:1 5441:1 5448:1 5568:1 5575:1 5695:1 5710:1 5715:2 5822:1 5838:1 5949:1 6076:1 6203:1 6330:1 6585:1 6610:2 6613:5 6712:1 6737:1 6749:3 6839:1 6863:1 6966:1 7092:1 7200:9 7219:1 7328:1 7331:1 7336:4 7346:1 7406:1 7456:1 7461:1 7463:1 7468:2 7472:2 7519:1 7534:1 7584:1 7596:4 7661:2 7712:1 7724:3 7789:1 7791:1 7831:1 7833:8 7853:4 7920:2 7956:2 7959:1 7965:1 7969:1 7981:4 8045:1 8050:1 8082:2 8087:7 8095:3 8110:3 8172:1 8178:1 8208:2 8222:1 8224:2 8238:3 8334:2 8346:8 8366:3 8460:3 8464:8 8475:1 8480:3 8495:3 8586:4 8602:1 8610:1 8623:3 8729:1 8738:1 8751:3 8856:1 8866:1 8880:2 9008:3 9109:2 9136:4 9236:1 9247:1 9251:1 9265:3 9286:3 9363:1 9379:1 9393:4 9410:1 9412:4 9490:2 9502:1 9504:1 9507:1 9522:3 9536:6 9630:1 9633:1 9636:1 9651:3 9661:8 9764:1 9779:4 9789:6 9872:1 9885:1 9890:1 9908:4 9914:7 10013:1 10021:1 10036:2 10039:1 10041:7 10141:1 10147:3 10164:3 10168:6 10213:1 10253:1 10269:1 10276:2 10292:10 10341:1 10347:1 10396:1 10398:1 10405:2 10421:9 10471:5 10524:2 10534:1 10549:8 10578:24 10652:2 10663:1 10677:1 10679:7 10706:15 10779:3 10805:9 10833:17 10907:3 10933:4 10938:1 10940:2 10960:1 10962:11 11036:2 11062:3 11066:1 11087:10 11100:1 11113:1 11162:2 11173:1 11191:2 11194:1 11212:1 11214:8 11229:5 11238:3 11319:1 11338:6 11358:4 11363:2 11417:2 11447:1 11466:3 11487:1 11544:2 11616:2 11672:1 11745:1 12962:1 13090:1,"{""x"":0.07812,""y"":0.22656,""w"":0.82031,""h"":0.57812}"
462,train/shadows/000462.png,128,"A cleaned target silhouette shows the shadow figure from a historical hand-shadow instruction plate. Infer the expert hand-and-arm ink arrangement that produced that shadow. Submit hand_ink_rle as a 128 by 128 binary mask RLE of the hand/arm drawing, hand_bbox_json as normalized x/y/w/h of the ink mask, and confidence in [0,1].",2613:1 2739:3 2867:2 3509:1 3636:2 3764:1 3891:3 4019:1 4146:1 4273:2 4401:2 4676:1 4678:1 4804:1 4806:2 4930:4 4935:1 5058:2 5185:2 5285:1 5311:3 5412:2 5438:3 5540:2 5566:2 5668:3 5693:2 5796:3 5821:2 5924:1 5926:1 6051:2 6054:1 6179:2 6199:3 6307:2 6310:1 6317:3 6322:8 6435:2 6438:1 6444:4 6451:5 6563:2 6566:1 6574:5 6691:2 6694:1 6698:1 6703:4 6751:2 6819:2 6822:1 6826:1 6879:3 6949:1 6952:3 7010:5 7077:1 7080:3 7141:1 7206:5 7333:5 7464:1 7885:2 7973:1 8009:6 8100:2 8137:4 10150:2 10277:2 10406:1 10527:2 10530:1 10656:1 10658:3 10784:1 10786:1 10910:2 10914:1 10927:1 11039:1 11056:1 11167:2 11184:2 11295:2 11310:2 11314:2 11423:2 11438:3 11443:3 11551:2 11568:3 11679:2 11696:2 11699:1 11807:2 12062:1 12189:2 12207:1 12237:3 12245:5 12317:1 12336:1 12365:16 12464:2 12495:14 12592:1 12594:3 12618:8 12720:8 12745:7 12829:1 12848:11 12870:8 12956:2 12971:31 13084:2 13101:3 13110:18 13227:3 13248:1 13355:3 13483:3 13610:2 13737:3 13864:2 13991:3 14119:3 14247:2 14375:2 14502:2 14630:2 14757:2 14885:2 15013:2 15141:1,"{""x"":0.21875,""y"":0.15625,""w"":0.58594,""h"":0.77344}"
463,train/shadows/000463.png,128,"A cleaned target silhouette shows the shadow figure from a historical hand-shadow instruction plate. Infer the expert hand-and-arm ink arrangement that produced that shadow. Submit hand_ink_rle as a 128 by 128 binary mask RLE of the hand/arm drawing, hand_bbox_json as normalized x/y/w/h of the ink mask, and confidence in [0,1].",1866:4 1994:1 1997:1 2121:1 2249:1 2254:1 2377:1 2379:1 2382:1 2505:1 2507:2 2510:1 2633:1 2637:1 2761:1 2766:1 2889:1 2893:1 2895:2 2898:2 2904:1 3015:2 3024:2 3031:1 3033:1 3141:3 3161:2 3270:2 3395:1 3397:1 3409:1 3419:1 3522:1 3524:1 3534:1 3537:1 3543:1 3547:1 3650:1 3652:1 3661:2 3666:1 3670:1 3675:1 3778:1 3780:1 3790:1 3794:4 3800:1 3803:2 3906:1 3911:1 3922:2 3931:2 4030:5 4047:1 4051:1 4059:2 4153:2 4162:1 4175:1 4179:2 4187:1 4277:2 4280:1 4291:1 4294:1 4309:1 4318:1 4419:1 4422:1 4437:1 4446:2 4528:4 4547:1 4550:1 4575:1 4656:2 4668:1 4672:4 4701:1 4703:1 4785:1 4793:6 4804:1 4822:1 4831:1 4914:1 4919:1 4950:1 4959:1 5044:2 5087:2 5173:1 5179:1 5184:2 5204:1 5215:1 5302:1 5309:5 5332:1 5335:1 5343:2 5432:4 5471:2 5589:1 5600:1 5727:2 5855:2 5983:2 6111:2 6239:1 6366:1 6495:1 6622:2 6750:2 6880:1 7008:1 7135:2 7263:3 7393:3 7521:1 7523:2 7650:4 7756:1 7763:1 7778:4 7784:2 7890:2 7906:4 7912:3 8013:1 8035:2 8040:1 8042:2 8142:1 8156:1 8162:2 8169:3 8271:1 8273:1 8290:2 8299:2 8400:2 8413:1 8427:2 8541:1 8545:2 8555:3 8670:1 8673:1 8683:1 8685:2 8800:1 8808:1 8812:4 8819:1 8927:2 8936:1 8944:1 8949:2 9064:1 9069:1 9073:1 9183:1 9192:1 9197:1 9199:1 9204:1 9310:1 9320:1 9333:1 9438:2 9448:2 9457:1 9550:1 9575:3 9585:1 9703:3 9714:1 9805:1 9831:3 9842:1 9935:1 9949:1 9960:2 9970:1 10060:1 10063:1 10076:1 10099:1 10188:1 10190:1 10227:1 10445:1 10475:1 10572:1 10603:1 10612:1 10700:1 10725:1 10731:1 10827:1 10836:1 10854:1 10859:1 10955:1 10964:1 10982:1 11211:1 11340:1 11355:1 11469:1 11480:1 11498:1 11598:1 11609:1 11614:1 11626:1 11727:1 11736:3 11745:1 11754:1 11855:2 11864:4 11880:1 11984:2 11992:5 11999:1 12112:3 12121:2 12124:7 12240:4 12249:8 12260:1 12264:1 12266:1 12368:3 12372:1 12376:3 12380:2 12383:1 12385:1 12391:1 12393:2 12497:1 12499:2 12509:1 12627:3 12631:1 12754:4 12759:1 12882:4 13011:3 13142:1,"{""x"":0.375,""y"":0.10938,""w"":0.55469,""h"":0.69531}"
466,train/shadows/000466.png,128,"A cleaned target silhouette shows the shadow figure from a historical hand-shadow instruction plate. Infer the expert hand-and-arm ink arrangement that produced that shadow. Submit hand_ink_rle as a 128 by 128 binary mask RLE of the hand/arm drawing, hand_bbox_json as normalized x/y/w/h of the ink mask, and confidence in [0,1].",1476:1 1592:5 1605:1 1709:4 1714:13 1731:3 1839:9 1855:1 1861:1 1984:1 1990:1 2108:3 2113:1 2119:1 2348:5 2468:1 2472:9 2482:4 2595:20 2723:3 2733:1 2735:9 2851:1 2853:1 2871:1 2980:2 3403:1 3660:2 3789:1 3918:1 5426:2 6761:1 6888:2 9803:1 11373:1 11499:2 11627:1 12257:1 12385:1 12513:2 12641:3 12769:5 12897:4 13025:4 13153:4 13282:3 13411:3 13539:3 13668:2 13796:2 13924:2,"{""x"":0.27344,""y"":0.08594,""w"":0.58594,""h"":0.76562}"
467,train/shadows/000467.png,128,"A cleaned target silhouette shows the shadow figure from a historical hand-shadow instruction plate. Infer the expert hand-and-arm ink arrangement that produced that shadow. Submit hand_ink_rle as a 128 by 128 binary mask RLE of the hand/arm drawing, hand_bbox_json as normalized x/y/w/h of the ink mask, and confidence in [0,1].",2359:1 2486:1 2494:3 2498:2 2614:1 2619:13 2741:1 2745:2 2760:2 2867:2 2872:1 2875:1 2878:2 2995:1 3002:1 3004:2 3122:1 3143:1 3267:13 3281:1 3283:1 3394:14 3409:3 3522:1 3524:3 3528:3 3538:4 3666:3 3795:1 4144:1 4269:2 4396:1 4523:1 5957:1 7061:1 9904:1 10031:2 11409:1 11538:1 12187:1 12315:1 12442:2 12570:2 12696:4 12824:4 12952:1 12954:2 13081:3 13208:3 13335:3 13464:2 13591:2 13719:2,"{""x"":0.13281,""y"":0.14062,""w"":0.53906,""h"":0.70312}"
469,train/shadows/000469.png,128,"A cleaned target silhouette shows the shadow figure from a historical hand-shadow instruction plate. Infer the expert hand-and-arm ink arrangement that produced that shadow. Submit hand_ink_rle as a 128 by 128 binary mask RLE of the hand/arm drawing, hand_bbox_json as normalized x/y/w/h of the ink mask, and confidence in [0,1].",1991:4 2119:1 2121:1 2123:2 2247:1 2249:4 2375:1 2377:1 2379:3 2503:1 2505:1 2507:3 2631:3 2635:3 2759:1 2764:2 2887:1 3014:1 3142:2 3154:4 3269:3 3282:3 3286:3 3396:1 3398:1 3410:1 3413:2 3417:2 3524:1 3526:1 3540:9 3651:1 3653:1 3674:1 3676:1 3778:2 3803:2 3905:2 3908:1 3931:1 4032:2 4035:2 4159:2 4163:1 4187:2 4287:1 4291:1 4315:2 4413:2 4418:1 4444:2 4540:2 4544:1 4574:1 4667:1 4671:1 4701:2 4795:2 4830:2 4922:1 4958:2 5050:1 5086:2 5177:2 5213:3 5305:2 5342:2 5433:1 5464:1 5470:1 5561:1 5591:1 5597:2 5688:2 5719:1 5816:2 5846:2 5944:2 5974:1 6071:3 6102:1 6199:2 6228:1 6230:2 6321:1 6327:3 6355:5 6447:5 6455:2 6482:1 6485:4 6574:7 6583:3 6612:6 6700:2 6703:5 6709:5 6739:7 6824:3 6828:9 6838:2 6841:1 6866:5 6872:1 6950:2 6954:4 6959:1 6961:1 6963:7 6993:4 6999:1 7075:3 7079:4 7084:3 7088:1 7090:7 7119:6 7126:1 7200:3 7204:8 7214:1 7220:5 7245:4 7250:1 7252:1 7326:2 7330:8 7340:2 7348:4 7372:1 7374:1 7376:1 7392:2 7453:1 7455:2 7458:2 7461:2 7476:4 7497:4 7520:4 7580:3 7585:1 7605:2 7622:6 7649:5 7655:1 7704:6 7733:2 7748:7 7779:2 7782:3 7822:15 7862:1 7873:7 7882:2 7909:3 7913:2 7955:10 7991:1 7993:2 7999:8 8010:1 8038:1 8042:3 8085:4 8092:1 8115:17 8172:1 8220:1 8241:7 8249:10 8348:1 8360:15 8377:9 8476:1 8482:6 8489:10 8505:8 8603:7 8614:1 8616:3 8621:1 8633:7 8729:8 8742:1 8744:1 8761:6 8808:1 8855:2 8862:2 8870:2 8889:6 8931:1 8934:2 8977:6 8989:2 8998:2 9018:2 9021:2 9057:8 9126:2 9147:4 9185:8 9253:3 9275:2 9313:8 9380:4 9402:4 9441:1 9443:2 9446:3 9508:4 9530:2 9572:2 9575:1 9636:1 9639:1 9658:1 9767:1 9786:1 9788:1 9895:1 9916:2 9939:1 10024:1 10044:1 10046:1 10067:1 10152:1 10193:1 10280:1 10408:1 10536:1 10664:1 10696:2 10702:1 10792:1 10826:6 10837:3 10920:1 10957:1 10961:8 11048:1 11098:1 11107:1 11227:2 11243:1 11356:2 11370:1 11486:9 11496:2 11623:1 11673:1 11801:1 11929:1 12057:2 12186:1 12948:1 13076:1 13205:1 13334:2 13462:2 13589:3 13713:4,"{""x"":0.10938,""y"":0.11719,""w"":0.74219,""h"":0.72656}"
470,train/shadows/000470.png,128,"A cleaned target silhouette shows the shadow figure from a historical hand-shadow instruction plate. Infer the expert hand-and-arm ink arrangement that produced that shadow. Submit hand_ink_rle as a 128 by 128 binary mask RLE of the hand/arm drawing, hand_bbox_json as normalized x/y/w/h of the ink mask, and confidence in [0,1].",2494:2 2622:1 2750:1 3020:3 3147:3 3256:1 3384:1 3509:1 3511:2 3567:1 3569:1 3637:2 3681:1 3686:2 3692:3 3697:1 3765:1 3809:1 3813:4 3824:1 3893:1 3936:1 3941:1 3951:1 4020:1 4064:1 4148:1 4415:3 4542:5 4675:1 4794:7 4802:1 4923:1 4938:4 5050:5 5192:6 5449:2 6832:1 6959:2 7087:2 7215:2 7343:2 7470:3 7598:4 7608:1 7707:1 7725:2 7732:1 7735:1 7835:2 7860:1 7863:1 7964:1 7987:1 7991:2 8090:4 8118:2 8121:1 8216:3 8221:2 8247:1 8344:2 8375:1 8471:2 8503:1 8598:2 8630:1 8724:4 8757:2 8852:3 8885:1 8979:2 9013:1 9106:3 9140:2 9234:3 9268:2 9362:1 9395:2 9404:2 9523:1 9531:2 9650:2 9659:1 9778:1 9787:1 9905:2 9914:1 10032:2 10160:1 10288:1 10415:2,"{""x"":0.14062,""y"":0.14844,""w"":0.75,""h"":0.49219}"
471,train/shadows/000471.png,128,"A cleaned target silhouette shows the shadow figure from a historical hand-shadow instruction plate. Infer the expert hand-and-arm ink arrangement that produced that shadow. Submit hand_ink_rle as a 128 by 128 binary mask RLE of the hand/arm drawing, hand_bbox_json as normalized x/y/w/h of the ink mask, and confidence in [0,1].",2743:1 2870:2 3014:1 3141:1 3267:2 3375:2 3501:1 3503:2 3629:1 3631:1 3757:1 3815:3 3885:2 3931:1 3937:2 3946:2 4013:1 4058:1 4063:2 4073:2 4141:1 4186:1 4536:3 4663:1 4792:4 4914:1 4916:4 5042:2 5061:1 5170:5 5190:1 5316:2 5440:3 5696:4 6951:1 7079:2 7207:2 7335:2 7463:3 7590:3 7717:4 7724:1 7727:2 7826:1 7852:1 7855:1 7954:2 7979:1 7982:3 8083:1 8107:1 8109:4 8208:5 8237:1 8239:1 8336:1 8366:1 8463:1 8494:1 8590:2 8621:2 8716:3 8749:1 8843:4 8876:2 8970:3 9004:1 9097:2 9132:1 9224:3 9260:1 9353:1 9388:1 9481:1 9515:2 9643:1 9651:2 9770:2 9779:2 9897:2 9906:2 10025:2 10034:1 10152:2 10279:2 10407:2 10534:3 10662:1,"{""x"":0.0625,""y"":0.16406,""w"":0.78125,""h"":0.49219}"
472,train/shadows/000472.png,128,"A cleaned target silhouette shows the shadow figure from a historical hand-shadow instruction plate. Infer the expert hand-and-arm ink arrangement that produced that shadow. Submit hand_ink_rle as a 128 by 128 binary mask RLE of the hand/arm drawing, hand_bbox_json as normalized x/y/w/h of the ink mask, and confidence in [0,1].",2327:1 2455:3 2583:4 2711:1 2715:3 2839:3 2845:3 2968:3 2975:3 3097:3 3105:2 3226:3 3235:3 3355:3 3365:3 3485:3 3496:2 3602:2 3614:4 3624:1 3626:2 3635:1 3638:1 3730:5 3743:4 3756:2 3763:2 3767:1 3863:4 3873:4 3886:1 3891:3 3895:1 3995:3 4002:6 4019:3 4024:1 4127:4 4132:5 4143:1 4147:3 4152:1 4257:1 4259:2 4262:5 4273:6 4388:3 4392:4 4397:1 4402:5 4409:1 4519:7 4532:7 4650:5 4660:5 4666:1 4780:3 4792:2 4795:1 4911:1 4922:3 5040:3 5053:1 5170:4 5182:2 5302:2 5312:1 5432:1 5441:2 5571:2 5686:2 5700:2 5831:2 5958:4 6088:2 6210:1 6217:2 6323:2 6339:1 6347:2 6478:1 6607:1 6865:1 6994:1 6999:5 7126:1 7133:2 7136:2 7251:1 7254:1 7266:2 7381:1 7389:1 7396:1 7508:1 7518:2 7525:1 7636:1 7640:1 7648:3 7654:1 7723:1 7763:1 7767:5 7779:5 7850:4 7891:1 7895:4 7905:2 7909:5 7975:8 8021:4 8036:7 8100:5 8106:7 8148:3 8163:8 8226:13 8240:3 8274:1 8276:3 8288:2 8291:9 8351:10 8364:4 8369:2 8402:4 8414:2 8418:10 8475:4 8480:3 8495:3 8499:2 8530:2 8540:2 8545:4 8550:1 8552:4 8603:6 8624:6 8657:3 8667:2 8672:4 8677:1 8679:1 8682:2 8731:2 8756:3 8760:1 8784:3 8793:2 8800:4 8805:1 8808:1 8811:2 8885:1 8887:1 8890:2 8912:2 8919:3 8927:4 8932:1 8934:2 8937:1 8941:2 9016:3 9039:2 9046:3 9055:7 9064:1 9066:1 9071:2 9146:2 9167:1 9175:1 9182:4 9187:1 9190:2 9194:1 9196:1 9201:2 9294:1 9310:2 9315:1 9317:1 9321:4 9422:1 9450:1 9453:1 9455:1 9459:2 9579:2 9585:1 9709:2 9712:1 9714:1 9839:1 9842:1 10250:1 10385:1 10511:4 10639:3 10766:3 10894:2 11023:1 11717:1 11845:1 12102:1 12228:2 12355:1 12482:1 12609:1 12626:1 12756:1 13385:1 13512:1 13640:1 13768:1 14146:1 14274:1,"{""x"":0.07812,""y"":0.14062,""w"":0.83594,""h"":0.73438}"
473,train/shadows/000473.png,128,"A cleaned target silhouette shows the shadow figure from a historical hand-shadow instruction plate. Infer the expert hand-and-arm ink arrangement that produced that shadow. Submit hand_ink_rle as a 128 by 128 binary mask RLE of the hand/arm drawing, hand_bbox_json as normalized x/y/w/h of the ink mask, and confidence in [0,1].",2025:2 2152:4 2280:4 2408:4 2413:1 2538:3 2666:4 2794:5 2923:2 2926:2 3052:1 3054:3 3183:3 3312:3 3441:2 3569:2 4162:2 4290:4 4419:3 4495:1 4548:1 4555:1 4622:4 4681:4 4750:4 4810:3 4814:2 4878:1 4880:4 4938:3 4942:4 5008:5 5067:1 5070:5 5136:6 5201:4 5264:2 5267:3 5331:1 5333:3 5392:1 5397:1 5461:3 5590:3 5719:1 9286:2 9311:6 9319:1 9413:3 9432:18 9540:3 9558:22 9667:3 9682:26 9792:13 9806:17 9830:2 9918:27 10045:25 10170:11 10182:8 10191:4 10295:10 10421:8 10548:8 10676:5 10803:4 10929:5 11056:5 11184:4 11311:5 11436:1 11438:5 11563:7 11691:6 11820:4 11939:3 11946:6 12067:4 12072:6 12195:3 12199:7 12328:4 12454:5 12582:4 12709:5 12836:4 12955:2 12963:5 13082:4 13090:5 13210:4 13217:5 13338:12 13467:10 13595:9 13725:6 13856:1,"{""x"":0.10938,""y"":0.11719,""w"":0.78906,""h"":0.73438}"
474,train/shadows/000474.png,128,"A cleaned target silhouette shows the shadow figure from a historical hand-shadow instruction plate. Infer the expert hand-and-arm ink arrangement that produced that shadow. Submit hand_ink_rle as a 128 by 128 binary mask RLE of the hand/arm drawing, hand_bbox_json as normalized x/y/w/h of the ink mask, and confidence in [0,1].",3475:4 3601:1 3604:3 3724:4 3729:1 3733:1 3736:1 3851:1 3855:4 3865:2 3979:1 3983:4 3994:2 4108:1 4113:4 4123:2 4242:4 4248:1 4252:3 4366:1 4371:5 4380:1 4382:2 4495:1 4500:5 4509:1 4512:3 4628:1 4630:5 4639:3 4643:2 4707:1 4749:1 4752:2 4759:5 4769:5 4835:4 4877:1 4880:4 4889:4 4896:3 4901:1 4903:2 4964:6 5006:1 5010:3 5019:5 5026:1 5028:6 5099:1 5101:1 5103:1 5134:1 5139:3 5149:4 5157:1 5159:5 5213:1 5221:1 5231:1 5263:1 5267:4 5278:4 5287:7 5332:1 5341:9 5351:2 5354:1 5357:3 5392:1 5396:4 5405:1 5407:4 5416:3 5420:5 5464:2 5467:12 5481:6 5525:4 5533:4 5538:3 5549:6 5592:23 5649:1 5655:4 5660:1 5663:1 5667:3 5681:3 5717:1 5720:5 5727:2 5730:1 5733:1 5736:11 5779:1 5785:3 5794:1 5796:5 5807:1 5810:2 5848:2 5856:1 5865:1 5868:9 5913:3 5924:1 5926:2 5966:1 5976:1 5984:1 5993:1 6000:1 6004:1 6033:3 6037:1 6041:6 6054:1 6077:2 6094:1 6104:1 6112:4 6121:2 6125:2 6128:1 6131:1 6161:6 6171:4 6176:1 6205:2 6223:1 6238:3 6242:17 6289:1 6292:4 6300:7 6333:1 6363:4 6373:2 6377:3 6386:1 6418:1 6421:4 6430:6 6490:3 6504:1 6514:1 6549:3 6553:1 6560:4 6588:2 6606:1 6619:1 6627:1 6633:2 6641:2 6675:1 6678:5 6690:1 6716:2 6734:3 6754:15 6804:1 6806:6 6844:1 6863:1 6879:12 6932:1 6936:4 6959:1 6972:1 6991:3 7005:9 7015:2 7061:1 7067:2 7087:1 7120:2 7133:4 7138:1 7144:1 7146:1 7149:1 7190:1 7195:4 7200:1 7210:1 7215:1 7247:3 7261:2 7273:4 7319:1 7324:4 7356:1 7389:1 7399:1 7448:1 7454:3 7484:1 7509:1 7517:1 7521:2 7524:1 7578:1 7582:2 7611:2 7630:1 7634:1 7637:1 7645:1 7647:2 7707:1 7711:2 7739:1 7763:1 7773:2 7849:1 7867:1 7886:1 7964:1 7977:1 7995:1 8029:1 8093:1 8104:1 8123:1 8151:1 8156:1 8223:2 8280:1 8283:1 8352:1 8378:1 8409:2 8481:1 8506:1 8537:1 8610:2 8634:1 8663:2 8739:2 8790:2 8869:1 8889:1 8917:2 8928:1 9044:2 9056:1 9127:2 9144:1 9172:2 9185:1 9256:2 9271:1 9299:2 9313:1 9385:2 9399:1 9443:1 9514:1 9526:2 9553:1 9572:1 9680:2 9700:1 9808:1 9828:1 9956:1 10023:3 10083:2 10150:1 10278:1 10968:3 11098:2 11226:3 11350:1 11356:1 11478:1 11607:2 11610:1 12240:1 12368:2,"{""x"":0.08594,""y"":0.21094,""w"":0.82812,""h"":0.54688}"
476,train/shadows/000476.png,128,"A cleaned target silhouette shows the shadow figure from a historical hand-shadow instruction plate. Infer the expert hand-and-arm ink arrangement that produced that shadow. Submit hand_ink_rle as a 128 by 128 binary mask RLE of the hand/arm drawing, hand_bbox_json as normalized x/y/w/h of the ink mask, and confidence in [0,1].",3884:2 4007:3 4015:2 4131:3 4146:2 4277:2 4406:1 4535:1 4641:2 4644:2 4650:2 4665:3 4767:1 4782:2 4796:1 4914:2 4925:2 5044:3 5183:1 5305:2 5312:1 5435:1 5441:1 5570:1 5682:4 5699:1 5814:1 5821:1 5828:1 5957:1 6086:1 6215:1 6344:1 6473:1 6572:6 6694:4 6708:1 6837:1 6858:1 6986:1 7115:1 7191:1 7244:2 7319:1 7333:1 7374:1 7447:2 7503:1 7514:4 7574:1 7632:1 7638:2 7644:5 7700:2 7761:2 7765:1 7767:4 7774:1 7777:1 7827:1 7891:3 7905:1 7954:2 7961:1 8019:3 8032:1 8146:4 8274:3 8288:12 8402:3 8416:5 8422:5 8428:2 8529:4 8544:5 8559:1 8657:3 8672:7 8785:3 8799:3 8805:1 8810:9 8913:2 8927:3 8934:1 8944:5 9040:3 9055:1 9063:2 9073:4 9148:1 9168:2 9183:1 9193:1 9275:3 9295:3 9322:1 9404:5 9410:1 9423:3 9451:1 9533:9 9549:3 9566:1 9580:1 9662:8 9677:2 9693:1 9696:1 9708:1 9793:5 9804:3 9820:1 9824:1 9826:1 9837:1 9881:1 9923:5 9931:3 9948:1 9951:1 9954:1 9966:1 10009:6 10051:11 10076:1 10082:1 10095:1 10138:8 10180:10 10203:1 10206:1 10274:14 10289:1 10309:9 10331:3 10404:14 10437:9 10459:2 10466:2 10532:14 10565:9 10586:1 10594:2 10610:1 10658:1 10663:11 10692:1 10694:5 10700:1 10713:1 10723:1 10780:4 10786:1 10791:1 10795:7 10803:1 10820:7 10828:1 10850:3 10913:1 10915:4 10926:7 10951:5 10979:2 11042:4 11059:5 11079:1 11081:3 11107:2 11172:1 11190:3 11207:1 11209:2 11227:1 11236:2 11299:1 11318:3 11338:1 11364:2 11466:1 11493:2 11621:2 11751:1 13020:1 13148:2,"{""x"":0.14062,""y"":0.23438,""w"":0.77344,""h"":0.57031}"
477,train/shadows/000477.png,128,"A cleaned target silhouette shows the shadow figure from a historical hand-shadow instruction plate. Infer the expert hand-and-arm ink arrangement that produced that shadow. Submit hand_ink_rle as a 128 by 128 binary mask RLE of the hand/arm drawing, hand_bbox_json as normalized x/y/w/h of the ink mask, and confidence in [0,1].",3818:1 3945:2 3949:1 3951:3 4071:1 4077:7 4198:2 4205:3 4211:1 4324:3 4332:2 4338:1 4450:6 4458:3 4576:4 4584:1 4586:2 4593:1 4702:5 4708:1 4712:3 4830:3 4838:4 4846:2 4849:1 4956:6 4964:6 4973:2 5083:1 5087:1 5089:7 5100:2 5105:1 5208:5 5217:5 5226:3 5232:1 5285:1 5335:4 5340:1 5344:4 5354:2 5409:5 5461:3 5465:1 5470:6 5481:3 5539:1 5586:4 5598:5 5604:1 5608:2 5611:1 5614:1 5659:5 5668:1 5675:1 5714:3 5726:1 5728:1 5730:1 5735:5 5742:1 5787:1 5794:2 5797:1 5841:3 5851:4 5862:4 5869:1 5916:2 5919:1 5921:16 5938:1 5969:1 5979:3 5988:6 5996:4 6045:22 6105:1 6109:1 6114:7 6123:2 6126:2 6172:6 6184:1 6187:6 6201:1 6216:1 6237:1 6240:5 6246:1 6251:1 6253:1 6296:10 6313:1 6316:1 6319:2 6329:1 6344:1 6367:6 6378:2 6382:1 6433:1 6441:1 6448:1 6472:1 6496:1 6506:2 6552:1 6561:9 6575:1 6584:1 6624:1 6633:2 6681:9 6692:4 6697:3 6701:2 6728:1 6758:5 6764:1 6809:1 6827:4 6841:1 6856:1 6868:1 6885:5 6891:1 6937:1 6945:1 6958:1 6967:3 6984:2 7010:1 7012:4 7066:1 7071:9 7096:2 7113:1 7138:5 7146:1 7197:4 7202:7 7222:3 7241:1 7252:1 7257:1 7267:3 7274:1 7325:1 7329:2 7335:5 7341:1 7351:1 7370:1 7386:1 7401:1 7453:1 7457:1 7463:1 7465:4 7479:1 7498:1 7583:2 7588:2 7592:1 7596:2 7607:1 7626:2 7654:1 7718:2 7737:2 7755:1 7771:1 7780:2 7849:1 7862:1 7864:1 7866:2 7883:1 7907:2 7979:1 7989:1 8011:1 8035:1 8108:2 8161:2 8238:1 8242:1 8288:1 8367:1 8369:1 8415:1 8496:2 8524:1 8625:1 8652:1 8669:2 8754:1 8781:1 8796:2 8882:2 8900:1 8924:2 9002:1 9011:2 9039:1 9051:1 9131:1 9141:2 9168:1 9258:2 9270:2 9296:1 9386:1 9400:1 9512:1 9528:2 9564:1 9656:2 9694:1 9822:1 9925:1 10024:1 10053:1 10674:3 10801:2 10927:3 11055:2 11061:1 11188:2 11316:1 11834:1 11962:1,"{""x"":0.1875,""y"":0.22656,""w"":0.71875,""h"":0.50781}"
